horizon,model,framing,scheme,blend_w,params,cv_MAE,test_MAE,test_RMSE,test_MAPE,test2024_MAE,test2024_RMSE,test2024_MAPE,test2025_MAE,test2025_RMSE,test2025_MAPE,frozen_test_MAE
1,Baseline: persistence,-,-,-,-,,55.16923076923077,70.05272739433215,13.33130862650872,45.714285714285715,55.39932954725819,12.776153145415108,66.2,83.97658403785347,13.978990021117935,
1,Baseline: seasonal naive,-,-,-,-,,85.26153846153846,107.32094211003096,20.060147087558647,113.6,132.54131431368862,27.960999611152165,52.2,66.78422967537571,10.84248581003287,
1,Baseline: seasonal + drift,-,-,-,-,,70.98076795743029,91.96756913430625,16.65911697090404,78.56995393320099,101.88308448943758,19.737344096051366,62.12671765236448,78.838758136022,13.0678519915655,
1,Baseline: 4-week rolling mean,-,-,-,-,,80.8,100.12739001276938,20.29685954618564,63.2,79.50103323677175,18.198606471749144,101.33333333333333,119.78350262035252,22.744821466361554,
1,XGBoost,level,expand,0.0,"{""max_depth"": 2, ""n_estimators"": 300, ""learning_rate"": 0.05, ""subsample"": 0.8, ""colsample_bytree"": 0.8, ""min_child_weight"": 3, ""reg_lambda"": 3.0}",51.986548055013024,57.53377450796274,75.38517104740862,13.924170371770739,49.7769291469029,67.03502350050499,13.409625879584475,66.58342742919922,84.08542437111096,14.524472279321376,112.82148672250601
1,XGBoost,level,expand,0.25,"{""max_depth"": 2, ""n_estimators"": 300, ""learning_rate"": 0.05, ""subsample"": 0.8, ""colsample_bytree"": 0.8, ""min_child_weight"": 3, ""reg_lambda"": 3.0}",66.49221303304036,55.73753051757812,73.30818041535707,13.249335412832778,54.96284397670201,72.60907434944369,14.000232830711937,56.64133148193359,74.11547000048388,12.373288425307098,99.51707212007963
1,XGBoost,level,expand,0.5,"{""max_depth"": 2, ""n_estimators"": 300, ""learning_rate"": 0.05, ""subsample"": 0.8, ""colsample_bytree"": 0.8, ""min_child_weight"": 3, ""reg_lambda"": 3.0}",90.97203338623046,60.52944148137019,79.01659057792092,14.205386418689436,69.33330405099052,87.80920591100663,17.092738344308408,50.25826848347982,67.32246297511357,10.836809172133972,90.56441626915564
1,XGBoost,level,decay,0.0,"{""max_depth"": 3, ""n_estimators"": 300, ""learning_rate"": 0.05, ""subsample"": 0.8, ""colsample_bytree"": 0.8, ""min_child_weight"": 3, ""reg_lambda"": 3.0}",47.655929768880206,54.868475576547475,73.7781606546804,13.179576287718659,51.39207720075335,68.19301884031508,13.640124415994586,58.92427368164063,79.8016354623062,12.642270138063408,119.34916487473708
1,XGBoost,level,decay,0.25,"{""max_depth"": 3, ""n_estimators"": 300, ""learning_rate"": 0.05, ""subsample"": 0.8, ""colsample_bytree"": 0.8, ""min_child_weight"": 3, ""reg_lambda"": 3.0}",64.31356699625651,53.846133422851565,72.09053446983347,12.726280259026304,55.38892953055245,72.41731676002543,14.034450148633004,52.04620463053386,71.70740630605299,11.200082054485154,103.32333855262169
1,XGBoost,level,decay,0.5,"{""max_depth"": 3, ""n_estimators"": 300, ""learning_rate"": 0.05, ""subsample"": 0.8, ""colsample_bytree"": 0.8, ""min_child_weight"": 3, ""reg_lambda"": 3.0}",89.68305216471354,58.60506697434646,78.27781301866017,13.730336220133118,67.54675576346261,87.14975877066098,16.67116719270184,48.17309672037761,66.44652607712133,10.299366752136278,92.065273637038
1,XGBoost,level,window,0.0,"{""max_depth"": 2, ""n_estimators"": 300, ""learning_rate"": 0.05, ""subsample"": 0.8, ""colsample_bytree"": 0.8, ""min_child_weight"": 3, ""reg_lambda"": 3.0}",53.352105712890626,56.4221933218149,71.67179258359079,13.102047599679162,55.8707528250558,70.55754189588656,14.491536510314113,57.06554056803385,72.95024451542282,11.480977203938386,107.31772108811599
1,XGBoost,level,window,0.25,"{""max_depth"": 2, ""n_estimators"": 300, ""learning_rate"": 0.05, ""subsample"": 0.8, ""colsample_bytree"": 0.8, ""min_child_weight"": 3, ""reg_lambda"": 3.0}",68.35922302246094,54.16017033503606,71.16597136123029,12.399870909815503,58.70610482352121,74.68854918829813,14.618656991306414,48.856580098470054,66.82200932111496,9.81128714807611,95.97224391056942
1,XGBoost,level,window,0.5,"{""max_depth"": 2, ""n_estimators"": 300, ""learning_rate"": 0.05, ""subsample"": 0.8, ""colsample_bytree"": 0.8, ""min_child_weight"": 3, ""reg_lambda"": 3.0}",92.42743713378906,58.27524061936599,78.128107731459,13.39145524752131,69.76087515694755,88.74976924503883,17.066328914497177,44.87533365885417,63.52999953138479,9.104102636049461,88.0119611299955
1,XGBoost,logratio,expand,0.0,"{""max_depth"": 3, ""n_estimators"": 300, ""learning_rate"": 0.05, ""subsample"": 0.8, ""colsample_bytree"": 0.8, ""min_child_weight"": 3, ""reg_lambda"": 3.0}",60.61923262039821,64.03574777107973,81.42195933777651,15.348083192728451,49.87863186938422,63.59254599329874,14.048890256144245,80.55238298972448,98.2139481522051,16.86380828541002,74.55379480582017
1,XGBoost,logratio,expand,0.25,"{""max_depth"": 3, ""n_estimators"": 300, ""learning_rate"": 0.05, ""subsample"": 0.8, ""colsample_bytree"": 0.8, ""min_child_weight"": 3, ""reg_lambda"": 3.0}",72.2133939264218,59.17187422674436,75.20796502728588,14.033619606010166,54.778377356273786,70.49518611618036,14.33206622073103,64.2976205756267,80.35763310269759,13.685431888835833,69.87568195920724
1,XGBoost,logratio,expand,0.5,"{""max_depth"": 2, ""n_estimators"": 300, ""learning_rate"": 0.05, ""subsample"": 0.8, ""colsample_bytree"": 0.8, ""min_child_weight"": 3, ""reg_lambda"": 3.0}",92.78416227976481,62.16170329955908,77.91470348336043,14.821151017715323,71.28810185790061,86.18237587973813,18.07970180793916,51.51423831482728,66.99166597391599,11.019508429120851,70.47750809742854
1,XGBoost,logratio,decay,0.0,"{""max_depth"": 3, ""n_estimators"": 300, ""learning_rate"": 0.03, ""subsample"": 0.8, ""colsample_bytree"": 0.8, ""min_child_weight"": 3, ""reg_lambda"": 3.0}",50.14812754869461,57.15979733558802,72.93721085927092,13.798161135088687,46.18922257423401,57.455682286684,12.864452668024335,69.95880122383436,87.60687708344985,14.887487679997108,57.17490217135503
1,XGBoost,logratio,decay,0.25,"{""max_depth"": 3, ""n_estimators"": 300, ""learning_rate"": 0.03, ""subsample"": 0.8, ""colsample_bytree"": 0.8, ""min_child_weight"": 3, ""reg_lambda"": 3.0}",62.86562304635842,53.48798575424231,69.03322904384926,12.984392714028917,50.21845847112792,64.44654258637037,13.526562556339474,57.3024342512091,74.02604192614612,12.351861231333265,56.38949911915339
1,XGBoost,logratio,decay,0.5,"{""max_depth"": 3, ""n_estimators"": 300, ""learning_rate"": 0.03, ""subsample"": 0.8, ""colsample_bytree"": 0.8, ""min_child_weight"": 3, ""reg_lambda"": 3.0}",85.96825207352639,57.99430186702655,74.92548312530234,13.948954249852715,67.38610200200762,82.55360736072215,17.167020024809116,47.03720170954863,64.90259068070344,10.194544179070244,61.517470584465904
1,XGBoost,logratio,window,0.0,"{""max_depth"": 3, ""n_estimators"": 300, ""learning_rate"": 0.05, ""subsample"": 0.8, ""colsample_bytree"": 0.8, ""min_child_weight"": 3, ""reg_lambda"": 3.0}",58.11269197622935,58.275110636307645,72.79977246462498,13.60717133899533,46.26465527500425,55.812313518291226,12.568438558158046,72.28730855782827,88.59306682792862,14.819026249972152,52.73044246526865
1,XGBoost,logratio,window,0.25,"{""max_depth"": 3, ""n_estimators"": 300, ""learning_rate"": 0.05, ""subsample"": 0.8, ""colsample_bytree"": 0.8, ""min_child_weight"": 3, ""reg_lambda"": 3.0}",72.13350457429885,53.31442500375784,68.33112220420375,12.658714834617635,48.16816845238209,61.868436764645374,12.933681235943823,59.31839098036289,75.17194193758876,12.337920699737088,53.016981607217055
1,XGBoost,logratio,window,0.5,"{""max_depth"": 3, ""n_estimators"": 300, ""learning_rate"": 0.05, ""subsample"": 0.8, ""colsample_bytree"": 0.8, ""min_child_weight"": 3, ""reg_lambda"": 3.0}",94.99115284522374,57.65379701256752,74.12995581653404,13.727856819960579,65.57649938123566,80.46094779541119,16.775190435177738,48.41064424912135,65.98043359050415,10.172634268873889,61.15850896560229
1,XGBoost,ratio_ly,expand,0.0,"{""max_depth"": 2, ""n_estimators"": 300, ""learning_rate"": 0.05, ""subsample"": 0.8, ""colsample_bytree"": 0.8, ""min_child_weight"": 3, ""reg_lambda"": 3.0}",250.02857175588608,73.74093542374098,90.15498547073993,17.398521326610766,52.09947265386582,66.59077862778213,14.414806976909238,98.989308655262,111.52178836457718,20.879521401262537,86.3284046805822
1,XGBoost,ratio_ly,expand,0.25,"{""max_depth"": 2, ""n_estimators"": 300, ""learning_rate"": 0.05, ""subsample"": 0.8, ""colsample_bytree"": 0.8, ""min_child_weight"": 3, ""reg_lambda"": 3.0}",191.4432988291979,69.04172685352655,84.3414644100426,16.27006717990426,60.417396081771166,77.70387477209674,15.491182891934915,79.10344608724117,91.47862132998837,17.178765515868495,82.51949132749668
1,XGBoost,ratio_ly,expand,0.5,"{""max_depth"": 2, ""n_estimators"": 300, ""learning_rate"": 0.05, ""subsample"": 0.8, ""colsample_bytree"": 0.8, ""min_child_weight"": 3, ""reg_lambda"": 3.0}",134.74219921946525,69.602698551233,85.6756298978308,16.55765345997322,74.75003186719758,93.60140832453563,18.61198538688212,63.59747634927432,75.38292332785095,14.1609328785795,80.30321493194653
1,XGBoost,ratio_ly,decay,0.0,"{""max_depth"": 3, ""n_estimators"": 300, ""learning_rate"": 0.03, ""subsample"": 0.8, ""colsample_bytree"": 0.8, ""min_child_weight"": 3, ""reg_lambda"": 3.0}",291.8905020582676,72.46650307912093,90.4132827975351,16.959036501065093,49.8292135987963,66.90040531664478,13.703714752299556,98.87667413949967,111.75840949732617,20.75691187462488,76.84229019330098
1,XGBoost,ratio_ly,decay,0.25,"{""max_depth"": 3, ""n_estimators"": 300, ""learning_rate"": 0.03, ""subsample"": 0.8, ""colsample_bytree"": 0.8, ""min_child_weight"": 3, ""reg_lambda"": 3.0}",222.5828765437007,67.05542778831261,83.82525458074008,15.659043890384611,57.15786163466317,76.68766509945358,14.45762474391733,78.60258830090363,91.45104986001604,17.0606995612631,75.69206301088516
1,XGBoost,ratio_ly,decay,0.5,"{""max_depth"": 3, ""n_estimators"": 300, ""learning_rate"": 0.03, ""subsample"": 0.8, ""colsample_bytree"": 0.8, ""min_child_weight"": 3, ""reg_lambda"": 3.0}",154.63780857384205,67.24265993099947,84.86016531222656,15.82222174746699,71.39126819201879,92.36538956110992,17.430278565431472,62.40261695981026,75.16278247600374,13.946155459841766,76.46637382278075
1,XGBoost,ratio_ly,window,0.0,"{""max_depth"": 2, ""n_estimators"": 300, ""learning_rate"": 0.05, ""subsample"": 0.8, ""colsample_bytree"": 0.8, ""min_child_weight"": 3, ""reg_lambda"": 3.0}",250.02857175588608,68.60862850684386,86.82534835891893,15.982681728489895,51.69556404692786,67.10678397514702,14.104734054773818,88.34053704341252,105.26085956724354,18.17362068115865,86.3284046805822
1,XGBoost,ratio_ly,window,0.25,"{""max_depth"": 2, ""n_estimators"": 300, ""learning_rate"": 0.05, ""subsample"": 0.8, ""colsample_bytree"": 0.8, ""min_child_weight"": 3, ""reg_lambda"": 3.0}",191.4432988291979,67.16838891070623,83.07276892953047,15.617599788825224,61.21836646922997,78.57796669879605,15.618432597719812,74.1100817590952,88.02710400347291,15.616628178448213,82.51949132749668
1,XGBoost,ratio_ly,window,0.5,"{""max_depth"": 2, ""n_estimators"": 300, ""learning_rate"": 0.05, ""subsample"": 0.8, ""colsample_bytree"": 0.8, ""min_child_weight"": 3, ""reg_lambda"": 3.0}",134.74219921946525,69.0405761714165,85.7423862153321,16.304831740472597,76.2399384030274,94.38680472544495,18.99306938212187,60.641320234537126,74.39842737667502,13.168554491881782,80.30321493194653
1,XGBoost,ratio_blend,expand,0.0,"{""max_depth"": 2, ""n_estimators"": 300, ""learning_rate"": 0.03, ""subsample"": 0.8, ""colsample_bytree"": 0.8, ""min_child_weight"": 3, ""reg_lambda"": 3.0}",126.20746967062182,51.960670415679694,65.74884287554676,12.403412510438748,38.873368086687684,50.882904947366335,10.666568314250842,67.22918979950371,79.66005303995883,14.429730739324636,55.822953912601314
1,XGBoost,ratio_blend,expand,0.25,"{""max_depth"": 2, ""n_estimators"": 300, ""learning_rate"": 0.03, ""subsample"": 0.8, ""colsample_bytree"": 0.8, ""min_child_weight"": 3, ""reg_lambda"": 3.0}",98.28305270051823,52.86930681272097,66.89411021748631,12.492781495446213,49.564308564659136,64.82263204925728,12.588767005475098,56.72513810212645,69.23254338664962,12.380798400412509,60.25654307120272
1,XGBoost,ratio_blend,expand,0.5,"{""max_depth"": 2, ""n_estimators"": 300, ""learning_rate"": 0.03, ""subsample"": 0.8, ""colsample_bytree"": 0.8, ""min_child_weight"": 3, ""reg_lambda"": 3.0}",76.19913752253989,59.81499037503912,75.66111886924737,14.170990997505612,68.54103165255651,85.06446472989276,16.957198552232374,49.63460888460216,62.93928515193663,10.920415516991053,66.84587038698598
1,XGBoost,ratio_blend,decay,0.0,"{""max_depth"": 3, ""n_estimators"": 300, ""learning_rate"": 0.05, ""subsample"": 0.8, ""colsample_bytree"": 0.8, ""min_child_weight"": 3, ""reg_lambda"": 3.0}",133.02875665066733,56.33878527132414,72.18789552415583,13.591625290948189,42.12989057889444,55.08222175874286,11.594210915117797,72.91582907915881,88.03961353232648,15.921942062750308,53.37736225447152
1,XGBoost,ratio_blend,decay,0.25,"{""max_depth"": 3, ""n_estimators"": 300, ""learning_rate"": 0.05, ""subsample"": 0.8, ""colsample_bytree"": 0.8, ""min_child_weight"": 3, ""reg_lambda"": 3.0}",103.21891800103016,55.25326668014607,71.14141565763043,13.133124791088338,50.09756508510721,66.92340495518967,12.786926610285878,61.26825187435807,75.7662175900959,13.537022668691206,57.16263465747181
1,XGBoost,ratio_blend,decay,0.5,"{""max_depth"": 2, ""n_estimators"": 300, ""learning_rate"": 0.03, ""subsample"": 0.8, ""colsample_bytree"": 0.8, ""min_child_weight"": 3, ""reg_lambda"": 3.0}",78.48831988647629,60.13472055971517,76.16456127796233,14.290990387973293,68.60208163118203,85.69025269526153,17.054017341421254,50.25613264300387,63.26371956842484,11.067458942284006,64.22457198742154
1,XGBoost,ratio_blend,window,0.0,"{""max_depth"": 2, ""n_estimators"": 300, ""learning_rate"": 0.03, ""subsample"": 0.8, ""colsample_bytree"": 0.8, ""min_child_weight"": 3, ""reg_lambda"": 3.0}",126.20746967062182,50.68398490471835,65.74265088512541,12.070358657082725,39.01733315283797,51.705293462807695,10.599424933594968,64.29507861524546,79.02867442234685,13.786448001151768,55.822953912601314
1,XGBoost,ratio_blend,window,0.25,"{""max_depth"": 2, ""n_estimators"": 300, ""learning_rate"": 0.03, ""subsample"": 0.8, ""colsample_bytree"": 0.8, ""min_child_weight"": 3, ""reg_lambda"": 3.0}",98.28305270051823,52.935878459053825,67.35971472124265,12.586011852134988,50.79136561074505,65.40707569710975,13.055232109073838,55.43781011541406,69.56855889039893,12.038588219039664,60.25654307120272
1,XGBoost,ratio_blend,window,0.5,"{""max_depth"": 2, ""n_estimators"": 300, ""learning_rate"": 0.03, ""subsample"": 0.8, ""colsample_bytree"": 0.8, ""min_child_weight"": 3, ""reg_lambda"": 3.0}",76.19913752253989,60.224546119282905,76.2125815485778,14.337346509092214,69.5063222419983,85.41230619154982,17.38859525830653,49.39580730944825,63.82503986050283,10.777556301675514,66.84587038698598
1,LightGBM,level,expand,0.0,"{""max_depth"": 3, ""n_estimators"": 300, ""learning_rate"": 0.03, ""num_leaves"": 7, ""min_child_samples"": 10, ""subsample"": 0.8, ""colsample_bytree"": 0.8}",50.958795696628734,59.173863553426656,79.17308487565201,13.778608946007894,53.48309184544737,74.2419300014052,13.543289497361123,65.81309721273583,84.56344423086404,14.053148302762464,120.39835591546074
1,LightGBM,level,expand,0.25,"{""max_depth"": 3, ""n_estimators"": 300, ""learning_rate"": 0.03, ""num_leaves"": 7, ""min_child_samples"": 10, ""subsample"": 0.8, ""colsample_bytree"": 0.8}",64.57456010465633,57.2681579481914,76.84552467950337,13.073036136952275,57.57684569370075,78.58089439547753,13.855234379627198,56.90802224509717,74.77003842285778,12.1604715204982,104.42441157010705
1,LightGBM,level,expand,0.5,"{""max_depth"": 3, ""n_estimators"": 300, ""learning_rate"": 0.03, ""num_leaves"": 7, ""min_child_samples"": 10, ""subsample"": 0.8, ""colsample_bytree"": 0.8}",89.62166175549157,61.72199763396043,81.6032370838195,14.16304832706964,71.27017014556108,91.6799352829768,17.118530737228074,50.58246303709301,67.98489317343352,10.714985515218139,93.25493581566185
1,LightGBM,level,decay,0.0,"{""max_depth"": 2, ""n_estimators"": 300, ""learning_rate"": 0.05, ""num_leaves"": 7, ""min_child_samples"": 10, ""subsample"": 0.8, ""colsample_bytree"": 0.8}",50.3708730618874,56.58136675179162,72.50806818095349,13.220949989816717,52.41091061691013,67.68142776809701,13.56010880342025,61.44689890915336,77.76141900523085,12.825264707279254,109.83527639172785
1,LightGBM,level,decay,0.25,"{""max_depth"": 2, ""n_estimators"": 300, ""learning_rate"": 0.05, ""num_leaves"": 7, ""min_child_samples"": 10, ""subsample"": 0.8, ""colsample_bytree"": 0.8}",63.869833958179704,54.03215500123091,71.41388134122346,12.50363365659145,55.11006436774278,73.29694082716004,13.731837147864967,52.77459407363369,69.1522005970611,11.070729583439011,96.9252848143696
1,LightGBM,level,decay,0.5,"{""max_depth"": 2, ""n_estimators"": 300, ""learning_rate"": 0.05, ""num_leaves"": 7, ""min_child_samples"": 10, ""subsample"": 0.8, ""colsample_bytree"": 0.8}",89.68311778231858,58.579055290350205,78.04385983442255,13.632978804679336,69.53562634906929,88.32176523256427,17.01035202852855,45.79638905517797,63.999782884451385,9.69271004352192,88.30663485938473
1,LightGBM,level,window,0.0,"{""max_depth"": 3, ""n_estimators"": 300, ""learning_rate"": 0.05, ""num_leaves"": 7, ""min_child_samples"": 10, ""subsample"": 0.8, ""colsample_bytree"": 0.8}",51.74060113050808,53.38658697983218,68.76690383751269,12.80748597229781,44.24179804513322,60.86452266317775,11.851948069409483,64.05550740364764,76.96763496329156,13.922280192334188,108.23879767785115
1,LightGBM,level,window,0.25,"{""max_depth"": 3, ""n_estimators"": 300, ""learning_rate"": 0.03, ""num_leaves"": 7, ""min_child_samples"": 10, ""subsample"": 0.8, ""colsample_bytree"": 0.8}",65.35000086837302,53.12820929797681,69.8501994666311,12.294701736278004,52.285289176849375,71.44264235711985,12.81964266995747,54.1116161059588,67.94519448680022,11.682270646985291,96.82742233427825
1,LightGBM,level,window,0.5,"{""max_depth"": 3, ""n_estimators"": 300, ""learning_rate"": 0.03, ""num_leaves"": 7, ""min_child_samples"": 10, ""subsample"": 0.8, ""colsample_bytree"": 0.8}",90.37810495527333,58.426241861243334,77.26849757799154,13.511668856929186,68.21342075301659,87.24687046754562,16.473449613344663,47.00786648750788,63.68065442609753,10.056257974444463,88.18078569336924
1,LightGBM,logratio,expand,0.0,"{""max_depth"": 3, ""n_estimators"": 300, ""learning_rate"": 0.05, ""num_leaves"": 7, ""min_child_samples"": 10, ""subsample"": 0.8, ""colsample_bytree"": 0.8}",53.35706870347463,64.7318433523133,83.081839006714,15.17880952255775,45.42477989381495,57.15463463604633,12.727242589754217,87.25675072056141,105.56761642262622,18.03897094416188,68.90009122787778
1,LightGBM,logratio,expand,0.25,"{""max_depth"": 3, ""n_estimators"": 300, ""learning_rate"": 0.05, ""num_leaves"": 7, ""min_child_samples"": 10, ""subsample"": 0.8, ""colsample_bytree"": 0.8}",65.4530437085853,59.88890631728573,75.60974996593482,13.97811185221057,51.71207818552182,66.25520856622121,13.467570937593038,69.42853913767695,85.23553360519217,14.573742919264351,66.02238995353238
1,LightGBM,logratio,expand,0.5,"{""max_depth"": 3, ""n_estimators"": 300, ""learning_rate"": 0.05, ""num_leaves"": 7, ""min_child_samples"": 10, ""subsample"": 0.8, ""colsample_bytree"": 0.8}",88.51513449242407,62.83242196240887,78.04345265775711,14.797708648157249,70.69359712500521,84.5431492553634,17.699247407062227,53.66105093937982,69.69856279432155,11.412580096101447,68.56188499275368
1,LightGBM,logratio,decay,0.0,"{""max_depth"": 3, ""n_estimators"": 300, ""learning_rate"": 0.05, ""num_leaves"": 7, ""min_child_samples"": 10, ""subsample"": 0.8, ""colsample_bytree"": 0.8}",43.86089119910749,61.997367214424735,79.62193129506625,14.561674351650689,50.690713704827175,62.09013245147684,13.684243649838171,75.1884629756219,96.11554108306113,15.585343503765298,69.43920516026431
1,LightGBM,logratio,decay,0.25,"{""max_depth"": 3, ""n_estimators"": 300, ""learning_rate"": 0.05, ""num_leaves"": 7, ""min_child_samples"": 10, ""subsample"": 0.8, ""colsample_bytree"": 0.8}",58.51865688288734,56.6982792657261,73.0896775770498,13.39866478696639,52.5960932362892,67.1167800324971,13.838713927584987,61.484162966735795,79.49284816322371,12.885274122911362,67.90168482366997
1,LightGBM,logratio,decay,0.5,"{""max_depth"": 3, ""n_estimators"": 300, ""learning_rate"": 0.05, ""num_leaves"": 7, ""min_child_samples"": 10, ""subsample"": 0.8, ""colsample_bytree"": 0.8}",83.81402647723137,60.41301314115975,76.63293083748073,14.331149340920984,68.75113518861362,83.70478247181082,17.38849059706457,50.685204085796926,67.45176658555751,10.76425120875346,70.29525099914684
1,LightGBM,logratio,window,0.0,"{""max_depth"": 3, ""n_estimators"": 300, ""learning_rate"": 0.05, ""num_leaves"": 7, ""min_child_samples"": 10, ""subsample"": 0.8, ""colsample_bytree"": 0.8}",54.15374092618712,54.109521481106086,69.78821183145156,12.669839131253696,41.92103245915884,56.091066484853066,11.249609386612514,68.32942534004455,82.95749359597035,14.326773833335077,55.9684222980373
1,LightGBM,logratio,window,0.25,"{""max_depth"": 3, ""n_estimators"": 300, ""learning_rate"": 0.05, ""num_leaves"": 7, ""min_child_samples"": 10, ""subsample"": 0.8, ""colsample_bytree"": 0.8}",66.6874361505542,51.89171762444531,67.42071983637032,12.24457792471956,49.17284501251266,63.95170864267757,12.785468077313093,55.06373567170009,71.25476329584447,11.613539413360433,55.91620655715089
1,LightGBM,logratio,window,0.5,"{""max_depth"": 3, ""n_estimators"": 300, ""learning_rate"": 0.05, ""num_leaves"": 7, ""min_child_samples"": 10, ""subsample"": 0.8, ""colsample_bytree"": 0.8}",89.97120614268765,56.81252182202156,74.46590807155161,13.49851420436114,67.14945935178851,82.50974193826927,16.837587053476977,44.752761370626764,63.81252024607131,9.602929213725993,61.69436024973119
1,LightGBM,ratio_ly,expand,0.0,"{""max_depth"": 2, ""n_estimators"": 300, ""learning_rate"": 0.05, ""num_leaves"": 7, ""min_child_samples"": 10, ""subsample"": 0.8, ""colsample_bytree"": 0.8}",263.9071214840564,76.17256076335788,97.11104564600687,17.91395252531355,53.46799536248084,71.2815356410245,15.158526742603618,102.66122039771447,120.4365781650189,21.128615938475143,78.9327585444178
1,LightGBM,ratio_ly,expand,0.25,"{""max_depth"": 2, ""n_estimators"": 300, ""learning_rate"": 0.05, ""num_leaves"": 7, ""min_child_samples"": 10, ""subsample"": 0.8, ""colsample_bytree"": 0.8}",202.63402973975982,71.05717044575563,89.39902583866774,16.85155621217826,60.87303164677062,81.16187515858529,16.231260995211695,82.93866571123816,98.13907293303356,17.575233965305927,77.08270861185486
1,LightGBM,ratio_ly,expand,0.5,"{""max_depth"": 2, ""n_estimators"": 300, ""learning_rate"": 0.03, ""num_leaves"": 7, ""min_child_samples"": 10, ""subsample"": 0.8, ""colsample_bytree"": 0.8}",143.06142319663462,71.92561181740902,88.66592932761404,17.242589011365688,77.4394313115051,96.64606944942578,19.68616933047912,65.49282240763024,78.33493486914615,14.391745305733346,77.77782487497737
1,LightGBM,ratio_ly,decay,0.0,"{""max_depth"": 2, ""n_estimators"": 300, ""learning_rate"": 0.05, ""num_leaves"": 7, ""min_child_samples"": 10, ""subsample"": 0.8, ""colsample_bytree"": 0.8}",244.02052500045738,69.77653645203175,89.71010905379877,16.449030958422853,54.67174693569827,71.06542801924995,14.660816812292362,87.39879088775412,107.44819080752649,18.5352807955751,73.22050012666735
1,LightGBM,ratio_ly,decay,0.25,"{""max_depth"": 2, ""n_estimators"": 300, ""learning_rate"": 0.05, ""num_leaves"": 7, ""min_child_samples"": 10, ""subsample"": 0.8, ""colsample_bytree"": 0.8}",187.71592154652157,66.95197288722171,85.51941913170867,15.622997171846995,60.96435523292436,81.15679149818929,15.33384232396838,73.9375268172353,90.34328049921513,15.960344494372041,73.3457220122415
1,LightGBM,ratio_ly,decay,0.5,"{""max_depth"": 2, ""n_estimators"": 300, ""learning_rate"": 0.05, ""num_leaves"": 7, ""min_child_samples"": 10, ""subsample"": 0.8, ""colsample_bytree"": 0.8}",131.7372810310144,69.82843479963638,87.44773868340837,16.458403179765583,76.19326835138071,95.83641728797303,18.854924324693346,62.40279565593464,76.50714439490861,13.66246184401653,75.67663518764817
1,LightGBM,ratio_ly,window,0.0,"{""max_depth"": 2, ""n_estimators"": 300, ""learning_rate"": 0.05, ""num_leaves"": 7, ""min_child_samples"": 10, ""subsample"": 0.8, ""colsample_bytree"": 0.8}",263.9071214840564,68.12982329895188,88.55508886753823,16.2041033015577,52.83389629074513,71.99475555781987,14.652253982592049,85.97507147519312,104.61304502911115,18.014594173684298,78.9327585444178
1,LightGBM,ratio_ly,window,0.25,"{""max_depth"": 2, ""n_estimators"": 300, ""learning_rate"": 0.05, ""num_leaves"": 7, ""min_child_samples"": 10, ""subsample"": 0.8, ""colsample_bytree"": 0.8}",202.63402973975982,65.45736021848172,83.37141013008483,15.609571607460357,59.66540874312764,79.27640274979233,15.849719969403886,72.21463693972814,87.90815294138307,15.329398518526242,77.08270861185486
1,LightGBM,ratio_ly,window,0.5,"{""max_depth"": 2, ""n_estimators"": 300, ""learning_rate"": 0.03, ""num_leaves"": 7, ""min_child_samples"": 10, ""subsample"": 0.8, ""colsample_bytree"": 0.8}",143.06142319663462,68.25335107057008,85.38855842346847,16.29403654673944,74.38392463744269,93.02968275408885,19.019537550784587,61.10101524255199,75.5027855027109,13.114285375353438,77.77782487497737
1,LightGBM,ratio_blend,expand,0.0,"{""max_depth"": 2, ""n_estimators"": 300, ""learning_rate"": 0.05, ""num_leaves"": 7, ""min_child_samples"": 10, ""subsample"": 0.8, ""colsample_bytree"": 0.8}",124.04292711881305,55.79587801642414,72.61933454092777,13.15589373742993,39.37371784645529,52.676457705336276,10.943915619343578,74.9550648813878,90.4919115763934,15.736534875197345,55.36608895798758
1,LightGBM,ratio_blend,expand,0.25,"{""max_depth"": 2, ""n_estimators"": 300, ""learning_rate"": 0.05, ""num_leaves"": 7, ""min_child_samples"": 10, ""subsample"": 0.8, ""colsample_bytree"": 0.8}",96.64959225300942,55.81813960734659,71.20393372333513,13.161711159471631,50.96342486825947,66.526323863125,13.19533742723366,61.481973469614886,76.299563064075,13.12248051374926,59.362063937316854
1,LightGBM,ratio_blend,expand,0.5,"{""max_depth"": 2, ""n_estimators"": 300, ""learning_rate"": 0.05, ""num_leaves"": 7, ""min_child_samples"": 10, ""subsample"": 0.8, ""colsample_bytree"": 0.8}",77.65712836410094,60.84983193473298,77.7357519520457,14.443381786579303,69.40969777647034,86.26392307408015,17.360249573346696,50.86332178603943,66.41631544185759,11.040369368684006,66.99178444783591
1,LightGBM,ratio_blend,decay,0.0,"{""max_depth"": 2, ""n_estimators"": 300, ""learning_rate"": 0.03, ""num_leaves"": 7, ""min_child_samples"": 10, ""subsample"": 0.8, ""colsample_bytree"": 0.8}",116.03190978525788,54.59999714234652,70.41019564739119,12.834006366217169,41.05709871789634,55.257968568527744,10.778703741187869,70.40004530420508,84.72961095165016,15.231859428751354,52.48195439772499
1,LightGBM,ratio_blend,decay,0.25,"{""max_depth"": 2, ""n_estimators"": 300, ""learning_rate"": 0.03, ""num_leaves"": 7, ""min_child_samples"": 10, ""subsample"": 0.8, ""colsample_bytree"": 0.8}",90.50961361876102,54.498636331392305,70.3355914037548,12.747896136291564,50.76148413706295,68.0975100165488,12.569485486192878,58.85864722477654,72.85984758691347,12.956041894740036,56.896331463416296
1,LightGBM,ratio_blend,decay,0.5,"{""max_depth"": 2, ""n_estimators"": 300, ""learning_rate"": 0.03, ""num_leaves"": 7, ""min_child_samples"": 10, ""subsample"": 0.8, ""colsample_bytree"": 0.8}",73.35100239004939,60.88834760333559,77.69787749889574,14.416624884233503,69.6701122681637,87.08715719770865,17.139176028478914,50.64295549436945,65.05289071259047,11.240315215947195,64.63884012396153
1,LightGBM,ratio_blend,window,0.0,"{""max_depth"": 2, ""n_estimators"": 300, ""learning_rate"": 0.05, ""num_leaves"": 7, ""min_child_samples"": 10, ""subsample"": 0.8, ""colsample_bytree"": 0.8}",124.04292711881305,54.20840614131883,70.10501211913669,13.241136138495039,44.23034298757143,58.04859924304274,12.050661621137943,65.84947982069077,81.95912222602217,14.630023075411644,55.36608895798758
1,LightGBM,ratio_blend,window,0.25,"{""max_depth"": 2, ""n_estimators"": 300, ""learning_rate"": 0.05, ""num_leaves"": 7, ""min_child_samples"": 10, ""subsample"": 0.8, ""colsample_bytree"": 0.8}",96.64959225300942,53.976145253682205,69.94643723674966,12.996217708177053,52.41068522216712,68.03926969289294,13.453100979575183,55.80251529044985,72.10774059823457,12.46318722487924,59.362063937316854
1,LightGBM,ratio_blend,window,0.5,"{""max_depth"": 2, ""n_estimators"": 300, ""learning_rate"": 0.05, ""num_leaves"": 7, ""min_child_samples"": 10, ""subsample"": 0.8, ""colsample_bytree"": 0.8}",77.65712836410094,59.70552831652397,77.36674468575863,14.308921963785401,68.70419369457767,86.1133150181585,17.229820746000414,49.2070853754613,65.70698874372938,10.901206717867892,66.99178444783591
1,RandomForest,level,expand,0.0,"{""max_depth"": 4, ""min_samples_leaf"": 2}",62.379532942561845,62.805871238394026,77.31540279095245,15.205990435061684,55.3391959642791,70.29612264360318,14.446252273461017,71.51699239152812,84.77314394152422,16.092351623595796,108.5708219414886
1,RandomForest,level,expand,0.25,"{""max_depth"": 4, ""min_samples_leaf"": 2}",78.78891104159669,57.201028966901916,73.17723011105814,13.408484364419596,53.76955868683548,72.10677014473288,13.110427816271217,61.20441096031276,74.40663834913124,13.756217003926041,94.1597950904241
1,RandomForest,level,expand,0.5,"{""max_depth"": 4, ""min_samples_leaf"": 2}",99.57696412803391,59.34803198528566,77.91451099657986,13.768744037653427,64.50315929246518,85.9628367663116,15.434302403868875,53.33371679357621,67.3194600090858,11.825592610402067,85.9183274771056
1,RandomForest,level,decay,0.0,"{""max_depth"": 6, ""min_samples_leaf"": 2}",56.45809317111836,57.53970465296964,73.50272824129885,13.655050425131549,50.982711677972496,67.00743990353536,13.19061508485763,65.18952979046634,80.42023454838517,14.196891655451132,110.80644645983783
1,RandomForest,level,decay,0.25,"{""max_depth"": 6, ""min_samples_leaf"": 2}",73.94666530559972,54.45205563937504,70.39438411003013,12.644233114290898,52.48426483674912,69.85774417308059,12.866905045614532,56.74781157577196,71.0153388810415,12.384449194413328,96.92162233067577
1,RandomForest,level,decay,0.5,"{""max_depth"": 6, ""min_samples_leaf"": 2}",96.16721461554818,57.534916905910876,76.32472944868046,13.304342594629729,64.11350897927096,84.79194572632365,15.429277787208203,49.859892820324134,65.06832026159735,10.825251536621511,87.72781279676727
1,RandomForest,level,window,0.0,"{""max_depth"": 4, ""min_samples_leaf"": 2}",63.39442095164471,57.18199332594719,71.50914988225394,13.591765109334883,55.18140348971933,70.46443020416798,14.623953776773673,59.51601480154636,72.70901967372883,12.387544997322962,109.77762527463643
1,RandomForest,level,window,0.25,"{""max_depth"": 4, ""min_samples_leaf"": 2}",79.65421080026876,53.061314138068646,68.8324298145898,12.226903430709104,54.0117038564563,71.41025736573842,13.355836707857785,51.952526133283065,65.69724769102916,10.909814607368979,95.84106026464468
1,RandomForest,level,window,0.5,"{""max_depth"": 4, ""min_samples_leaf"": 2}",100.39703019917543,55.98766392533292,75.36614648742065,12.83743808663641,64.07922653444801,85.11452195359477,15.423412696829935,46.54750754803197,62.08778132746242,9.820467708077295,87.16733652545703
1,RandomForest,logratio,expand,0.0,"{""max_depth"": 4, ""min_samples_leaf"": 4}",56.524780545169044,54.938590131044336,71.02120178556612,12.880331926643803,42.94221580536136,54.15989248318402,11.763239147670175,68.93436017767448,86.64014337412048,14.18360683544638,54.32802058573078
1,RandomForest,logratio,expand,0.25,"{""max_depth"": 4, ""min_samples_leaf"": 4}",70.98485582911273,50.89448671870331,67.40026231785961,11.83476232283891,46.59836346981871,62.06514405782131,11.923857177064955,55.906630509068684,73.13431130265845,11.73081832624186,51.97729757949571
1,RandomForest,logratio,expand,0.5,"{""max_depth"": 6, ""min_samples_leaf"": 4}",92.31635644289868,56.678835037717064,74.29720588354517,13.348012892935362,65.82393892819299,81.78332667353192,16.375133521583635,46.009547165495164,64.47400609909552,9.816372159512374,59.05370399421795
1,RandomForest,logratio,decay,0.0,"{""max_depth"": 4, ""min_samples_leaf"": 4}",48.50141705737291,54.6598581493791,71.68793810347748,13.04977936861807,43.927093887808,54.80706650248657,12.249262096318024,67.18141645454537,87.35214587481364,13.983716186301457,53.35858965680497
1,RandomForest,logratio,decay,0.25,"{""max_depth"": 6, ""min_samples_leaf"": 4}",63.97010734367731,51.23436087645288,68.13792889179702,12.18210678467681,47.200826978843075,62.82862876048675,12.417387729558008,55.9401504236643,73.85125755436304,11.907612348982077,54.5637232009214
1,RandomForest,logratio,decay,0.5,"{""max_depth"": 6, ""min_samples_leaf"": 4}",87.4026286986883,56.78382136805472,74.25073475998424,13.536922937135335,65.78258614692088,81.66692860719046,16.55450173781801,46.28526245937754,64.53012263566568,10.016414336338872,60.95740476630366
1,RandomForest,logratio,window,0.0,"{""max_depth"": 6, ""min_samples_leaf"": 4}",56.575701584957635,52.63350452406148,69.04179412524148,12.34832905661207,40.81148606458119,53.82247184162383,11.253568472404908,66.42585939345517,83.35665544556338,13.6255497381871,49.37714334780621
1,RandomForest,logratio,window,0.25,"{""max_depth"": 6, ""min_samples_leaf"": 4}",70.9030867671446,51.10834904172716,67.11067649514005,12.033381447924953,48.034153801972884,62.9320259289603,12.551377325222163,54.69491015477383,71.67853988770064,11.42905292441154,49.64595738647665
1,RandomForest,logratio,window,0.5,"{""max_depth"": 6, ""min_samples_leaf"": 4}",92.06416885730653,57.18837818934558,74.44037860862286,13.610894129699972,66.96954704720304,82.21936478587784,16.916760078361573,45.77701452184523,64.18416465606836,9.754050522928104,57.36981642746621
1,RandomForest,ratio_ly,expand,0.0,"{""max_depth"": 4, ""min_samples_leaf"": 4}",344.7573036281557,77.5217637564479,100.06352875248254,17.866558114636717,45.437999833113174,61.94092149512921,13.155465484907698,114.95282166700513,131.21768359836605,23.362832849320565,95.94344797033318
1,RandomForest,ratio_ly,expand,0.25,"{""max_depth"": 6, ""min_samples_leaf"": 4}",260.1909510333192,65.91127873982302,84.48344564007968,15.594522918363987,55.06282439638025,75.1832801529347,14.51337612675356,78.56780880717294,94.17997339489715,16.85586084190948,83.55618813250805
1,RandomForest,ratio_ly,expand,0.5,"{""max_depth"": 6, ""min_samples_leaf"": 4}",177.518670745787,67.9877594089334,85.75968491517241,16.07258516348957,70.58450469342797,91.4055832440386,17.699628336370182,64.95822324368973,78.66229687771371,14.174368128462195,79.60742988605202
1,RandomForest,ratio_ly,decay,0.0,"{""max_depth"": 6, ""min_samples_leaf"": 4}",312.53288294809704,69.92886123525865,91.80863016476465,16.71462748453319,49.65741769620763,65.04109406209203,14.157022754004153,93.5788786974848,115.44285168279846,19.69849967015039,92.21284313372391
1,RandomForest,ratio_ly,decay,0.25,"{""max_depth"": 6, ""min_samples_leaf"": 4}",235.83943431078148,65.34588604755349,85.2527731016247,15.384249990948307,54.23031163997541,74.42282365298638,14.18901420951744,78.31405618972794,96.36143974323768,16.778691735950975,83.63281528226352
1,RandomForest,ratio_ly,decay,0.5,"{""max_depth"": 6, ""min_samples_leaf"": 4}",161.3600576171018,67.18552756833955,85.99960607402983,15.780462709637169,69.07610588221037,90.54117083173301,17.176960137815684,64.97985286882358,80.37743658772298,14.15121571009558,79.5443063767999
1,RandomForest,ratio_ly,window,0.0,"{""max_depth"": 4, ""min_samples_leaf"": 4}",344.7573036281557,67.58981250536617,89.95378611602337,15.953653643224474,46.42078192810785,63.610110664394504,13.438381253755091,92.2870148455009,113.18728140029619,18.88813809760542,95.94344797033318
1,RandomForest,ratio_ly,window,0.25,"{""max_depth"": 6, ""min_samples_leaf"": 4}",260.1909510333192,65.26661756053993,83.98390797959397,15.396112527105576,56.93524419761203,76.80964753689976,15.137598865534244,74.9865531506225,91.64679000618297,15.697711798938796,83.55618813250805
1,RandomForest,ratio_ly,window,0.5,"{""max_depth"": 6, ""min_samples_leaf"": 4}",177.518670745787,68.13428596934646,85.85844061938293,16.128506181381187,72.83704789210536,92.95679567588752,18.45240249294329,62.64773039279441,76.75173472132562,13.417293817892064,79.60742988605202
1,RandomForest,ratio_blend,expand,0.0,"{""max_depth"": 6, ""min_samples_leaf"": 4}",172.70453763728173,51.408250599711444,66.04110594704851,12.492776333111468,37.777533526043285,49.424579589513606,10.638684510925236,67.3107538523243,81.23939551106507,14.655883458995403,51.27243498415733
1,RandomForest,ratio_blend,expand,0.25,"{""max_depth"": 6, ""min_samples_leaf"": 4}",132.83551805319362,52.458948461948054,66.40941906120304,12.521315876842301,47.77573255790834,62.086386526159885,12.327553033805504,57.92270034999438,71.12161705777193,12.747372527051896,54.31919240505586
1,RandomForest,ratio_blend,expand,0.5,"{""max_depth"": 6, ""min_samples_leaf"": 4}",96.05269411416646,58.88071140354782,74.9613112563503,13.941503656706104,65.20459834995904,82.74115051593668,16.18729856002154,51.5028432994014,64.71333001221923,11.3214096028381,62.697966609621844
1,RandomForest,ratio_blend,decay,0.0,"{""max_depth"": 6, ""min_samples_leaf"": 4}",151.54744006754532,52.40789947144434,67.3043073578152,12.747634429833132,37.274544448330325,49.29915039092131,10.582103954499948,70.06348033174403,83.54186939396676,15.27408665105518,50.46836935369572
1,RandomForest,ratio_blend,decay,0.25,"{""max_depth"": 6, ""min_samples_leaf"": 4}",116.95824814977213,52.74994674875815,66.88386116241924,12.656541833575702,46.973486539148496,61.56072117124938,12.249192810400872,59.489150326636086,72.60257657738333,13.131782360612998,53.75244530867556
1,RandomForest,ratio_blend,decay,0.5,"{""max_depth"": 6, ""min_samples_leaf"": 4}",85.71019728658061,58.895151439351686,74.96197071469976,14.006702949887284,64.67476343708823,82.25342996008784,16.146142068451912,52.15227077532571,65.43632339052473,11.510690644895224,61.78020142658419
1,RandomForest,ratio_blend,window,0.0,"{""max_depth"": 6, ""min_samples_leaf"": 4}",172.70453763728173,51.33428404946562,66.41857536832137,12.420179690784993,37.90136775416705,49.4796394371328,10.643969236545837,67.00601972731397,81.86463417297009,14.492425220730675,51.27243498415733
1,RandomForest,ratio_blend,window,0.25,"{""max_depth"": 6, ""min_samples_leaf"": 4}",132.83551805319365,53.50238990636467,67.20719438475277,12.84643818477768,49.64002660955944,63.20658560035912,12.98442688392405,58.00848041930413,71.5925781292081,12.685451369106914,54.31919240505586
1,RandomForest,ratio_blend,window,0.5,"{""max_depth"": 6, ""min_samples_leaf"": 4}",96.05269411416646,59.76380555086348,75.7385403543797,14.23033312338282,66.7831685275318,83.84815198674943,16.755758706343634,51.57454874475045,65.0110968655926,11.284003276595204,62.697966609621844
1,ExtraTrees,level,expand,0.0,"{""max_depth"": null, ""min_samples_leaf"": 2}",59.22862962962966,55.15221367521364,72.76220940965345,13.060603878824779,50.65019841269841,66.96746053910063,13.068810376659231,60.40456481481474,78.98725966769726,13.051029631351247,107.17906837606837
1,ExtraTrees,level,expand,0.25,"{""max_depth"": null, ""min_samples_leaf"": 2}",76.88511666666669,52.827064102564115,69.74337388661671,12.279113967822335,51.90742261904768,68.74253305185714,12.810791017571729,53.89997916666663,70.89316570428306,11.658824076448042,94.27255128205127
1,ExtraTrees,level,expand,0.5,"{""max_depth"": null, ""min_samples_leaf"": 2}",99.29174074074076,57.1099829059829,75.88134692791668,13.243471763807621,63.47178968253972,83.58385459118024,15.445255800940796,49.68787499999997,65.76460460421967,10.674723720485591,85.50577777777778
1,ExtraTrees,level,decay,0.0,"{""max_depth"": null, ""min_samples_leaf"": 4}",49.11273475016847,56.31590990789884,73.95579813122636,13.017690651370856,52.68507677296962,69.44554467650076,13.19486009268388,60.551881898649604,78.89253796149556,12.810992969838999,106.23336338396676
1,ExtraTrees,level,decay,0.25,"{""max_depth"": null, ""min_samples_leaf"": 4}",68.47190692847437,54.62682141043852,71.13879410672482,12.435304040572538,54.25022380327562,71.24208622072635,13.114026072376998,55.0661852854619,71.01809676284037,11.643461670133998,94.2342164197834
1,ExtraTrees,level,decay,0.5,"{""max_depth"": null, ""min_samples_leaf"": 4}",93.48469234760422,58.13670079720136,77.02297124816768,13.282188027951145,64.231009513514,85.34501329545046,15.455778434136286,51.02667396150327,66.00075282126781,10.746332554068486,86.28498358832928
1,ExtraTrees,level,window,0.0,"{""max_depth"": null, ""min_samples_leaf"": 2}",59.607966666666705,54.220235042735034,71.11984107435062,12.741908492515039,49.76438095238095,65.13593683763253,12.832399693760133,59.41873148148149,77.51943998520541,12.636335424395758,104.7278888888889
1,ExtraTrees,level,window,0.25,"{""max_depth"": null, ""min_samples_leaf"": 2}",77.47850833333337,52.38980448717954,68.97037632676115,12.194594502860102,51.67854761904769,68.04429239819632,12.910262348391226,53.21960416666672,70.03533208640366,11.359648683073791,94.5810641025641
1,ExtraTrees,level,window,0.5,"{""max_depth"": null, ""min_samples_leaf"": 2}",99.70880185185187,57.224519230769275,75.71766825660352,13.258613170409733,63.90811111111115,83.54573101064842,15.62760729617461,49.4269953703704,65.4114216964393,10.494786690350717,86.91719658119658
1,ExtraTrees,logratio,expand,0.0,"{""max_depth"": null, ""min_samples_leaf"": 4}",57.79696050799487,55.50099839243784,72.93147430535289,12.791533137031063,44.020716827119884,57.063103768782725,11.595349091945605,68.89466021864213,87.89540620769331,14.18708118963076,55.79954402909942
1,ExtraTrees,logratio,expand,0.25,"{""max_depth"": null, ""min_samples_leaf"": 4}",73.05191064314512,51.46404455565632,68.83055028687835,11.962104907492495,47.765812345949826,64.02492622045452,12.167265718827913,55.77864880031392,74.04395343711491,11.72275062760118,54.23327342720266
1,ExtraTrees,logratio,expand,0.5,"{""max_depth"": null, ""min_samples_leaf"": 4}",94.74273668000689,56.34487342884693,74.67924968901278,13.273427947195456,66.04596568260287,82.25178416007823,16.400655489950932,45.02693246613166,64.73456361798826,9.624995813980737,59.38163476989176
1,ExtraTrees,logratio,decay,0.0,"{""max_depth"": 6, ""min_samples_leaf"": 4}",47.204575778881065,53.75284252804537,70.524118630922,12.631194114726519,43.815442526665,55.98604240963966,11.731019876438236,65.34647586298914,84.37654531901514,13.681397392729513,51.35951538018725
1,ExtraTrees,logratio,decay,0.25,"{""max_depth"": 6, ""min_samples_leaf"": 4}",63.90182649326457,49.482179687144914,66.96822813464884,11.666202692157466,45.51151314862638,61.990948025871326,11.810536288591019,54.1146239820832,72.34353584737534,11.497813496318331,50.79017707625946
1,ExtraTrees,logratio,decay,0.5,"{""max_depth"": null, ""min_samples_leaf"": 4}",88.22805876144288,55.54160729373101,73.58007185069818,13.174440075189874,64.29883640611077,80.53491501836943,16.08755683488888,45.324839995954655,64.52550257726125,9.77580385554103,57.54078026598906
1,ExtraTrees,logratio,window,0.0,"{""max_depth"": null, ""min_samples_leaf"": 4}",57.554545111909555,51.54443817389281,67.96979789540548,12.059686139700485,41.41342032301486,53.46364780972723,11.126889141901176,63.363958999917074,81.70075792936035,13.147949303799686,48.399397137650894
1,ExtraTrees,logratio,window,0.25,"{""max_depth"": null, ""min_samples_leaf"": 4}",73.103091578536,48.42257248714879,65.34140677132996,11.363185637210833,44.69361628510747,60.43707784682516,11.546304257183927,52.77302138953036,70.63404520778303,11.149547247242223,47.34267411311101
1,ExtraTrees,logratio,window,0.5,"{""max_depth"": null, ""min_samples_leaf"": 4}",94.74442156642493,55.18461128719801,72.81723679689337,13.07264232540648,64.0578798856072,79.80521925072527,16.03685368500679,44.832464589053934,63.70300690699854,9.614395739206119,55.339285685983654
1,ExtraTrees,ratio_ly,expand,0.0,"{""max_depth"": null, ""min_samples_leaf"": 2}",321.008580650966,68.35210229342488,89.07680139907416,16.201571331379405,49.45242740599781,64.17902136329225,13.39151815074054,90.4017229954231,111.294030713932,19.479966708791412,88.02662651982845
1,ExtraTrees,ratio_ly,expand,0.25,"{""max_depth"": null, ""min_samples_leaf"": 2}",242.48499185094724,63.353775347347074,82.23365315351238,15.120315054321223,53.28906246960739,72.90831811378932,13.948359166888602,75.0959403713767,91.92523981599378,16.487596922992616,78.84657339930305
1,ExtraTrees,ratio_ly,expand,0.5,"{""max_depth"": null, ""min_samples_leaf"": 2}",167.52033402759483,65.40050107640944,83.4792835186189,15.522417047055118,67.29925631584742,89.19579815589431,16.85385578298842,63.18528663039845,76.27040408692412,13.969071855132933,75.86594004633415
1,ExtraTrees,ratio_ly,decay,0.0,"{""max_depth"": 6, ""min_samples_leaf"": 2}",305.4950580808352,66.29238922805959,84.92380618681149,15.690588261341196,46.87134332123165,62.5220175773988,12.634708231972292,88.9502761193588,105.19320983368065,19.255781628938255,88.20178688912932
1,ExtraTrees,ratio_ly,decay,0.25,"{""max_depth"": 6, ""min_samples_leaf"": 2}",231.1306934725926,62.339064978865345,79.92883234441,14.874308510603504,51.77594316973356,72.33877595498889,13.586695573289953,74.6627070895191,87.95997913120098,16.376523604135986,80.19362721201104
1,ExtraTrees,ratio_ly,decay,0.5,"{""max_depth"": 6, ""min_samples_leaf"": 2}",160.99349656504907,65.40417062914007,82.65447352598414,15.56654362580058,67.75242647616119,89.1659314681369,17.035099649704375,62.66453880761539,74.3403911949235,13.853228264579487,77.47346259088077
1,ExtraTrees,ratio_ly,window,0.0,"{""max_depth"": null, ""min_samples_leaf"": 2}",321.008580650966,65.39184086848873,82.77027761807359,15.74847257705404,51.30718045616556,65.73809684539282,13.907266028707912,81.82394468286572,99.00459880115747,17.896546883457855,88.02662651982844
1,ExtraTrees,ratio_ly,window,0.25,"{""max_depth"": null, ""min_samples_leaf"": 2}",242.48499185094724,61.67569471268173,78.80127382991672,14.82987527900942,54.35858373841046,73.61270473776788,14.260697672665257,70.21232418266486,84.45266697205716,15.493915819744272,78.84657339930305
1,ExtraTrees,ratio_ly,window,0.5,"{""max_depth"": null, ""min_samples_leaf"": 2}",167.52033402759483,63.97778334554354,82.30244437662614,15.234176901844881,67.20884096591524,89.39924520553444,16.85547576685773,60.20821612177656,73.15784903383506,13.342661559329889,75.86594004633415
1,ExtraTrees,ratio_blend,expand,0.0,"{""max_depth"": null, ""min_samples_leaf"": 4}",150.6910849983625,54.27492423197635,67.75503175319416,13.243502439963532,39.26047963502921,50.96018652400975,11.27330436953903,71.79177626174803,83.16759383764355,15.542066855458788,55.403049722245726
1,ExtraTrees,ratio_blend,expand,0.25,"{""max_depth"": null, ""min_samples_leaf"": 4}",115.06067277896926,53.66890454275215,66.16690403043994,12.937940605955639,47.95236313015667,60.96177985226141,12.697092472396765,60.33820285744687,71.76396407362789,13.218930095107659,55.50112496723614
1,ExtraTrees,ratio_blend,expand,0.5,"{""max_depth"": null, ""min_samples_leaf"": 4}",85.75711587577324,58.41264294926228,73.90311804827446,13.955963233004665,63.683145045562355,81.14502140238291,16.07670424873275,52.263723836912185,64.43358293052779,11.481765381321898,61.22394169339024
1,ExtraTrees,ratio_blend,decay,0.0,"{""max_depth"": null, ""min_samples_leaf"": 2}",145.88647620238322,53.558555674000225,67.74551836694049,13.146829456061035,40.192945718039866,52.96119359294361,11.337010609315305,69.15176728928732,81.67894687631808,15.258284777264386,53.81164067020967
1,ExtraTrees,ratio_blend,decay,0.25,"{""max_depth"": null, ""min_samples_leaf"": 2}",112.91422382489307,53.33309288548644,66.77340642174087,12.984862926493012,49.02498653106738,62.619128833263936,12.969253920870694,58.359216965642005,71.31485866243732,13.00307343305239,55.70768700210885
1,ExtraTrees,ratio_blend,decay,0.5,"{""max_depth"": 6, ""min_samples_leaf"": 4}",85.29212957691766,58.49700002758069,74.17649003268076,14.005500677024626,64.37328476908344,81.80616333995903,16.257587610276016,51.64133449582747,64.13817536324815,11.378065921564676,62.27646713364508
1,ExtraTrees,ratio_blend,window,0.0,"{""max_depth"": null, ""min_samples_leaf"": 4}",150.6910849983625,52.1201229963241,65.1195456523632,12.796079663181928,38.641503403909105,50.734298132635544,11.019972167617583,67.84517918747493,78.64417216015306,14.868205074673662,55.403049722245726
1,ExtraTrees,ratio_blend,window,0.25,"{""max_depth"": null, ""min_samples_leaf"": 4}",115.06067277896926,52.52744018693402,65.00453987423936,12.774603348617639,48.30763086950074,61.36589412502683,12.819004094709952,57.45055105727285,69.0075622945926,12.722802478176613,55.50112496723614
1,ExtraTrees,ratio_blend,window,0.5,"{""max_depth"": null, ""min_samples_leaf"": 4}",85.75711587577322,57.822655808254886,73.71209825119911,13.883867582130636,64.18060237181278,81.62054140255643,16.22028323882092,50.40505148410399,63.24787891015607,11.158049315991967,61.22394169339024
1,Ridge,level,expand,0.0,"{""alpha"": 200.0}",203.03346668421224,56.338611642870724,74.65975411279277,12.931751742654557,52.935277931181815,67.81757262614745,13.500874532221948,60.30916763984111,81.92319919295888,12.267775154825937,64.17172222051677
1,Ridge,level,expand,0.25,"{""alpha"": 200.0}",158.16652343336972,58.500787745577654,76.87820199382467,13.34701173274295,62.745569473317765,80.11646021608722,15.382245815801433,53.5485423965475,72.91870228840676,10.972571969174718,64.90204245870541
1,Ridge,level,expand,0.5,"{""alpha"": 200.0}",118.09553065895524,64.45945089341538,83.74326987611506,14.894499728503158,78.07097677614244,95.84597723234464,19.009379995685137,48.57933736356711,66.91163175251877,10.093806083457507,69.16476316396641
1,Ridge,level,decay,0.0,"{""alpha"": 200.0}",222.70051385163524,68.30912523908569,89.6803046640232,15.841513517812759,60.28127824911379,79.67194914228016,15.191693482381217,77.67494672738626,100.09987114486022,16.599636892482888,87.01342965414747
1,Ridge,level,decay,0.25,"{""alpha"": 200.0}",171.98267023081166,67.48792457080955,86.83231936098613,15.507841265210526,67.58946568821686,87.33659002640962,16.386713304574087,67.36945993383439,86.24027695033188,14.482490552619714,81.96919993476507
1,Ridge,level,decay,0.5,"{""alpha"": 200.0}",127.09475186428607,70.12092380398458,89.17111543389937,16.086901201501096,79.18032271378482,99.62076525432083,18.8892983897693,59.55162507588431,75.16566555664451,12.817437815188196,80.02166636455163
1,Ridge,level,window,0.0,"{""alpha"": 200.0}",203.4850942345298,61.78953552184436,81.68002454597492,14.176843320367738,53.57422572083494,70.93800880384008,13.30766100177103,71.37406362302202,92.65143970497527,15.19088935873057,79.0501399287721
1,Ridge,level,window,0.25,"{""alpha"": 200.0}",158.5133702450738,62.24403732535098,81.05919061514813,14.218998486111852,61.9372060453919,80.98774744662968,14.902184678370892,62.60200715196988,81.142461475712,13.421947928476301,75.35152825029417
1,Ridge,level,window,0.5,"{""alpha"": 200.0}",118.37765461423243,67.04383799706504,85.70068499469025,15.427296426870393,76.33064120798625,95.69284073941262,18.29269355744944,56.20923425099026,72.31880567991813,12.084333107861498,75.55616754613342
1,Ridge,logratio,expand,0.0,"{""alpha"": 200.0}",104.1557833298436,52.847129388243225,67.27799810223517,12.683606457250537,45.45413097768027,55.85783476771316,12.459352472109886,61.47229420056667,78.52981751943722,12.945236106581296,50.79208362211076
1,Ridge,logratio,expand,0.25,"{""alpha"": 200.0}",79.73547597101282,48.559534660251856,64.20008967928364,11.421884153621017,46.221232382960594,60.457403108612425,11.79844741919116,51.28755398375832,68.30786504044757,10.982560343789178,47.81580874368308
1,Ridge,logratio,expand,0.5,"{""alpha"": 200.0}",70.86016632048644,54.18875721674489,71.77744498108493,12.704596034302249,62.44920691701939,79.0017801595705,15.32584843028682,44.55156589975795,62.29907974908485,9.646468238986916,55.288554123574315
1,Ridge,logratio,decay,0.0,"{""alpha"": 200.0}",72.8583546324521,53.5159210746864,67.88619626828094,12.893347720935125,43.715616908051516,53.4789785181916,12.276119431393488,64.9496092690938,81.53828892575345,13.613447392067032,49.673680958274524
1,Ridge,logratio,decay,0.25,"{""alpha"": 200.0}",57.78112541271161,48.933809553232095,63.19020949309106,11.567188604753827,44.68089749729931,57.01211384906659,11.63873414491127,53.89554028515369,69.70935566858661,11.48371880790348,47.4526609256842
1,Ridge,logratio,decay,0.5,"{""alpha"": 200.0}",63.35529643709375,53.44847970078437,70.28062593430215,12.590816091881235,60.81856314543086,76.36561788992898,15.040548181194705,44.850049015363474,62.43638067712134,9.732795321015523,54.39047256756479
1,Ridge,logratio,window,0.0,"{""alpha"": 200.0}",104.61143948936751,52.05824728629741,66.22163414970682,12.521894472219245,42.74328964106019,52.366583787099266,11.950059725805737,62.9256978724075,79.38634338918123,13.18903500970167,49.163570766194866
1,Ridge,logratio,window,0.25,"{""alpha"": 200.0}",79.79903163935585,48.218217046169606,63.13508707257236,11.339124995793217,44.61080749989635,57.98960067954502,11.4795802976451,52.42686151682175,68.6524500009349,11.175260476966015,46.212679250047046
1,Ridge,logratio,window,0.5,"{""alpha"": 200.0}",70.55311867994055,53.89707186523164,71.00491049251701,12.632682257577155,61.73254433796231,77.7204102356548,15.187104303748841,44.755687313712514,62.261317461520285,9.652523203710182,54.58169305985667
1,Ridge,ratio_ly,expand,0.0,"{""alpha"": 10.0}",89.23136032560285,119.62835685318355,175.47406460729164,23.599063111707856,96.43437618451563,151.3091613696014,22.083157727207382,146.68800096662943,200.00986615116722,25.36761939362507,171.2187472195844
1,Ridge,ratio_ly,expand,0.25,"{""alpha"": 10.0}",77.72244331901067,97.72692816055925,136.8133151250739,19.759454660226194,83.27512362596148,118.28944601087244,19.488911784155885,114.58736678425667,155.66295335261606,20.07508801564156,134.75735834710832
1,Ridge,ratio_ly,expand,0.5,"{""alpha"": 10.0}",74.7977764697363,81.56508109817231,107.15052350943425,17.124680142703756,79.24759774444604,100.68346219493763,18.8298747552962,84.26881167751964,114.23363050606683,15.135286428012568,104.86179406019
1,Ridge,ratio_ly,decay,0.0,"{""alpha"": 10.0}",86.06780837622976,77.55785122100124,108.29858751198442,17.56358671333257,72.6100345415906,103.27217091228545,17.808225682315975,83.33030401364705,113.88269092040005,17.27817458285193,149.39632632823088
1,Ridge,ratio_ly,decay,0.25,"{""alpha"": 10.0}",74.46291303484338,70.37427884666413,93.25553276536965,16.10959875279345,68.70380948814223,91.79193261967774,16.93981464763684,72.32315976493967,94.93455186706254,15.14101354214282,121.89671264863713
1,Ridge,ratio_ly,decay,0.5,"{""alpha"": 10.0}",72.83445559675306,67.90559628122908,87.46883976111651,15.861286022041785,72.34712152124325,93.96617059491392,18.106584132325622,62.72381683454589,79.2179320662512,13.241771560043968,97.51133602782505
1,Ridge,ratio_ly,window,0.0,"{""alpha"": 10.0}",89.23136032560285,84.3641618234132,130.58078067130057,18.422138161662286,90.62535209211612,144.07757321020813,20.674989396954846,77.0594398432598,112.81178568338339,15.793811720487632,171.2187472195844
1,Ridge,ratio_ly,window,0.25,"{""alpha"": 10.0}",77.72244331901067,74.91350602616649,105.37156201609733,16.678796855727477,80.62972843507076,114.12807707882908,18.86066029070365,68.24457988244485,94.13167481271569,14.133289514921943,134.75735834710832
1,Ridge,ratio_ly,window,0.5,"{""alpha"": 10.0}",74.7977764697363,70.41257857820598,90.54381299211232,16.034578385329922,79.56274507813832,99.57735896884438,19.047236318516404,59.73738432828488,78.7049490083981,12.519810796612365,104.86179406019
1,Ridge,ratio_blend,expand,0.0,"{""alpha"": 10.0}",60.29972573046283,81.86333685333359,112.86556693953263,16.8635603745696,65.32799354352883,89.90108756694538,15.364699157592234,101.15457071477253,134.80036584243786,18.612231794376516,122.46398311079074
1,Ridge,ratio_blend,expand,0.25,"{""alpha"": 10.0}",60.67587053231328,71.24501203585399,95.18885493710441,14.9144610268537,63.32708403566082,81.753132044186,14.809567740384372,80.48259470274603,108.78642161121914,15.036836527734588,102.23533819704224
1,Ridge,ratio_blend,expand,0.5,"{""alpha"": 50.0}",64.40500672547977,57.477593246508526,75.2017474403827,13.389956275599198,61.0389936159997,78.60961925958999,15.468831787352697,53.32262614876883,71.01951721671124,10.964601511886787,62.55220649699914
1,Ridge,ratio_blend,decay,0.0,"{""alpha"": 10.0}",58.705392572123785,58.40415825248083,79.21302028639558,13.573020775521371,54.507059163851224,71.62925617985621,13.679322878166653,62.95077385588204,87.23137928468518,13.449001655768544,102.20109407491401
1,Ridge,ratio_blend,decay,0.25,"{""alpha"": 10.0}",58.44782983282981,56.446531133907264,74.75139975614402,13.137882639880127,56.55482046007715,73.41835676388555,14.055960270093385,56.32019358670905,76.27717786923861,12.066792071297995,87.7813658677285
1,Ridge,ratio_blend,decay,0.5,"{""alpha"": 50.0}",64.22483224782462,56.20934687647205,72.4746836382595,13.76623730464395,59.85255491596242,77.97340806075442,15.61230848201568,51.95893749706661,65.47845757421919,11.612487597710262,59.77415054971356
1,Ridge,ratio_blend,window,0.0,"{""alpha"": 10.0}",60.29972573046283,62.40137754771948,87.24945993491981,13.91849188968805,62.389417772911266,87.18458700215416,14.604862438393987,62.41533061832903,87.3250841119969,13.117726249531128,122.46398311079074
1,Ridge,ratio_blend,window,0.25,"{""alpha"": 10.0}",60.67587053231328,59.47714684707927,78.62579078313176,13.353305297397903,62.67026452672114,80.42091705846684,14.697650247950463,55.75184288749711,76.47824024722422,11.78490285508658,102.23533819704224
1,Ridge,ratio_blend,window,0.5,"{""alpha"": 50.0}",64.40500672547977,55.830766183681064,72.73594511411413,13.323623964920255,60.57313227638199,78.57382517101576,15.322573492752836,50.29800574219665,65.2684306503114,10.991516182448914,62.55220649699914
2,Baseline: persistence,-,-,-,-,,67.03125,87.91028807824486,16.16115330523308,49.39393939393939,65.1766829472013,14.235735004178787,85.80645161290323,106.92505666089443,18.210792141839256,
2,Baseline: seasonal naive,-,-,-,-,,84.984375,106.97772840643047,20.279020762638904,115.54545454545455,134.28001047110925,28.69851029134203,52.45161290322581,66.57617514377192,11.316338361116228,
2,Baseline: seasonal + drift,-,-,-,-,,72.17390748371085,92.49371073305703,17.257637767297428,81.57541992688846,104.26142806345108,20.825202669852356,62.165845850650825,78.04069244796867,13.459907387158312,
2,Baseline: 4-week rolling mean,-,-,-,-,,97.3359375,116.60708765175897,24.370857392725352,75.87121212121212,93.82189162708694,21.72181299403651,120.18548387096774,136.75237363039952,27.19080788165218,
2,XGBoost,level,expand,0.0,"{""max_depth"": 3, ""n_estimators"": 300, ""learning_rate"": 0.05, ""subsample"": 0.8, ""colsample_bytree"": 0.8, ""min_child_weight"": 3, ""reg_lambda"": 3.0}",55.73542032877604,59.09379470348358,79.09358398298394,13.849974414928838,53.467222502737336,72.15602427087593,13.55428310183231,65.08337156234249,85.864982361165,14.16474258693482,124.25622928142548
2,XGBoost,level,expand,0.25,"{""max_depth"": 2, ""n_estimators"": 300, ""learning_rate"": 0.05, ""subsample"": 0.8, ""colsample_bytree"": 0.8, ""min_child_weight"": 3, ""reg_lambda"": 3.0}",68.62892751057943,60.412723898887634,80.06350933431308,13.864644641547175,59.99198659261068,81.56097904562021,14.699437967871868,60.86060554750504,78.43802047316281,12.975993681266045,114.11167764663696
2,XGBoost,level,expand,0.5,"{""max_depth"": 2, ""n_estimators"": 300, ""learning_rate"": 0.05, ""subsample"": 0.8, ""colsample_bytree"": 0.8, ""min_child_weight"": 3, ""reg_lambda"": 3.0}",89.25475758870442,63.46713745594025,83.13860553155767,14.593423649575932,72.4719467163086,93.87060375459039,17.546460937809066,53.8813727594191,69.92715022067988,11.449867826618078,99.60671603679657
2,XGBoost,level,decay,0.0,"{""max_depth"": 3, ""n_estimators"": 300, ""learning_rate"": 0.03, ""subsample"": 0.8, ""colsample_bytree"": 0.8, ""min_child_weight"": 3, ""reg_lambda"": 3.0}",50.18245920817057,58.10858726501465,77.67950371663,13.49250823188745,51.36446172540838,69.73570834908432,13.128847658029642,65.2878176781439,85.32697289857553,13.879630778252212,114.0078718662262
2,XGBoost,level,decay,0.25,"{""max_depth"": 3, ""n_estimators"": 300, ""learning_rate"": 0.03, ""subsample"": 0.8, ""colsample_bytree"": 0.8, ""min_child_weight"": 3, ""reg_lambda"": 3.0}",63.22339080810547,56.970011949539185,75.306665820924,12.999359965702562,56.15832334576231,74.66632685417927,13.733754677891774,57.83406756001134,75.98238730924533,12.217584949501145,100.26114535331726
2,XGBoost,level,decay,0.5,"{""max_depth"": 3, ""n_estimators"": 300, ""learning_rate"": 0.05, ""subsample"": 0.8, ""colsample_bytree"": 0.8, ""min_child_weight"": 3, ""reg_lambda"": 3.0}",85.93338073730469,60.773292541503906,79.46315021134258,14.03063739266432,68.6697611953273,87.97654811465792,16.790018852823213,52.36737429711126,69.25998096397404,11.093231322172592,90.29066026210785
2,XGBoost,level,window,0.0,"{""max_depth"": 2, ""n_estimators"": 300, ""learning_rate"": 0.05, ""subsample"": 0.8, ""colsample_bytree"": 0.8, ""min_child_weight"": 3, ""reg_lambda"": 3.0}",55.7000156656901,54.20516061782837,72.98450260218502,12.250175350576452,50.953926317619555,68.16160033178107,12.764561455978086,57.66615196966356,77.79067935141663,11.702603044826326,111.52744841575623
2,XGBoost,level,window,0.25,"{""max_depth"": 2, ""n_estimators"": 300, ""learning_rate"": 0.05, ""subsample"": 0.8, ""colsample_bytree"": 0.8, ""min_child_weight"": 3, ""reg_lambda"": 3.0}",66.93015462239583,54.73227298259735,73.09360329889984,12.363578554159668,56.86633508855646,75.01964129388901,13.893409521710867,52.46052945044733,70.9859033780605,10.735048814508389,99.56632721424103
2,XGBoost,level,window,0.5,"{""max_depth"": 2, ""n_estimators"": 300, ""learning_rate"": 0.05, ""subsample"": 0.8, ""colsample_bytree"": 0.8, ""min_child_weight"": 3, ""reg_lambda"": 3.0}",88.0366098022461,60.429754972457886,79.79705537846485,13.850481106053724,70.25998826460405,90.47714555967634,17.04728800175016,49.965313080818426,66.571020855013,10.447428604183324,89.68481695652008
2,XGBoost,logratio,expand,0.0,"{""max_depth"": 3, ""n_estimators"": 300, ""learning_rate"": 0.03, ""subsample"": 0.8, ""colsample_bytree"": 0.8, ""min_child_weight"": 3, ""reg_lambda"": 3.0}",85.34586010376613,77.02311277016997,103.0175234217087,16.4566828020997,55.90474822846326,81.91635187411508,12.998736675795925,99.5039524435997,121.51828764539007,20.137722226874676,109.87982911150903
2,XGBoost,logratio,expand,0.25,"{""max_depth"": 3, ""n_estimators"": 300, ""learning_rate"": 0.03, ""subsample"": 0.8, ""colsample_bytree"": 0.8, ""min_child_weight"": 3, ""reg_lambda"": 3.0}",91.30673502743242,69.52723406255245,91.26259396740774,14.839546380365235,58.03733720246589,83.66244989556776,13.323104557602155,81.7584145910317,98.71214675833296,16.45382315943561,95.70484658214264
2,XGBoost,logratio,expand,0.5,"{""max_depth"": 3, ""n_estimators"": 300, ""learning_rate"": 0.03, ""subsample"": 0.8, ""colsample_bytree"": 0.8, ""min_child_weight"": 3, ""reg_lambda"": 3.0}",104.54647013227145,68.72527244780213,87.78505229674406,15.223635050078027,72.20478278669444,94.77649082557059,17.217911251726775,65.02127757091677,79.67120741008034,13.100695867677741,86.57827029051259
2,XGBoost,logratio,decay,0.0,"{""max_depth"": 3, ""n_estimators"": 300, ""learning_rate"": 0.03, ""subsample"": 0.8, ""colsample_bytree"": 0.8, ""min_child_weight"": 3, ""reg_lambda"": 3.0}",74.88948640505473,63.765157513320446,83.70382864407647,14.200355781207504,47.255747179190315,61.03897239908791,12.036012919386778,81.3396910948138,102.46245992315276,16.504333666371508,79.65266869775951
2,XGBoost,logratio,decay,0.25,"{""max_depth"": 3, ""n_estimators"": 300, ""learning_rate"": 0.03, ""subsample"": 0.8, ""colsample_bytree"": 0.8, ""min_child_weight"": 3, ""reg_lambda"": 3.0}",82.46819986184438,59.61101074516773,77.14314433724289,13.32446388767802,51.241967006614715,68.26557889351902,12.768592913736205,68.51999278943384,85.58751347204053,13.916197505099953,75.07513055438176
2,XGBoost,logratio,decay,0.5,"{""max_depth"": 3, ""n_estimators"": 300, ""learning_rate"": 0.03, ""subsample"": 0.8, ""colsample_bytree"": 0.8, ""min_child_weight"": 3, ""reg_lambda"": 3.0}",98.37539302905401,61.94522249698639,79.6175852977456,14.149101452348594,67.19947995109992,85.76651138493152,16.597900747643926,56.35198069099457,72.50114908845342,11.542315105743887,74.16363143268973
2,XGBoost,logratio,window,0.0,"{""max_depth"": 3, ""n_estimators"": 300, ""learning_rate"": 0.03, ""subsample"": 0.8, ""colsample_bytree"": 0.8, ""min_child_weight"": 3, ""reg_lambda"": 3.0}",84.74767753839492,59.10823912266642,76.8441721359427,13.729523326887671,43.470275936704695,53.53912412901545,11.518126422204721,75.75510315933535,95.60153643453697,16.083590999614678,67.8629051297903
2,XGBoost,logratio,window,0.25,"{""max_depth"": 3, ""n_estimators"": 300, ""learning_rate"": 0.03, ""subsample"": 0.8, ""colsample_bytree"": 0.8, ""min_child_weight"": 3, ""reg_lambda"": 3.0}",91.81096066574254,56.08446519286372,72.74691741094836,12.96694005760336,47.67096173672965,63.08865230230011,12.268416913730887,65.04077532358708,81.7844176165695,13.710529210757933,63.1262360336259
2,XGBoost,logratio,window,0.5,"{""max_depth"": 3, ""n_estimators"": 300, ""learning_rate"": 0.03, ""subsample"": 0.8, ""colsample_bytree"": 0.8, ""min_child_weight"": 3, ""reg_lambda"": 3.0}",105.28188551068307,60.51032779784873,77.53070998383754,14.135313193984093,65.73476385528392,82.93896568077334,16.601253629058835,54.94883134961128,71.32432206698901,11.510279827614202,65.3558341851458
2,XGBoost,ratio_ly,expand,0.0,"{""max_depth"": 2, ""n_estimators"": 300, ""learning_rate"": 0.05, ""subsample"": 0.8, ""colsample_bytree"": 0.8, ""min_child_weight"": 3, ""reg_lambda"": 3.0}",209.2912631356716,73.44442929234356,92.444532512908,17.240255451300783,50.091958278959446,66.41939678298543,13.246552804176323,98.30351133884922,113.78570194497196,21.491616333723595,105.66016476601362
2,XGBoost,ratio_ly,expand,0.25,"{""max_depth"": 2, ""n_estimators"": 300, ""learning_rate"": 0.05, ""subsample"": 0.8, ""colsample_bytree"": 0.8, ""min_child_weight"": 3, ""reg_lambda"": 3.0}",159.15344048529863,69.63386502326466,86.42481923057201,16.331524287403294,59.68214311699072,79.33076710732445,14.792765623664042,80.22763350413692,93.38624788820665,17.96955770364185,96.00745229329914
2,XGBoost,ratio_ly,expand,0.5,"{""max_depth"": 2, ""n_estimators"": 300, ""learning_rate"": 0.05, ""subsample"": 0.8, ""colsample_bytree"": 0.8, ""min_child_weight"": 3, ""reg_lambda"": 3.0}",109.80688384711742,71.1814075014554,87.13997803601791,16.894789162245456,76.56901137485649,95.86751038435516,18.694501682714517,65.44621628138327,76.76670236561428,14.978966156584834,89.09014220163226
2,XGBoost,ratio_ly,decay,0.0,"{""max_depth"": 2, ""n_estimators"": 300, ""learning_rate"": 0.05, ""subsample"": 0.8, ""colsample_bytree"": 0.8, ""min_child_weight"": 3, ""reg_lambda"": 3.0}",251.1780927300453,74.40068897698075,96.55580807606874,16.697163251922976,48.45966924681808,65.55918878006968,12.522586037403697,102.01532288328293,121.1290037429731,21.141068028669302,109.80263664666563
2,XGBoost,ratio_ly,decay,0.25,"{""max_depth"": 2, ""n_estimators"": 300, ""learning_rate"": 0.05, ""subsample"": 0.8, ""colsample_bytree"": 0.8, ""min_child_weight"": 3, ""reg_lambda"": 3.0}",191.16272106587888,71.10064958664589,88.35766444177622,16.07259511841408,58.90042136564399,78.39773564388001,14.41554440778989,84.08798930577693,97.85244914499023,17.83655232649789,98.5002960243728
2,XGBoost,ratio_ly,decay,0.5,"{""max_depth"": 2, ""n_estimators"": 300, ""learning_rate"": 0.05, ""subsample"": 0.8, ""colsample_bytree"": 0.8, ""min_child_weight"": 3, ""reg_lambda"": 3.0}",133.07744297623634,71.5161145455204,87.49454943040391,16.610109986527466,75.46712081901956,95.13739112840994,18.376220471818954,67.31020464147291,78.54562886507625,14.730056889281688,90.5990720926784
2,XGBoost,ratio_ly,window,0.0,"{""max_depth"": 2, ""n_estimators"": 300, ""learning_rate"": 0.05, ""subsample"": 0.8, ""colsample_bytree"": 0.8, ""min_child_weight"": 3, ""reg_lambda"": 3.0}",209.2912631356716,70.8219642098993,89.15582402767141,15.904210513710638,51.074103797927044,68.97870306748652,13.42585053855598,91.84388013232139,106.51437470437855,18.542464680810752,105.66016476601362
2,XGBoost,ratio_ly,window,0.25,"{""max_depth"": 2, ""n_estimators"": 300, ""learning_rate"": 0.05, ""subsample"": 0.8, ""colsample_bytree"": 0.8, ""min_child_weight"": 3, ""reg_lambda"": 3.0}",159.15344048529863,69.04789004521444,84.68637864066866,15.726031330597925,62.14827285887617,81.55660068262702,15.543820222514649,76.3926438242197,87.89570134328089,15.919997994041418,96.00745229329914
2,XGBoost,ratio_ly,window,0.5,"{""max_depth"": 2, ""n_estimators"": 300, ""learning_rate"": 0.05, ""subsample"": 0.8, ""colsample_bytree"": 0.8, ""min_child_weight"": 3, ""reg_lambda"": 3.0}",109.80688384711742,70.40241330955178,86.57579850339845,16.439483432137898,78.08899608976913,97.44123844720265,19.175764065968252,62.21992196286878,73.2594539494139,13.526668563866872,89.09014220163226
2,XGBoost,ratio_blend,expand,0.0,"{""max_depth"": 2, ""n_estimators"": 300, ""learning_rate"": 0.03, ""subsample"": 0.8, ""colsample_bytree"": 0.8, ""min_child_weight"": 3, ""reg_lambda"": 3.0}",106.82304864890422,57.81021932363373,73.84172483991314,13.484045701646274,45.39052864375102,59.09908315422974,11.686558969144096,71.03118036996051,86.8270931349478,15.39749932011634,60.26792512301007
2,XGBoost,ratio_blend,expand,0.25,"{""max_depth"": 2, ""n_estimators"": 300, ""learning_rate"": 0.03, ""subsample"": 0.8, ""colsample_bytree"": 0.8, ""min_child_weight"": 3, ""reg_lambda"": 3.0}",85.41752273092072,59.25825958384972,74.6390638281778,13.833527505712883,55.0078257111046,73.39156094294262,13.685940631960044,63.78291499677194,75.94453624791143,13.990636113256224,64.08679227919876
2,XGBoost,ratio_blend,expand,0.5,"{""max_depth"": 2, ""n_estimators"": 300, ""learning_rate"": 0.03, ""subsample"": 0.8, ""colsample_bytree"": 0.8, ""min_child_weight"": 3, ""reg_lambda"": 3.0}",74.49464529173534,65.44755034534333,81.29611735929139,15.351936031625263,72.92312057076828,91.87272542693944,17.83472240138611,57.48968526666518,68.25947489453041,12.708969896073393,69.9752230260697
2,XGBoost,ratio_blend,decay,0.0,"{""max_depth"": 2, ""n_estimators"": 300, ""learning_rate"": 0.05, ""subsample"": 0.8, ""colsample_bytree"": 0.8, ""min_child_weight"": 3, ""reg_lambda"": 3.0}",102.47533624537607,55.251985668137664,72.15156900714622,12.900610287705893,42.923435015778075,56.75074371394339,11.166283267697358,68.37592668516561,85.5519050434604,14.746829373521427,60.061274385174386
2,XGBoost,ratio_blend,decay,0.25,"{""max_depth"": 2, ""n_estimators"": 300, ""learning_rate"": 0.05, ""subsample"": 0.8, ""colsample_bytree"": 0.8, ""min_child_weight"": 3, ""reg_lambda"": 3.0}",85.0057673415639,57.85797029199052,73.1421466890361,13.497282267776093,55.270142046670394,71.91837440137421,13.8931354650123,60.61275519829904,74.42276290704267,13.075890154589159,64.60598889222373
2,XGBoost,ratio_blend,decay,0.5,"{""max_depth"": 2, ""n_estimators"": 300, ""learning_rate"": 0.03, ""subsample"": 0.8, ""colsample_bytree"": 0.8, ""min_child_weight"": 3, ""reg_lambda"": 3.0}",75.81799544116153,64.25009947208454,79.8908552643757,15.159913848797007,71.74886095692266,89.98952968372724,17.73784830852193,56.267546923708466,67.50037284791918,12.415661036831771,69.44633000742971
2,XGBoost,ratio_blend,window,0.0,"{""max_depth"": 2, ""n_estimators"": 300, ""learning_rate"": 0.03, ""subsample"": 0.8, ""colsample_bytree"": 0.8, ""min_child_weight"": 3, ""reg_lambda"": 3.0}",106.82304864890422,59.265863070425766,74.05505604801503,13.710972363922464,46.88554769612806,58.82437594744021,12.191851159932247,72.44490846887173,87.39889035550603,15.328101387524947,60.26792512301007
2,XGBoost,ratio_blend,window,0.25,"{""max_depth"": 2, ""n_estimators"": 300, ""learning_rate"": 0.03, ""subsample"": 0.8, ""colsample_bytree"": 0.8, ""min_child_weight"": 3, ""reg_lambda"": 3.0}",85.41752273092072,59.81085662136037,74.66078922655205,13.932262650093847,56.14110237569387,73.3107240928967,14.198479518307858,63.717369205456954,76.07163132287059,13.648870500059578,64.08679227919876
2,XGBoost,ratio_blend,window,0.5,"{""max_depth"": 2, ""n_estimators"": 300, ""learning_rate"": 0.03, ""subsample"": 0.8, ""colsample_bytree"": 0.8, ""min_child_weight"": 3, ""reg_lambda"": 3.0}",74.49464529173534,65.58946248402044,81.22566094901812,15.372947717054897,73.49651575532968,91.8748222052724,18.123339309814114,57.172276743594466,68.08307881751877,12.44511150540799,69.9752230260697
2,LightGBM,level,expand,0.0,"{""max_depth"": 2, ""n_estimators"": 300, ""learning_rate"": 0.05, ""num_leaves"": 7, ""min_child_samples"": 10, ""subsample"": 0.8, ""colsample_bytree"": 0.8}",61.923861520696306,64.67097633895034,86.29972137989034,14.85380747780907,52.517842300445,74.63926498658901,13.581201624570385,77.60818354123026,97.18712019578133,16.2085169344825,136.08203298836847
2,LightGBM,level,expand,0.25,"{""max_depth"": 2, ""n_estimators"": 300, ""learning_rate"": 0.05, ""num_leaves"": 7, ""min_child_samples"": 10, ""subsample"": 0.8, ""colsample_bytree"": 0.8}",73.67330373683181,63.14348811907003,82.08791256944016,14.395781710909677,59.46878779393149,80.1451053235718,14.80826973543484,67.05526588454009,84.10676280176125,13.956681555769984,118.01435313389422
2,LightGBM,level,expand,0.5,"{""max_depth"": 2, ""n_estimators"": 300, ""learning_rate"": 0.05, ""num_leaves"": 7, ""min_child_samples"": 10, ""subsample"": 0.8, ""colsample_bytree"": 0.8}",93.06626739289923,66.46626075814322,84.66474252832394,15.257741224311577,74.68856029721361,93.7229648463294,18.275788479596514,57.713490281068275,73.81052148673238,12.044981242879228,102.3404679004981
2,LightGBM,level,decay,0.0,"{""max_depth"": 3, ""n_estimators"": 300, ""learning_rate"": 0.05, ""num_leaves"": 7, ""min_child_samples"": 10, ""subsample"": 0.8, ""colsample_bytree"": 0.8}",60.82906201254708,55.8771066759539,77.33055310939257,13.22368808731703,48.81793182096845,67.67938521808333,12.649356311596732,63.39171216674486,86.42812627874002,13.83507352598702,109.88166418996701
2,LightGBM,level,decay,0.25,"{""max_depth"": 2, ""n_estimators"": 300, ""learning_rate"": 0.05, ""num_leaves"": 7, ""min_child_samples"": 10, ""subsample"": 0.8, ""colsample_bytree"": 0.8}",73.95340338938821,57.73757346963619,77.62321946082854,13.290418841364499,55.70639819423466,75.90526209040979,13.694905779199651,59.89979231119265,79.41118348481697,12.85983597205611,99.36122369951568
2,LightGBM,level,decay,0.5,"{""max_depth"": 3, ""n_estimators"": 300, ""learning_rate"": 0.05, ""num_leaves"": 7, ""min_child_samples"": 10, ""subsample"": 0.8, ""colsample_bytree"": 0.8}",92.56388194600099,60.892821953396236,79.67431489096752,14.189241841700383,70.29087689216662,89.22723932026645,17.345191859911868,50.888440889543894,68.04701060070157,10.829682144894615,88.9000252786296
2,LightGBM,level,window,0.0,"{""max_depth"": 2, ""n_estimators"": 300, ""learning_rate"": 0.05, ""num_leaves"": 7, ""min_child_samples"": 10, ""subsample"": 0.8, ""colsample_bytree"": 0.8}",61.06351505622314,56.979167142762876,75.28447689583385,13.082933158302628,52.671534137928504,67.56360879866853,13.53006044312138,61.56471195436075,82.71529031641508,12.606958951882675,111.036210763291
2,LightGBM,level,window,0.25,"{""max_depth"": 2, ""n_estimators"": 300, ""learning_rate"": 0.05, ""num_leaves"": 7, ""min_child_samples"": 10, ""subsample"": 0.8, ""colsample_bytree"": 0.8}",72.94142472820606,55.86654889617979,75.02425015341123,12.55008605919141,57.51663620202699,76.22369486598623,14.00728663743935,54.110004344794085,73.72598228082887,10.998872540411343,99.05357741385265
2,LightGBM,level,window,0.5,"{""max_depth"": 2, ""n_estimators"": 300, ""learning_rate"": 0.05, ""num_leaves"": 7, ""min_child_samples"": 10, ""subsample"": 0.8, ""colsample_bytree"": 0.8}",92.76199041342007,61.63971240948882,81.1070094373425,14.048137181940362,72.920111350236,92.029896213682,17.76336338911446,49.631545795145044,67.56613185930314,10.0932189614002,88.85857108913422
2,LightGBM,logratio,expand,0.0,"{""max_depth"": 2, ""n_estimators"": 300, ""learning_rate"": 0.03, ""num_leaves"": 7, ""min_child_samples"": 10, ""subsample"": 0.8, ""colsample_bytree"": 0.8}",85.76963140911103,74.68607014084932,96.74952441475162,16.680361236697877,48.93686931683381,59.79047885183025,12.732359735227023,102.09650972770454,124.57649100476011,20.883072512457172,78.0507878154149
2,LightGBM,logratio,expand,0.25,"{""max_depth"": 2, ""n_estimators"": 300, ""learning_rate"": 0.03, ""num_leaves"": 7, ""min_child_samples"": 10, ""subsample"": 0.8, ""colsample_bytree"": 0.8}",93.48614986233174,66.65446465063076,84.81835001859776,14.80749819584226,49.949636344993934,65.53019244754327,12.483875251169273,84.43702381469572,101.39621389495146,17.28103229823609,72.05606030951284
2,LightGBM,logratio,expand,0.5,"{""max_depth"": 2, ""n_estimators"": 300, ""learning_rate"": 0.05, ""num_leaves"": 7, ""min_child_samples"": 10, ""subsample"": 0.8, ""colsample_bytree"": 0.8}",106.33211624395373,67.65620199963166,84.05005636175915,15.355329144272172,64.83596505951529,83.27804168026293,16.109108124529552,70.65838971007811,84.86416145842033,14.552919262062701,73.64635447902191
2,LightGBM,logratio,decay,0.0,"{""max_depth"": 2, ""n_estimators"": 300, ""learning_rate"": 0.03, ""num_leaves"": 7, ""min_child_samples"": 10, ""subsample"": 0.8, ""colsample_bytree"": 0.8}",74.86133832194004,61.740839842947715,79.1565477285822,14.122145552722328,48.75991219689949,59.20846859513252,12.68938134885984,75.55924669196676,95.93720530774985,15.647346156834013,71.18535955029773
2,LightGBM,logratio,decay,0.25,"{""max_depth"": 2, ""n_estimators"": 300, ""learning_rate"": 0.03, ""num_leaves"": 7, ""min_child_samples"": 10, ""subsample"": 0.8, ""colsample_bytree"": 0.8}",85.75155827282383,57.52493963111229,74.39725670670843,13.205466354165218,52.705257678573275,68.0673698939663,13.383184436074732,62.65556880639574,80.59104442555613,13.016282589551867,67.92375256379096
2,LightGBM,logratio,decay,0.5,"{""max_depth"": 2, ""n_estimators"": 300, ""learning_rate"": 0.03, ""num_leaves"": 7, ""min_child_samples"": 10, ""subsample"": 0.8, ""colsample_bytree"": 0.8}",101.70702185288401,60.94714323705382,78.45016642636803,14.19854288257349,69.09531611119823,86.19699115614485,17.273686173349088,52.273281790383955,69.25782331598101,10.92500325045753,69.18255131162408
2,LightGBM,logratio,window,0.0,"{""max_depth"": 2, ""n_estimators"": 300, ""learning_rate"": 0.03, ""num_leaves"": 7, ""min_child_samples"": 10, ""subsample"": 0.8, ""colsample_bytree"": 0.8}",89.50325099028528,58.90173105569352,76.52599725366912,13.558601339759994,43.33530882607742,56.58187492170084,11.34817148516553,75.47243859044615,93.17843194371473,15.91163957207023,62.523178782284006
2,LightGBM,logratio,window,0.25,"{""max_depth"": 2, ""n_estimators"": 300, ""learning_rate"": 0.05, ""num_leaves"": 7, ""min_child_samples"": 10, ""subsample"": 0.8, ""colsample_bytree"": 0.8}",92.13170975963078,56.016227752061766,72.33145514462446,12.90006315503833,47.75290380093326,64.0388421773595,12.235200379635401,64.81266937745664,80.22259408809713,13.607820303047902,62.11157600461894
2,LightGBM,logratio,window,0.5,"{""max_depth"": 2, ""n_estimators"": 300, ""learning_rate"": 0.05, ""num_leaves"": 7, ""min_child_samples"": 10, ""subsample"": 0.8, ""colsample_bytree"": 0.8}",103.33481629823285,60.006630432994015,76.83057254447675,13.994884888434331,64.73720706172713,82.7080324480581,16.415551438412585,54.97085531208456,70.03398836685142,11.418046302973607,64.26980234491262
2,LightGBM,ratio_ly,expand,0.0,"{""max_depth"": 2, ""n_estimators"": 300, ""learning_rate"": 0.05, ""num_leaves"": 7, ""min_child_samples"": 10, ""subsample"": 0.8, ""colsample_bytree"": 0.8}",284.50042693467145,78.3590962598141,101.85650088541746,18.220697123835183,50.29667343573159,69.45766058896409,13.801459969445599,108.23199797577288,127.60570509663869,22.925046352701514,112.51474916977223
2,LightGBM,ratio_ly,expand,0.25,"{""max_depth"": 2, ""n_estimators"": 300, ""learning_rate"": 0.05, ""num_leaves"": 7, ""min_child_samples"": 10, ""subsample"": 0.8, ""colsample_bytree"": 0.8}",214.98977847964898,74.64775143155137,91.68085369781924,17.532811846991674,62.18673002434248,81.95783233004995,16.075119856145058,87.91270970374151,101.00788927615773,19.084548482409044,99.44524835995169
2,LightGBM,ratio_ly,expand,0.5,"{""max_depth"": 2, ""n_estimators"": 300, ""learning_rate"": 0.05, ""num_leaves"": 7, ""min_child_samples"": 10, ""subsample"": 0.8, ""colsample_bytree"": 0.8}",150.09537183746104,74.34827873800887,89.03466135465104,17.792637447463218,78.95362931707112,97.71959169870583,19.885258039288058,69.44580876674905,78.74377091273058,15.565009075520639,90.08414548157985
2,LightGBM,ratio_ly,decay,0.0,"{""max_depth"": 2, ""n_estimators"": 300, ""learning_rate"": 0.03, ""num_leaves"": 7, ""min_child_samples"": 10, ""subsample"": 0.8, ""colsample_bytree"": 0.8}",242.69333449446412,70.36841755263694,91.03325754018313,16.116813221520786,51.3884976246613,68.34559125555869,13.216113906772833,90.5728484437078,110.1647592738427,19.204654427542803,93.5559245454418
2,LightGBM,ratio_ly,decay,0.25,"{""max_depth"": 2, ""n_estimators"": 300, ""learning_rate"": 0.03, ""num_leaves"": 7, ""min_child_samples"": 10, ""subsample"": 0.8, ""colsample_bytree"": 0.8}",186.1650008708481,66.87312436139543,86.18045752336559,15.46751909514636,59.36715306470417,80.70188115403059,14.702558531927545,74.86335187077644,91.65333900127604,16.28183195276639,88.35534201219973
2,LightGBM,ratio_ly,decay,0.5,"{""max_depth"": 2, ""n_estimators"": 300, ""learning_rate"": 0.03, ""num_leaves"": 7, ""min_child_samples"": 10, ""subsample"": 0.8, ""colsample_bytree"": 0.8}",132.17710498215703,70.15477075779143,87.55916334243288,16.497414063989613,76.21670248997172,96.71272809571975,18.739811812577344,63.70174665579304,76.62271305977718,14.110345492912352,84.3347381991335
2,LightGBM,ratio_ly,window,0.0,"{""max_depth"": 2, ""n_estimators"": 300, ""learning_rate"": 0.05, ""num_leaves"": 7, ""min_child_samples"": 10, ""subsample"": 0.8, ""colsample_bytree"": 0.8}",284.50042693467145,77.09275014565088,99.51725941586835,17.247615985598408,54.07924203628955,70.43726544560892,14.362973112200079,101.5910007136807,123.14551567952691,20.31836485082888,112.51474916977223
2,LightGBM,ratio_ly,window,0.25,"{""max_depth"": 2, ""n_estimators"": 300, ""learning_rate"": 0.05, ""num_leaves"": 7, ""min_child_samples"": 10, ""subsample"": 0.8, ""colsample_bytree"": 0.8}",214.98977847964898,73.99079093016238,90.48088271103796,17.090401012360758,65.11878342234293,81.94673123143623,17.038224155083356,83.43518601913149,98.7585464902253,17.145944118494768,99.44524835995169
2,LightGBM,ratio_ly,window,0.5,"{""max_depth"": 2, ""n_estimators"": 300, ""learning_rate"": 0.05, ""num_leaves"": 7, ""min_child_samples"": 10, ""subsample"": 0.8, ""colsample_bytree"": 0.8}",150.09537183746104,73.70273367175398,88.72006603113446,17.464954022908653,79.5937895060915,97.35590223324391,20.412427071496538,67.43160971907211,78.4898475810092,14.327321422798969,90.08414548157985
2,LightGBM,ratio_blend,expand,0.0,"{""max_depth"": 2, ""n_estimators"": 300, ""learning_rate"": 0.05, ""num_leaves"": 7, ""min_child_samples"": 10, ""subsample"": 0.8, ""colsample_bytree"": 0.8}",111.30915020196716,59.134395807724985,77.46378141992585,14.19121700242891,44.99152666334912,56.85241362730916,12.477037384894613,74.18970812270574,94.59221422926801,16.015988853352518,58.772961160811704
2,LightGBM,ratio_blend,expand,0.25,"{""max_depth"": 2, ""n_estimators"": 300, ""learning_rate"": 0.05, ""num_leaves"": 7, ""min_child_samples"": 10, ""subsample"": 0.8, ""colsample_bytree"": 0.8}",87.94810477509394,60.69335516894904,76.45419581439634,14.476625969574581,56.89960237652703,72.4611826947783,14.81327887845627,64.73186620604342,80.48743856506299,14.118253518184392,61.781910044384006
2,LightGBM,ratio_blend,expand,0.5,"{""max_depth"": 2, ""n_estimators"": 300, ""learning_rate"": 0.05, ""num_leaves"": 7, ""min_child_samples"": 10, ""subsample"": 0.8, ""colsample_bytree"": 0.8}",75.28430205446969,66.30528340846931,81.85787942157872,15.72467493161268,74.19571229899505,91.59650137657877,18.520267514663214,57.905794589522564,70.01803131159062,12.748721536752438,67.49368396300684
2,LightGBM,ratio_blend,decay,0.0,"{""max_depth"": 2, ""n_estimators"": 300, ""learning_rate"": 0.03, ""num_leaves"": 7, ""min_child_samples"": 10, ""subsample"": 0.8, ""colsample_bytree"": 0.8}",108.32709232546236,57.41697740069405,73.89331864612251,13.410022604041988,45.4627829775521,57.82857996562692,12.059946614119154,70.1424101737161,87.82267118325824,14.847200270734037,62.105167051505845
2,LightGBM,ratio_blend,decay,0.25,"{""max_depth"": 2, ""n_estimators"": 300, ""learning_rate"": 0.03, ""num_leaves"": 7, ""min_child_samples"": 10, ""subsample"": 0.8, ""colsample_bytree"": 0.8}",84.84401649166887,58.56858077612054,74.23844462807138,13.6974848911323,54.171044654129105,72.32055650938669,13.851697139755487,63.24982890598239,76.2270612338008,13.533323465178594,64.22803805712014
2,LightGBM,ratio_blend,decay,0.5,"{""max_depth"": 2, ""n_estimators"": 300, ""learning_rate"": 0.03, ""num_leaves"": 7, ""min_child_samples"": 10, ""subsample"": 0.8, ""colsample_bytree"": 0.8}",73.72548695903723,64.9723382543134,80.78194934487692,15.270073932192219,72.33534901674007,91.14163920351082,17.96235736188782,57.13429453947212,68.04219437258402,12.404094797354968,69.41951042991485
2,LightGBM,ratio_blend,window,0.0,"{""max_depth"": 2, ""n_estimators"": 300, ""learning_rate"": 0.05, ""num_leaves"": 7, ""min_child_samples"": 10, ""subsample"": 0.8, ""colsample_bytree"": 0.8}",111.30915020196716,61.3808210713331,79.40458176211999,14.320869870138184,44.70084662262956,58.86805993253867,12.393079824641303,79.13692290382396,96.58120548833988,16.373033466957445,58.772961160811704
2,LightGBM,ratio_blend,window,0.25,"{""max_depth"": 2, ""n_estimators"": 300, ""learning_rate"": 0.05, ""num_leaves"": 7, ""min_child_samples"": 10, ""subsample"": 0.8, ""colsample_bytree"": 0.8}",87.94810477509394,63.139062143938546,78.19070521011359,14.887797388272816,58.483442092768925,73.92963200019581,15.340235687145768,68.0950447790546,82.48515845128243,14.406169521730641,61.781910044384006
2,LightGBM,ratio_blend,window,0.5,"{""max_depth"": 2, ""n_estimators"": 300, ""learning_rate"": 0.05, ""num_leaves"": 7, ""min_child_samples"": 10, ""subsample"": 0.8, ""colsample_bytree"": 0.8}",75.28430205446969,68.0441664061818,83.10561815203137,16.114979603703556,75.71828833012884,92.51981740230335,19.11483565138709,59.874939841980115,71.73912258302852,12.921584456169471,67.49368396300684
2,RandomForest,level,expand,0.0,"{""max_depth"": 6, ""min_samples_leaf"": 4}",69.78897954560037,63.47895824574726,81.6088094327347,15.030350570856966,52.84852748675145,69.49565092449426,13.718880267416688,74.79522324725892,92.78166467833726,16.42643186161597,106.00662095656024
2,RandomForest,level,expand,0.25,"{""max_depth"": 6, ""min_samples_leaf"": 4}",82.74745599662103,59.951563354198186,77.46396415442304,13.843600986756034,56.334508595143674,74.59920317277785,13.77765653375374,63.801976484804555,80.40146258473354,13.913799920597183,91.39438562865263
2,RandomForest,level,expand,0.5,"{""max_depth"": 6, ""min_samples_leaf"": 4}",99.95007531173111,62.44110112341123,81.10648040698997,14.463064352819782,69.06655860287151,89.50094378643058,16.772636340468747,55.38819477430837,71.08942335940743,12.004487720806365,83.96389987524935
2,RandomForest,level,decay,0.0,"{""max_depth"": 6, ""min_samples_leaf"": 4}",63.10801576707394,59.57271913878926,78.2785248391141,14.121588805541233,47.968700967437734,64.0075647718001,12.71898442946173,71.92538364377639,91.04444171422199,15.614683786529085,108.28458261223713
2,RandomForest,level,decay,0.25,"{""max_depth"": 6, ""min_samples_leaf"": 4}",77.17775936949964,56.45816100575618,74.07062794436872,13.062685013413066,51.02632817987295,68.75908890625378,12.73751259366854,62.240434659115735,79.33503903972604,13.408836298947561,92.97941027387552
2,RandomForest,level,decay,0.5,"{""max_depth"": 6, ""min_samples_leaf"": 4}",95.44414273349668,60.142590312347956,78.47856970177843,13.860585196853242,65.62644221844336,85.20828855009506,16.018354507998108,54.304941509085126,70.61338795522411,11.56360496240871,85.16845898940832
2,RandomForest,level,window,0.0,"{""max_depth"": 6, ""min_samples_leaf"": 4}",69.66743271982996,58.294776939157614,75.71465059761255,13.54974438235741,49.067763674015545,65.87563520653252,13.035439202707769,68.11708138269596,84.94524893396851,14.097230541339286,106.7475587396568
2,RandomForest,level,window,0.25,"{""max_depth"": 6, ""min_samples_leaf"": 4}",82.7545304338913,55.86586433834942,72.84550800836938,12.796073149245391,52.254436288125106,70.46781876393904,13.080769707106029,59.71028774665271,75.2941349477375,12.493009071522772,94.17826377005716
2,RandomForest,level,window,0.5,"{""max_depth"": 6, ""min_samples_leaf"": 4}",100.30034904449256,60.56348400333965,78.20683444732053,14.007432758891541,66.72323516963002,86.35009276322718,16.355973145070344,54.006329535998304,68.48230331946763,11.507373638120564,86.00304344085235
2,RandomForest,logratio,expand,0.0,"{""max_depth"": 4, ""min_samples_leaf"": 4}",81.84484760662151,67.48939171350702,88.24006823718692,14.90458163104204,47.36811726763063,60.98593629559069,12.239123366334566,88.90881289782705,110.07144762749344,17.742004945085487,73.07371930000431
2,RandomForest,logratio,expand,0.25,"{""max_depth"": 6, ""min_samples_leaf"": 4}",88.77478245038373,62.28180869602801,79.6210906719852,13.748292461589262,52.312790993787694,67.72833758939767,12.88112449164146,72.89398883067092,90.58126677195999,14.671406752178855,69.03934174033944
2,RandomForest,logratio,expand,0.5,"{""max_depth"": 6, ""min_samples_leaf"": 4}",102.50949423175774,62.81157475809467,80.35660332636908,14.176815150775429,66.70473427383445,84.90508873474533,16.36565713505756,58.66724366069427,75.21301183131797,11.84675755460412,68.99515922543426
2,RandomForest,logratio,decay,0.0,"{""max_depth"": 4, ""min_samples_leaf"": 4}",68.47757541010337,63.44114110885322,81.59953806301847,14.30259909037947,46.42857706303771,57.66754152226313,12.274531970823432,81.55128993181813,101.02698757645165,16.461509249906864,68.60356126506066
2,RandomForest,logratio,decay,0.25,"{""max_depth"": 4, ""min_samples_leaf"": 4}",77.92473695488474,59.06890996695556,75.3100929039243,13.246324873765229,50.83313649007001,65.05692090991809,12.792190516090859,67.8360236681563,84.87443255384167,13.729758222257296,63.42929742916571
2,RandomForest,logratio,decay,0.5,"{""max_depth"": 4, ""min_samples_leaf"": 4}",94.86064052651822,61.67152498965407,78.35991884065865,14.04660176058679,66.0471623421571,83.58001041187032,16.325510747430442,57.01358845311858,72.39058968672379,11.62066638749516,65.59085575959693
2,RandomForest,logratio,window,0.0,"{""max_depth"": 4, ""min_samples_leaf"": 4}",80.50899773182189,58.47155193754797,75.70771980059396,13.366216041466842,44.35830511415944,53.940989976820504,11.575411180905508,73.49533081405833,93.46525357560456,15.272556699483744,59.798569951643984
2,RandomForest,logratio,window,0.25,"{""max_depth"": 4, ""min_samples_leaf"": 4}",87.46086164975895,56.17750496192633,71.98278025046491,12.806465367877735,49.36911168234323,63.427939586050236,12.520279616890534,63.42514942083738,80.09166232656466,13.111114715702819,55.27150866581562
2,RandomForest,logratio,window,0.5,"{""max_depth"": 4, ""min_samples_leaf"": 4}",101.54756727437659,60.49669482043912,77.13778050073566,13.980029484632292,66.6359207475139,83.15353086724177,16.663124288922205,53.961389801295006,70.16946298399999,11.123831789743027,60.278365323290956
2,RandomForest,ratio_ly,expand,0.0,"{""max_depth"": 4, ""min_samples_leaf"": 2}",275.64483292391554,81.62726182424603,102.36594041564862,19.91760033822157,51.98610338814273,68.82405852112589,15.708995224955883,113.18075306267859,128.80712067398383,24.39772836202052,106.62530353680486
2,RandomForest,ratio_ly,expand,0.25,"{""max_depth"": 4, ""min_samples_leaf"": 2}",209.20413939018144,74.44539241479245,92.31607746118456,18.137237008301266,58.568542679535106,79.1669923282367,16.26912632771172,91.34655503619548,104.51113597843234,20.125870958606264,95.15983491598624
2,RandomForest,ratio_ly,expand,0.5,"{""max_depth"": 4, ""min_samples_leaf"": 2}",144.272157024841,73.91424604801213,89.6157932193642,18.01650728179486,75.46536379988395,94.83333583411466,19.650560548126624,72.26305618311633,83.7050221868701,16.277031224086848,87.09357740333155
2,RandomForest,ratio_ly,decay,0.0,"{""max_depth"": 4, ""min_samples_leaf"": 2}",251.7984311901515,69.63497452252605,90.56927627430315,17.130062786140208,51.903252380209146,68.4095691268122,15.040720280046397,88.51067873854082,109.32979430745694,19.354201582949752,104.93344416687899
2,RandomForest,ratio_ly,decay,0.25,"{""max_depth"": 4, ""min_samples_leaf"": 2}",191.00521956521246,65.67518518835124,85.11992363593411,15.962748103367938,57.0831542460629,77.93461517876136,15.370238122973372,74.82154070756141,92.15522486462733,16.59348453411054,93.93261454203767
2,RandomForest,ratio_ly,decay,0.5,"{""max_depth"": 6, ""min_samples_leaf"": 2}",132.23994735887683,67.48335622574707,85.77347273773583,16.2225238828619,72.9629117155951,94.22285331744705,18.520278354215414,61.6502810268766,75.75032229275702,13.776527187550094,86.32251086882002
2,RandomForest,ratio_ly,window,0.0,"{""max_depth"": 4, ""min_samples_leaf"": 2}",275.64483292391554,72.57653815392865,93.0655479014628,17.83331602781029,53.012065765588375,68.68876012327613,15.983383330170131,93.40323456732312,113.39593024453941,19.802599222072402,106.62530353680486
2,RandomForest,ratio_ly,window,0.25,"{""max_depth"": 4, ""min_samples_leaf"": 2}",209.2041393901814,68.14057471214608,86.6516046522996,16.69237851373883,59.231142680911994,79.23348640831544,16.533543620819813,77.62480880991134,93.90658373405405,16.861460819104238,95.15983491598624
2,RandomForest,ratio_ly,window,0.5,"{""max_depth"": 4, ""min_samples_leaf"": 2}",144.27215702484102,69.77406702332563,87.10974923140448,17.05798070330925,75.64255139604242,94.95634686320864,19.784627095173633,63.526970755594846,77.89314032432307,14.155421641002,87.09357740333155
2,RandomForest,ratio_blend,expand,0.0,"{""max_depth"": 6, ""min_samples_leaf"": 4}",105.886123377995,57.962589678361596,72.92698353613558,13.751043868294403,41.57915356162873,52.58258825382204,11.150632848651838,75.40302167359333,89.64651586072146,16.51922334081713,57.1406334567689
2,RandomForest,ratio_blend,expand,0.25,"{""max_depth"": 6, ""min_samples_leaf"": 4}",86.77789748257237,57.97752165195502,72.85002950266575,13.710153053174457,50.23538771133303,67.67769032862877,12.75990706035306,66.2191481048752,77.97998352665248,14.721705239081107,59.63770952772356
2,RandomForest,ratio_blend,expand,0.5,"{""max_depth"": 6, ""min_samples_leaf"": 4}",74.9351991549498,64.43505433005987,79.52590142030748,15.264220060967443,69.43377019059834,87.91899073906089,17.20676530878567,59.11384067206732,69.48610931379302,13.196349313289977,66.35349428198934
2,RandomForest,ratio_blend,decay,0.0,"{""max_depth"": 6, ""min_samples_leaf"": 4}",95.68185220007672,56.7677018429282,72.33271122212656,13.910473942638275,43.54303550127736,53.85287748855213,12.247830384027669,70.84557246468555,87.83139668637976,15.680384827610855,59.24381252808078
2,RandomForest,ratio_blend,decay,0.25,"{""max_depth"": 6, ""min_samples_leaf"": 4}",80.042545016624,56.993272664662,72.25857062663508,13.726376817999691,51.07538453469877,67.731035539151,13.322509719506611,63.29296002881642,76.78541340697737,14.156299858331039,61.6975335350182
2,RandomForest,ratio_blend,decay,0.5,"{""max_depth"": 6, ""min_samples_leaf"": 4}",72.37042107777803,63.5007168455066,79.07652334796197,15.221533246255053,69.45428396515808,87.58868778974458,17.47807101769198,57.16304862136149,68.86862137647421,12.819412392789935,67.36611751744502
2,RandomForest,ratio_blend,window,0.0,"{""max_depth"": 6, ""min_samples_leaf"": 4}",105.88612337799502,57.299255210576206,73.16197308027577,13.649665544603195,41.02432775114906,52.146359355861385,11.124269066664482,74.6241779899664,90.31060083447584,16.337990827570216,57.14063345676891
2,RandomForest,ratio_blend,window,0.25,"{""max_depth"": 6, ""min_samples_leaf"": 4}",86.77789748257237,57.84610091516237,72.6613828671638,13.75538244245763,50.402318886865615,66.8226076388912,12.95928050645225,65.77012694528472,78.4004794311313,14.602845793689164,59.63770952772356
2,RandomForest,ratio_blend,window,0.5,"{""max_depth"": 6, ""min_samples_leaf"": 4}",74.9351991549498,63.78511193894728,79.18714535974418,15.149818981295859,68.68120690160463,87.17365806557135,17.0891661285631,58.57313988192495,69.68674506649029,13.085352663237185,66.35349428198934
2,ExtraTrees,level,expand,0.0,"{""max_depth"": 6, ""min_samples_leaf"": 4}",69.94456436003405,62.13638601856691,80.77774309805591,14.150590811835256,54.38784018297569,71.90584604853069,13.534283672637102,70.3848380370995,89.25822072097053,14.806659701949421,107.71628383112315
2,ExtraTrees,level,expand,0.25,"{""max_depth"": 6, ""min_samples_leaf"": 4}",83.70267694688569,59.58021485275037,76.60826158252105,13.513359076988804,56.854129279195774,75.25192047956156,13.718850499242599,62.48217691492139,78.02620462405619,13.294610143621869,94.69163759114599
2,ExtraTrees,level,expand,0.5,"{""max_depth"": 6, ""min_samples_leaf"": 4}",101.02136935411079,61.53547340338487,80.4360087031105,14.203722343321434,67.32907710683509,89.2772660602484,16.272530537838456,55.36808881584109,69.80449610905494,12.001442652383957,86.44210579236547
2,ExtraTrees,level,decay,0.0,"{""max_depth"": null, ""min_samples_leaf"": 4}",55.8443970027537,59.08421905827545,76.29642036228402,13.751106873594122,52.589224968888495,68.60946128808509,13.630026846827963,65.99824502439705,83.70718564067074,13.879998514990358,109.94309550609795
2,ExtraTrees,level,decay,0.25,"{""max_depth"": null, ""min_samples_leaf"": 4}",71.75441712276519,57.29717791258107,73.6033120254128,13.207255785319614,55.51697544205932,72.79690118723133,13.77807055772654,59.19223215539454,74.452152093023,12.59961425340256,97.74872124811515
2,ExtraTrees,level,decay,0.5,"{""max_depth"": null, ""min_samples_leaf"": 4}",92.24958595388296,60.39461118499703,78.86738174892835,13.97983049742857,66.37788619836206,87.84878794184323,16.17261807552703,54.02531842883423,68.01555204925575,11.64557275300118,88.31032540677427
2,ExtraTrees,level,window,0.0,"{""max_depth"": 6, ""min_samples_leaf"": 4}",70.99845500991322,60.92692348322616,76.7617518614783,13.811654641967769,55.13283694311033,70.04610737033892,14.05995725554143,67.09482205818819,83.31796323386695,13.547332504937748,108.92067953982759
2,ExtraTrees,level,window,0.25,"{""max_depth"": 6, ""min_samples_leaf"": 4}",84.98121063294828,58.912645150646455,75.30424586140829,13.297060882611756,57.77609570543854,76.5298471443977,14.144400201615223,60.12252036651293,73.97726477998458,12.395054510769356,97.6162909048707
2,ExtraTrees,level,window,0.5,"{""max_depth"": null, ""min_samples_leaf"": 2}",102.06497407407407,59.5536545138889,78.45886236026338,13.884530407093171,67.42247895622897,88.59238384908319,16.5835828854855,51.17716397849463,65.9830407324692,11.011345510740048,87.98343967013886
2,ExtraTrees,logratio,expand,0.0,"{""max_depth"": 6, ""min_samples_leaf"": 4}",79.4140763272432,67.53163544063356,89.50356083177381,14.796247215807364,48.50326335358889,62.79693167010635,12.481289291092308,87.78764443651981,111.08886169934613,17.26055726469759,77.80534460718077
2,ExtraTrees,logratio,expand,0.25,"{""max_depth"": 6, ""min_samples_leaf"": 4}",89.55149267055161,63.49769586447891,81.29687192000229,13.944673701185357,54.67855169647646,70.13321072737564,13.541731129989715,72.8858170755783,91.69929633983351,14.37361256729685,71.98243215618588
2,ExtraTrees,logratio,expand,0.5,"{""max_depth"": 6, ""min_samples_leaf"": 4}",105.29118213777427,64.347923700099,81.94004235020157,14.492115631369378,69.14466970013596,87.13026197024872,17.0491482226364,59.24171021618866,76.02660620858295,11.770113195504491,71.1040191849492
2,ExtraTrees,logratio,decay,0.0,"{""max_depth"": 6, ""min_samples_leaf"": 4}",68.02468545229132,60.99169337103798,79.59367104112337,13.885616859164157,43.89321346858105,53.89069939005996,11.805957891456611,79.19330100913731,99.93722403825124,16.09944737317542,64.08117873342101
2,ExtraTrees,logratio,decay,0.25,"{""max_depth"": 6, ""min_samples_leaf"": 4}",77.96618990299088,56.713695062772544,73.24562185005554,12.813099327654642,47.1027186716628,61.51328836513988,12.061655946902022,66.9447344468571,83.95212890759122,13.613022926520332,60.14315383679296
2,ExtraTrees,logratio,decay,0.5,"{""max_depth"": 6, ""min_samples_leaf"": 4}",95.62757562724238,60.18013282195679,76.76603624781272,13.837445786300245,64.4726764709231,81.22969072719512,16.212747240052845,55.61065087305715,71.70973950156494,11.308899077466835,62.938495209717225
2,ExtraTrees,logratio,window,0.0,"{""max_depth"": null, ""min_samples_leaf"": 4}",79.71974015290222,58.09864925088402,75.78236032739812,13.405487891889079,42.89398294465293,53.15860120431528,11.496406894527315,74.28426177042034,94.06538831573346,15.437735405209665,58.10576008686858
2,ExtraTrees,logratio,window,0.25,"{""max_depth"": null, ""min_samples_leaf"": 4}",89.43212396515848,54.5664540498519,71.23989414026416,12.478690739111276,45.62801046984219,60.62660589006803,11.761974590897953,64.08157140921708,81.02439394079931,13.241646638822232,53.48803448084132
2,ExtraTrees,logratio,window,0.5,"{""max_depth"": null, ""min_samples_leaf"": 4}",105.22001731415418,58.84377509554827,76.17558237558097,13.593785516662477,63.279205035778006,80.57945695618288,15.923435568415972,54.122188384981115,71.18885044677025,11.113835461570051,58.73457101733237
2,ExtraTrees,ratio_ly,expand,0.0,"{""max_depth"": null, ""min_samples_leaf"": 2}",331.0466623497564,71.00187511310298,91.68381688274069,16.895021110680936,51.42837208452544,65.98974844195389,14.00163691118913,91.83818478868552,112.77663881329543,19.97507525852705,96.93612606032875
2,ExtraTrees,ratio_ly,expand,0.25,"{""max_depth"": null, ""min_samples_leaf"": 2}",249.0856767522775,65.99946539456003,84.90431190046299,15.815147007426072,56.288281215165746,75.95259781071177,14.728306779499176,76.33717758552815,93.49645408252402,16.97210595973535,86.67832688940291
2,ExtraTrees,ratio_ly,expand,0.5,"{""max_depth"": null, ""min_samples_leaf"": 2}",170.2260378921905,67.72489792776504,85.53401367756673,16.31857258503925,70.93165665284735,92.30164085521452,18.028122385322686,64.311251543,77.68458847453256,14.498729249253659,80.9803007522113
2,ExtraTrees,ratio_ly,decay,0.0,"{""max_depth"": null, ""min_samples_leaf"": 4}",333.9528978811326,69.40010912962241,88.2563752430752,16.59098292492094,50.90748763757755,66.02508091631306,13.876209710103407,89.08580297599278,106.95955583496279,19.480902798758954,94.78842891217988
2,ExtraTrees,ratio_ly,decay,0.25,"{""max_depth"": null, ""min_samples_leaf"": 4}",251.67798910791717,64.96963226699157,82.81393475888068,15.581449495040662,56.206410481685715,75.99568973228658,14.607105839996679,74.2982231997365,89.50312271821085,16.618654031055232,86.51427557384876
2,ExtraTrees,ratio_ly,decay,0.5,"{""max_depth"": null, ""min_samples_leaf"": 4}",172.23874617351782,67.05707475141492,84.5989099455441,16.185283132489158,70.99797428097781,92.33629310405874,18.003742795794196,62.861923639299555,75.49593714678241,14.249503490906376,81.80301553333265
2,ExtraTrees,ratio_ly,window,0.0,"{""max_depth"": null, ""min_samples_leaf"": 2}",331.0466623497564,67.40088689604123,86.14270416581034,16.067197899985374,50.190514117249904,64.58934031380467,13.635850555628206,85.72160630572232,104.30219056744573,18.65540636333332,96.93612606032875
2,ExtraTrees,ratio_ly,window,0.25,"{""max_depth"": null, ""min_samples_leaf"": 2}",249.0856767522775,64.021996484661,81.5481531305764,15.32862502141601,55.74646296936578,75.37545533952479,14.567703366227663,72.83143538803978,87.64266268984879,16.13863839629392,86.67832688940291
2,ExtraTrees,ratio_ly,window,0.5,"{""max_depth"": null, ""min_samples_leaf"": 2}",170.2260378921905,66.94221241850325,84.0469592589648,16.15238526956184,71.49779498446838,92.16601570601583,18.211880714132427,62.09272129989518,74.43726308353432,13.96001915114799,80.9803007522113
2,ExtraTrees,ratio_blend,expand,0.0,"{""max_depth"": null, ""min_samples_leaf"": 2}",163.2645894485897,57.803982478974525,75.62992873013629,13.899719586396609,41.90464831720254,53.65412015555147,11.836610220490346,74.72908013505437,93.51099289240776,16.095932782361345,60.33375573970739
2,ExtraTrees,ratio_blend,expand,0.25,"{""max_depth"": null, ""min_samples_leaf"": 2}",124.86187876671337,56.88104733928135,72.2564385684904,13.735984208644696,49.17954300171341,64.13527409548146,13.197167163267459,65.07942292443431,80.00071469147414,14.309563644046275,59.730255818141174
2,ExtraTrees,ratio_blend,expand,0.5,"{""max_depth"": null, ""min_samples_leaf"": 2}",89.2323498537315,61.7601292723945,77.51614813770497,14.811843753470674,65.5108234671606,83.96576132521957,16.669176113262306,57.76745480699833,70.000457773236,12.834683499498933,65.02336483946425
2,ExtraTrees,ratio_blend,decay,0.0,"{""max_depth"": 6, ""min_samples_leaf"": 2}",155.4582290688868,57.541717617976374,74.49185009855093,13.86256545967548,42.74333902927645,54.192814734627234,12.001091866404922,73.29483030917308,91.26739661270507,15.844134123479629,58.087669725746366
2,ExtraTrees,ratio_blend,decay,0.25,"{""max_depth"": 6, ""min_samples_leaf"": 2}",118.93878689027565,56.98628743885587,72.29220752042744,13.680485655963375,49.80356337571214,65.5057741641751,13.191222356768359,64.63241305446049,78.87745422822914,14.201314329300008,60.53186795925332
2,ExtraTrees,ratio_blend,decay,0.5,"{""max_depth"": 6, ""min_samples_leaf"": 2}",86.33930207736304,62.15898272820927,78.10936065019928,14.839541943338258,66.56010497465269,85.1944729196282,16.79645266393818,57.47391711102756,69.7810818770661,12.756378918183502,66.57566189900913
2,ExtraTrees,ratio_blend,window,0.0,"{""max_depth"": null, ""min_samples_leaf"": 2}",163.2645894485897,57.6279826895956,74.57365057326517,13.948811630655026,42.458682205143816,54.02337512553258,12.085125513560907,73.77594772143136,91.51191567931124,15.932735561755221,60.33375573970739
2,ExtraTrees,ratio_blend,window,0.25,"{""max_depth"": null, ""min_samples_leaf"": 2}",124.86187876671337,56.472215930533366,71.82595211282896,13.597495702350432,49.45683067790567,64.5955562120438,13.220499453005957,63.94020668333061,78.79712195603715,13.998814290362288,59.730255818141174
2,ExtraTrees,ratio_blend,window,0.5,"{""max_depth"": null, ""min_samples_leaf"": 2}",89.2323498537315,61.4545004816292,77.49439277655817,14.727554034684825,65.79636866036384,84.31709305849127,16.72228370771781,56.83251177523428,69.49938415952425,12.604132124681971,65.02336483946425
2,Ridge,level,expand,0.0,"{""alpha"": 200.0}",229.3453608282797,61.87399400766845,81.2161632451936,14.041577434506525,54.490740950099024,70.5922842088032,14.293876896061459,69.73358597217785,91.17516667441589,13.773000588335139,68.18849130025347
2,Ridge,level,expand,0.25,"{""alpha"": 200.0}",176.85185849721913,63.86771536999637,80.43514078297291,14.699022179722629,65.37054272201917,81.6540242215277,16.629374965969188,62.26793141461725,79.11698783689852,12.644130504040804,67.7691175733459
2,Ridge,level,expand,0.5,"{""alpha"": 200.0}",130.60751255487034,67.65573461768112,85.06324494202687,15.80572602379915,79.73019493826773,96.9710840192671,19.836163409424383,54.80227685705667,70.20165733741999,11.515260419746477,70.74545537572925
2,Ridge,level,decay,0.0,"{""alpha"": 200.0}",236.72977607492476,73.33706315207141,95.16254030010008,17.095081834202155,61.99123891303561,81.19996599200259,15.947254528370847,85.41487605169013,108.06133908396127,18.316962514603226,88.62859367798059
2,Ridge,level,decay,0.25,"{""alpha"": 200.0}",181.67545667319735,70.59632085317247,90.09536481808571,16.36450260458875,67.50678963924175,88.73667945092005,16.714552561164027,73.88517666155035,91.51954515555452,15.991868779847335,83.54624402640002
2,Ridge,level,decay,0.5,"{""alpha"": 200.0}",133.849917763684,72.68614566389611,90.56664695085708,16.98657873927379,81.12562742932072,101.03168151675392,19.8525924115242,63.70218120392799,77.8965609497132,13.935660959136257,80.78400591929645
2,Ridge,level,window,0.0,"{""alpha"": 200.0}",229.34917016684292,66.88608423396494,86.81473489246272,15.424919887498028,55.85244922141222,73.03531344163363,14.242934761029217,78.63156666668235,99.40596190510037,16.68316211890032,80.8577394730181
2,Ridge,level,window,0.25,"{""alpha"": 200.0}",176.90180664393964,65.61979970222373,84.05667338019471,15.140241932244608,62.50128591276793,82.6284120730894,15.45047954640638,68.93950792970892,85.55088277421923,14.809988988136915,76.01931461718914
2,Ridge,level,window,0.5,"{""alpha"": 200.0}",130.66503881016868,69.39752719571814,86.94637668280768,16.197718357906144,77.98144499105736,97.16676904282512,19.08546907505468,60.25980825229251,74.5423589394256,13.123661142877058,75.78597757664159
2,Ridge,logratio,expand,0.0,"{""alpha"": 200.0}",288.0328478346307,60.21279839089608,78.2325467769092,14.26587109505843,47.453775949872174,60.92375164870241,13.084215277139908,73.79498357005058,93.18988454372229,15.523762772197502,61.699272020784576
2,Ridge,logratio,expand,0.25,"{""alpha"": 200.0}",216.67163830983074,57.78140481746573,73.2172997551655,13.386681810666248,52.173313199034205,66.40944251184412,13.394566169493698,63.751308798376684,79.82893143866208,13.378288783527351,58.79793893974476
2,Ridge,logratio,expand,0.5,"{""alpha"": 200.0}",156.85513108538927,61.53268749525061,77.42676552383573,14.311555636045311,67.2890799372747,83.84283223700396,16.698943582392136,55.404914895676555,69.95306725472707,11.770142660901918,62.91979892042173
2,Ridge,logratio,decay,0.0,"{""alpha"": 200.0}",144.30021487161932,60.94288572397255,79.75930041736115,14.602993303438506,45.80863980305125,58.757428359199665,13.040454715719536,77.05353460753396,97.25400338596658,16.26634083230064,60.730645647143085
2,Ridge,logratio,decay,0.25,"{""alpha"": 200.0}",108.17012495247815,56.16038191731371,71.56748595664317,13.18696696790247,47.21221074571932,59.83389467492528,12.547917977660505,65.6858544548174,82.23859653057202,13.86724492525682,56.352822294480106
2,Ridge,logratio,decay,0.5,"{""alpha"": 200.0}",86.0505969198348,59.820113659287074,74.53728008524095,14.0013413179309,62.551071398753926,77.79735928007902,15.756618947295445,56.91296509791913,70.90234792483614,12.132819970542833,60.18689138703312
2,Ridge,logratio,window,0.0,"{""alpha"": 200.0}",289.70841639799545,59.834365032984934,77.11986792518113,14.326331812379959,47.71238936189382,60.28569276546304,13.200538465101245,72.73840365059807,91.70504981699136,15.524756988515357,58.448028638019224
2,Ridge,logratio,window,0.25,"{""alpha"": 200.0}",216.99412127978815,55.33222876005075,71.37148663517186,12.99009210086148,49.105168524200984,63.78190450253646,12.870343137629073,61.96103481756824,78.65001454051021,13.117566803657265,53.797377147497734
2,Ridge,logratio,window,0.5,"{""alpha"": 200.0}",156.2900290785403,59.356979971605725,75.66695131156885,13.88071323803916,64.22489749577262,81.31530984512415,16.0832763841768,54.17500325233129,69.14903820582435,11.536049243763616,58.787525985865614
2,Ridge,ratio_ly,expand,0.0,"{""alpha"": 10.0}",100.18181980765809,121.02341668232617,168.36463779314042,23.90541447462579,81.4585861093393,111.31547305667357,19.738240977529685,163.1408169696993,212.91208549989554,28.341437874760363,170.65682877095566
2,Ridge,ratio_ly,expand,0.25,"{""alpha"": 10.0}",83.22022330674952,99.75672187658746,134.8266005512412,20.207634576886782,73.64225652854161,95.48602030791552,17.955753548919816,127.55599144063629,166.80348099050207,22.604798251819357,136.91745945146943
2,Ridge,ratio_ly,expand,0.5,"{""alpha"": 10.0}",74.16739149753002,83.1836319132058,109.4150951857082,17.59945794993302,74.11862560018368,94.69103986173259,18.107989132132758,92.8334773431971,123.16988863991878,17.058118304365564,107.81259717004546
2,Ridge,ratio_ly,decay,0.0,"{""alpha"": 10.0}",100.34319090008563,79.6013940958266,105.13863402777258,18.204866127907643,65.69430722256801,86.74199467808815,16.917608011470577,94.40571238026314,121.70386338266432,19.575173155082577,151.55099425374715
2,Ridge,ratio_ly,decay,0.25,"{""alpha"": 10.0}",81.1523163142748,75.03987789138121,94.25334919573729,17.35013086831515,68.79149612749332,86.38381060271519,17.54787042040342,81.69138105939092,101.96536970401328,17.139633925769573,124.27726398395222
2,Ridge,ratio_ly,decay,0.5,"{""alpha"": 10.0}",69.81291118702704,71.75098107856931,90.69306106885193,16.948412673859277,74.3567953677078,95.87831016787806,19.05671137990425,68.97704973851867,84.8256928068617,14.704094696456563,99.89085227126779
2,Ridge,ratio_ly,window,0.0,"{""alpha"": 10.0}",100.18181980765809,86.72697057332547,119.30936445854486,18.89431704353551,76.38374609195837,108.37191262839511,18.33393904397885,97.73749985994208,129.94475338461197,19.490848462418402,170.65682877095566
2,Ridge,ratio_ly,window,0.25,"{""alpha"": 10.0}",83.22022330674952,76.74055710921807,100.6557095292917,17.06911543655011,70.98969868096215,94.2049309070383,17.266691140046994,82.86243866187762,107.09655303878894,16.858792913472783,136.91745945146943
2,Ridge,ratio_ly,window,0.5,"{""alpha"": 10.0}",74.16739149753002,71.6302117284153,91.09759960179659,16.365125869478018,74.54070156383158,94.68743222616766,18.28157453049065,68.53194835523024,87.11376056870729,14.325035359367794,107.81259717004546
2,Ridge,ratio_blend,expand,0.0,"{""alpha"": 10.0}",62.32367900452046,89.59131597342281,118.40135400994753,18.33936768719898,64.25140621890455,84.93031554988009,15.72082787255176,116.56605861532933,145.8207173573103,21.126845554404085,132.26507433844773
2,Ridge,ratio_blend,expand,0.25,"{""alpha"": 10.0}",60.28692710275964,78.14618844822895,102.20530945252884,16.322209554808754,64.70753216081732,84.88128160474292,15.546159687602396,92.45185481869942,117.88181109961415,17.14832715538327,111.61984881080218
2,Ridge,ratio_blend,expand,0.5,"{""alpha"": 10.0}",67.6598423960326,71.67945839823955,93.94590174060346,15.677733486478193,73.25977800137493,94.89494318176634,17.69125449265288,69.99718269167607,92.92498172358655,13.534307899259979,94.23424972334016
2,Ridge,ratio_blend,decay,0.0,"{""alpha"": 10.0}",62.56463166009263,64.91896534321481,83.6565832208447,14.90928523720564,55.18944717237727,71.38091734347935,14.206291154492245,75.2761943637838,94.99683589461189,15.657633776868284,114.02483235534268
2,Ridge,ratio_blend,decay,0.25,"{""alpha"": 10.0}",57.206002971955435,63.30128105553978,80.46789923344777,14.666640487920219,59.851143310301154,78.42544109270595,15.166389023299324,66.9740083327293,82.58664187492963,14.134650111548908,98.4996735722774
2,Ridge,ratio_blend,decay,0.5,"{""alpha"": 10.0}",63.16392110921839,65.98110611811673,83.91426684697907,15.5254004116549,72.38367533383024,93.04999875910373,18.178839078272343,59.16546792074424,72.94246355431308,12.700772153642786,85.89405485546624
2,Ridge,ratio_blend,window,0.0,"{""alpha"": 10.0}",62.32367900452046,70.72246856573204,92.99982523478967,15.50927257416549,61.99281891625834,83.00524539407417,15.153379928339591,80.01532141839765,102.57462813062014,15.888126035851121,132.26507433844773
2,Ridge,ratio_blend,window,0.25,"{""alpha"": 10.0}",60.28692710275964,65.4090338756831,85.31235759302072,14.480650732091002,62.373661388367935,83.37519686667628,14.942712494743956,68.64023684605083,87.32728963829716,13.988778533137861,111.61984881080218
2,Ridge,ratio_blend,window,0.5,"{""alpha"": 10.0}",67.6598423960326,66.10502228885167,85.36482370638316,15.055552436846064,72.59956665074998,93.96177994605573,17.518450880206085,59.19147506489541,75.14005613179685,12.433757319720884,94.23424972334016
3,Baseline: persistence,-,-,-,-,,83.35483870967742,107.40156783861933,20.714687504396156,73.6774193548387,89.67072381595578,20.484169626038085,93.03225806451613,122.59426919195562,20.945205382754224,
3,Baseline: seasonal naive,-,-,-,-,,84.95161290322581,106.1530392496394,20.669123017755307,117.19354838709677,134.51094211396745,29.7842166726966,52.70967741935484,66.66139764124264,11.554029362814022,
3,Baseline: seasonal + drift,-,-,-,-,,70.58896665909326,91.42338743499062,17.597672988266996,82.5008143852124,105.25268952734575,22.269780354139016,58.67711893297408,75.08889989497091,12.925565622394968,
3,Baseline: 4-week rolling mean,-,-,-,-,,113.38709677419355,132.9374473929556,28.718925655163503,89.43548387096774,106.76485316323786,25.513473125896425,137.33870967741936,154.74493842365874,31.92437818443056,
3,XGBoost,level,expand,0.0,"{""max_depth"": 3, ""n_estimators"": 300, ""learning_rate"": 0.03, ""subsample"": 0.8, ""colsample_bytree"": 0.8, ""min_child_weight"": 3, ""reg_lambda"": 3.0}",63.358210550944015,63.391452420142386,83.87123801607481,14.672076151714986,61.37832789267263,83.83376880942964,15.016952086339655,65.40457694761214,83.90869049094525,14.327200217090317,125.6642238247779
3,XGBoost,level,expand,0.25,"{""max_depth"": 3, ""n_estimators"": 300, ""learning_rate"": 0.03, ""subsample"": 0.8, ""colsample_bytree"": 0.8, ""min_child_weight"": 3, ""reg_lambda"": 3.0}",73.29741032918294,59.3121079475649,79.91864887216546,13.417466134947237,60.925621278824345,84.83794530698721,14.274066874632396,57.69859461630544,74.67599287049082,12.56086539526208,107.45749627390215
3,XGBoost,level,expand,0.5,"{""max_depth"": 3, ""n_estimators"": 300, ""learning_rate"": 0.03, ""subsample"": 0.8, ""colsample_bytree"": 0.8, ""min_child_weight"": 3, ""reg_lambda"": 3.0}",89.8490651957194,61.68013332736108,82.92691359621557,14.170758169002537,71.0929466985887,95.38405518003309,16.970115330038794,52.26731995613344,68.23216261119684,11.37140100796627,94.31205337278304
3,XGBoost,level,decay,0.0,"{""max_depth"": 3, ""n_estimators"": 300, ""learning_rate"": 0.03, ""subsample"": 0.8, ""colsample_bytree"": 0.8, ""min_child_weight"": 3, ""reg_lambda"": 3.0}",56.21032613118489,59.36951101979902,79.00793572582603,13.660094785998211,59.13590265089466,78.01153203814059,14.87262829171399,59.60311938870338,79.99192887019711,12.447561280282429,122.55857824510143
3,XGBoost,level,decay,0.25,"{""max_depth"": 3, ""n_estimators"": 300, ""learning_rate"": 0.05, ""subsample"": 0.8, ""colsample_bytree"": 0.8, ""min_child_weight"": 3, ""reg_lambda"": 3.0}",67.4781110127767,56.82511754189768,76.82917296655052,12.984608006934636,58.42029497700353,80.51367522458709,14.309251060565952,55.22994010679184,72.95883592326555,11.659964953303325,102.8613860837875
3,XGBoost,level,decay,0.5,"{""max_depth"": 3, ""n_estimators"": 300, ""learning_rate"": 0.05, ""subsample"": 0.8, ""colsample_bytree"": 0.8, ""min_child_weight"": 3, ""reg_lambda"": 3.0}",86.48633880615235,60.36129428494361,81.05878884368944,13.891781858414868,68.42590799639302,92.51689837783263,16.63793742138849,52.29668057349421,67.6880935775078,11.145626295441243,90.43299078172252
3,XGBoost,level,window,0.0,"{""max_depth"": 3, ""n_estimators"": 300, ""learning_rate"": 0.05, ""subsample"": 0.8, ""colsample_bytree"": 0.8, ""min_child_weight"": 3, ""reg_lambda"": 3.0}",61.69722615559896,60.4609633414976,79.27800208479086,14.489701970650454,61.876104047221524,78.53996725088864,16.551203360155025,59.04582263577369,80.00922930100968,12.42820058114589,99.18300407163558
3,XGBoost,level,window,0.25,"{""max_depth"": 3, ""n_estimators"": 300, ""learning_rate"": 0.03, ""subsample"": 0.8, ""colsample_bytree"": 0.8, ""min_child_weight"": 3, ""reg_lambda"": 3.0}",72.98287251790364,58.22137697281376,77.07110688418382,13.797518398789604,64.20834596695438,81.6001430747667,16.621682191197138,52.23440797867313,72.25875506043664,10.973354606382069,95.61215788318265
3,XGBoost,level,window,0.5,"{""max_depth"": 3, ""n_estimators"": 300, ""learning_rate"": 0.03, ""subsample"": 0.8, ""colsample_bytree"": 0.8, ""min_child_weight"": 3, ""reg_lambda"": 3.0}",89.80492635091146,60.608670757662864,81.54510213884701,14.337294598519875,71.69842455464024,93.28302340477404,18.148649226130097,49.51891696068548,67.80475580764495,10.525939970909652,87.20791822864163
3,XGBoost,logratio,expand,0.0,"{""max_depth"": 3, ""n_estimators"": 300, ""learning_rate"": 0.05, ""subsample"": 0.8, ""colsample_bytree"": 0.8, ""min_child_weight"": 3, ""reg_lambda"": 3.0}",116.0495799557368,86.1891597845862,120.45420711819624,19.158219785526203,66.53158602983721,96.43080764241363,15.89039609475077,105.84673353933519,140.42624883681273,22.426043476301643,123.08259754796183
3,XGBoost,logratio,expand,0.25,"{""max_depth"": 3, ""n_estimators"": 300, ""learning_rate"": 0.03, ""subsample"": 0.8, ""colsample_bytree"": 0.8, ""min_child_weight"": 3, ""reg_lambda"": 3.0}",111.44488909954826,74.95477135311211,104.82329824110117,16.729052909362093,67.22165147094957,96.14434868960537,16.008316082376727,82.68789123527465,112.83666036947949,17.449789736347462,107.20609918236732
3,XGBoost,logratio,expand,0.5,"{""max_depth"": 2, ""n_estimators"": 300, ""learning_rate"": 0.03, ""subsample"": 0.8, ""colsample_bytree"": 0.8, ""min_child_weight"": 3, ""reg_lambda"": 3.0}",115.76331654697657,73.17331887060597,94.06241375917297,16.70147409770574,75.77315315219664,98.19221467482718,18.554815876439893,70.57348458901528,89.74276762868617,14.848132318971588,91.67198302308398
3,XGBoost,logratio,decay,0.0,"{""max_depth"": 2, ""n_estimators"": 300, ""learning_rate"": 0.03, ""subsample"": 0.8, ""colsample_bytree"": 0.8, ""min_child_weight"": 3, ""reg_lambda"": 3.0}",84.6602388326327,67.0625754537121,92.42781333891843,15.175586385470204,50.066309544347945,70.93782375415046,12.752508246703789,84.05884136307624,109.7890090958698,17.598664524236625,89.24210423134988
3,XGBoost,logratio,decay,0.25,"{""max_depth"": 2, ""n_estimators"": 300, ""learning_rate"": 0.03, ""subsample"": 0.8, ""colsample_bytree"": 0.8, ""min_child_weight"": 3, ""reg_lambda"": 3.0}",88.39376523633798,60.772228393343184,83.95287172631313,13.922954387745184,52.39329997570284,76.79730629490649,13.225947560764832,69.15115681098354,90.54470215333357,14.619961214725526,82.28529982485118
3,XGBoost,logratio,decay,0.5,"{""max_depth"": 2, ""n_estimators"": 300, ""learning_rate"": 0.03, ""subsample"": 0.8, ""colsample_bytree"": 0.8, ""min_child_weight"": 3, ""reg_lambda"": 3.0}",100.30357352296511,63.894036543946115,83.6903449975483,14.93952614604264,69.51545432690651,91.45060512346892,17.37347146463594,58.272618760985715,75.13277922563942,12.50558082744933,79.52617875654852
3,XGBoost,logratio,window,0.0,"{""max_depth"": 3, ""n_estimators"": 300, ""learning_rate"": 0.03, ""subsample"": 0.8, ""colsample_bytree"": 0.8, ""min_child_weight"": 3, ""reg_lambda"": 3.0}",116.05877060115337,60.45757614028069,81.22180722752712,14.096250388089462,48.94861232465313,64.66111365158112,12.246537057194386,71.96653995590825,94.93631718130032,15.945963718984544,72.55965860332212
3,XGBoost,logratio,window,0.25,"{""max_depth"": 3, ""n_estimators"": 300, ""learning_rate"": 0.03, ""subsample"": 0.8, ""colsample_bytree"": 0.8, ""min_child_weight"": 3, ""reg_lambda"": 3.0}",111.38705478802324,55.99789523020868,75.70181872131,13.086916852431482,50.80526969990423,70.3022393822567,12.607560539231653,61.190520760513124,80.74110386456232,13.566273165631312,68.04082645836377
3,XGBoost,logratio,window,0.5,"{""max_depth"": 2, ""n_estimators"": 300, ""learning_rate"": 0.05, ""subsample"": 0.8, ""colsample_bytree"": 0.8, ""min_child_weight"": 3, ""reg_lambda"": 3.0}",114.98641558984916,60.043013456367675,80.43563323046808,14.162985090527108,66.87463731342747,89.31067026345723,16.547386769793864,53.21138959930789,70.4513049095954,11.778583411260362,70.34422407707861
3,XGBoost,ratio_ly,expand,0.0,"{""max_depth"": 2, ""n_estimators"": 300, ""learning_rate"": 0.03, ""subsample"": 0.8, ""colsample_bytree"": 0.8, ""min_child_weight"": 3, ""reg_lambda"": 3.0}",159.0980089688301,83.23109212806148,104.59489856814066,19.756020315875777,55.20156083760723,75.65931576825294,14.868494424073134,111.26062341851573,127.10567867109263,24.643546207678423,114.91580457841197
3,XGBoost,ratio_ly,expand,0.25,"{""max_depth"": 2, ""n_estimators"": 300, ""learning_rate"": 0.03, ""subsample"": 0.8, ""colsample_bytree"": 0.8, ""min_child_weight"": 3, ""reg_lambda"": 3.0}",120.25324640452862,76.98526350096348,95.0622665992492,18.484288932288138,63.58782663412632,85.75335316082281,16.473060946684726,90.38270036780065,103.53758488417942,20.495516917891553,102.41999991382322
3,XGBoost,ratio_ly,expand,0.5,"{""max_depth"": 2, ""n_estimators"": 300, ""learning_rate"": 0.03, ""subsample"": 0.8, ""colsample_bytree"": 0.8, ""min_child_weight"": 3, ""reg_lambda"": 3.0}",87.24030038237572,75.36760416050112,91.96273300490661,18.313535553138955,79.48799567164913,99.7908629646897,20.021541414709844,71.24721264935309,83.4030706402708,16.605529691568066,93.03133258511943
3,XGBoost,ratio_ly,decay,0.0,"{""max_depth"": 3, ""n_estimators"": 300, ""learning_rate"": 0.03, ""subsample"": 0.8, ""colsample_bytree"": 0.8, ""min_child_weight"": 3, ""reg_lambda"": 3.0}",170.19482133150103,73.39389834865447,94.89349235505335,17.054435140478724,51.43741212544903,72.10387905393574,13.5705599952541,95.35038457185992,113.1838345703685,20.538310285703343,126.98270437313664
3,XGBoost,ratio_ly,decay,0.25,"{""max_depth"": 3, ""n_estimators"": 300, ""learning_rate"": 0.03, ""subsample"": 0.8, ""colsample_bytree"": 0.8, ""min_child_weight"": 3, ""reg_lambda"": 3.0}",130.857636308074,67.12604606632263,87.02308134059885,15.718121345099686,55.63978463940082,81.1422250286898,14.0635753780391,78.61230749324444,92.53092828572747,17.372667312160264,111.16605726100745
3,XGBoost,ratio_ly,decay,0.5,"{""max_depth"": 3, ""n_estimators"": 300, ""learning_rate"": 0.03, ""subsample"": 0.8, ""colsample_bytree"": 0.8, ""min_child_weight"": 3, ""reg_lambda"": 3.0}",94.52664469361305,68.66239354975762,86.4467818525938,16.29681978421768,72.67218113618512,95.88949445878274,17.99719419746468,64.65260596333012,75.83730637212108,14.59644537097068,96.81643568844565
3,XGBoost,ratio_ly,window,0.0,"{""max_depth"": 2, ""n_estimators"": 300, ""learning_rate"": 0.03, ""subsample"": 0.8, ""colsample_bytree"": 0.8, ""min_child_weight"": 3, ""reg_lambda"": 3.0}",159.0980089688301,73.69168294918153,91.32151368308602,17.356474469192708,55.896813698353306,75.20694706386233,15.12216878388753,91.48655220000974,104.99120361284345,19.59078015449789,114.91580457841197
3,XGBoost,ratio_ly,window,0.25,"{""max_depth"": 2, ""n_estimators"": 300, ""learning_rate"": 0.03, ""subsample"": 0.8, ""colsample_bytree"": 0.8, ""min_child_weight"": 3, ""reg_lambda"": 3.0}",120.25324640452862,70.08433206739926,85.95015135982311,16.692076213647944,64.24729837188798,85.2798149937815,16.72447408062492,75.92136576291054,86.61529998897085,16.659678346670965,102.41999991382322
3,XGBoost,ratio_ly,window,0.5,"{""max_depth"": 2, ""n_estimators"": 300, ""learning_rate"": 0.03, ""subsample"": 0.8, ""colsample_bytree"": 0.8, ""min_child_weight"": 3, ""reg_lambda"": 3.0}",87.24030038237572,70.55975597856506,86.93775484797281,16.974540970273846,79.12260328858129,99.42007983918212,19.998586942085,61.99690866854883,72.3325249164101,13.95049499846269,93.03133258511943
3,XGBoost,ratio_blend,expand,0.0,"{""max_depth"": 3, ""n_estimators"": 300, ""learning_rate"": 0.05, ""subsample"": 0.8, ""colsample_bytree"": 0.8, ""min_child_weight"": 3, ""reg_lambda"": 3.0}",82.01252919077996,62.24563874806423,79.4451667167836,15.343488258639711,52.080419335289704,69.18187702897357,13.950901510498747,72.41085816083874,88.52647581409224,16.736075006780673,79.22504997117956
3,XGBoost,ratio_blend,expand,0.25,"{""max_depth"": 2, ""n_estimators"": 300, ""learning_rate"": 0.05, ""subsample"": 0.8, ""colsample_bytree"": 0.8, ""min_child_weight"": 3, ""reg_lambda"": 3.0}",71.6645487775164,60.34027026381019,77.63801380214605,14.79588778130371,60.4284285412263,80.09001921863357,15.432234072066976,60.252111986394084,75.1059997326668,14.159541490540448,75.00874121090492
3,XGBoost,ratio_blend,expand,0.5,"{""max_depth"": 3, ""n_estimators"": 300, ""learning_rate"": 0.03, ""subsample"": 0.8, ""colsample_bytree"": 0.8, ""min_child_weight"": 3, ""reg_lambda"": 3.0}",69.79025989039182,63.70979152437464,81.94775540032647,15.687559210157259,72.56885851524873,93.34251127108098,18.48637187824713,54.8507245335005,68.68802530217035,12.888746542067386,77.93574008328795
3,XGBoost,ratio_blend,decay,0.0,"{""max_depth"": 3, ""n_estimators"": 300, ""learning_rate"": 0.03, ""subsample"": 0.8, ""colsample_bytree"": 0.8, ""min_child_weight"": 3, ""reg_lambda"": 3.0}",82.3323054325798,60.12250223980427,76.82843135318778,14.749862202755883,51.4848879290427,68.17602998341901,13.712928769824432,68.76011655056584,84.60050037726091,15.786795635687328,77.52253689000342
3,XGBoost,ratio_blend,decay,0.25,"{""max_depth"": 3, ""n_estimators"": 300, ""learning_rate"": 0.03, ""subsample"": 0.8, ""colsample_bytree"": 0.8, ""min_child_weight"": 3, ""reg_lambda"": 3.0}",68.36924028904481,58.110781745911815,75.09016710324501,14.323165279984865,55.401503769566624,76.12786127766022,14.672114550174745,60.82005972225703,74.0379303362529,13.974216009794988,76.6226028722033
3,XGBoost,ratio_blend,decay,0.5,"{""max_depth"": 2, ""n_estimators"": 300, ""learning_rate"": 0.03, ""subsample"": 0.8, ""colsample_bytree"": 0.8, ""min_child_weight"": 3, ""reg_lambda"": 3.0}",68.11387277424649,63.72773265413766,82.01136955319214,15.562756603034059,73.56570124530785,94.4453592045428,18.609047753564294,53.88976406296745,67.31867197669145,12.516465452503828,79.0228956482774
3,XGBoost,ratio_blend,window,0.0,"{""max_depth"": 3, ""n_estimators"": 300, ""learning_rate"": 0.05, ""subsample"": 0.8, ""colsample_bytree"": 0.8, ""min_child_weight"": 3, ""reg_lambda"": 3.0}",82.01252919077996,57.15152185009485,72.45701619403273,14.028446559980662,51.008722934816305,66.83339136640326,13.738922950046911,63.2943207653734,77.67455303991018,14.31797016991441,79.22504997117956
3,XGBoost,ratio_blend,window,0.25,"{""max_depth"": 2, ""n_estimators"": 300, ""learning_rate"": 0.05, ""subsample"": 0.8, ""colsample_bytree"": 0.8, ""min_child_weight"": 3, ""reg_lambda"": 3.0}",71.6645487775164,56.989964946267385,72.9354014998809,13.852690969649139,58.69397472508243,77.28113988637391,14.988494259813695,55.285955167452364,68.31376875682065,12.71688767948459,75.00874121090492
3,XGBoost,ratio_blend,window,0.5,"{""max_depth"": 3, ""n_estimators"": 300, ""learning_rate"": 0.03, ""subsample"": 0.8, ""colsample_bytree"": 0.8, ""min_child_weight"": 3, ""reg_lambda"": 3.0}",69.79025989039182,62.14578022169021,80.47206792579885,15.220780103915175,73.09912843970152,93.63010846294769,18.652181242691086,51.19243200367888,64.69088206019008,11.789378965139258,77.93574008328795
3,LightGBM,level,expand,0.0,"{""max_depth"": 2, ""n_estimators"": 300, ""learning_rate"": 0.03, ""num_leaves"": 7, ""min_child_samples"": 10, ""subsample"": 0.8, ""colsample_bytree"": 0.8}",72.33091070874013,77.07631180051195,100.08822358928381,17.759187111722024,74.41174374906808,101.62966951524041,18.48788289625138,79.74087985195582,98.52266377204768,17.030491327192667,157.7051135298331
3,LightGBM,level,expand,0.25,"{""max_depth"": 2, ""n_estimators"": 300, ""learning_rate"": 0.05, ""num_leaves"": 7, ""min_child_samples"": 10, ""subsample"": 0.8, ""colsample_bytree"": 0.8}",80.15442095679737,69.7980877499729,91.92534857177357,15.94153314733714,71.19984214998755,98.09654442252761,17.255116703137173,68.39633334995824,85.30889398206503,14.62794959153711,135.24288197562413
3,LightGBM,level,expand,0.5,"{""max_depth"": 2, ""n_estimators"": 300, ""learning_rate"": 0.05, ""num_leaves"": 7, ""min_child_samples"": 10, ""subsample"": 0.8, ""colsample_bytree"": 0.8}",94.81943347652941,68.24241946104351,90.32111569653284,15.631829699746048,77.5455093850997,104.08835010602772,18.491311406990473,58.93932953698731,74.03663453681523,12.772347992501606,112.82585526621236
3,LightGBM,level,decay,0.0,"{""max_depth"": 2, ""n_estimators"": 300, ""learning_rate"": 0.03, ""num_leaves"": 7, ""min_child_samples"": 10, ""subsample"": 0.8, ""colsample_bytree"": 0.8}",68.01799576840445,60.62888487438503,82.57006903938488,14.014094438432299,57.29127003169408,83.21924155119964,14.395828588510376,63.966499717075955,81.9157520748034,13.632360288354208,131.18133617853763
3,LightGBM,level,decay,0.25,"{""max_depth"": 2, ""n_estimators"": 300, ""learning_rate"": 0.03, ""num_leaves"": 7, ""min_child_samples"": 10, ""subsample"": 0.8, ""colsample_bytree"": 0.8}",78.15098257431373,58.94101250539244,79.42640351547823,13.60690386056056,60.84524333032473,84.72377030626943,14.991101454708321,57.0367816804602,73.74950776715488,12.222706266412802,111.15283769941138
3,LightGBM,level,decay,0.5,"{""max_depth"": 2, ""n_estimators"": 300, ""learning_rate"": 0.03, ""num_leaves"": 7, ""min_child_samples"": 10, ""subsample"": 0.8, ""colsample_bytree"": 0.8}",93.87757676523476,61.850773425365816,82.9492288909886,14.41016447947403,72.1825398877265,95.51771658929071,17.697017283488776,51.51900696300514,68.09930223421657,11.123311675459275,96.86999796392651
3,LightGBM,level,window,0.0,"{""max_depth"": 2, ""n_estimators"": 300, ""learning_rate"": 0.05, ""num_leaves"": 7, ""min_child_samples"": 10, ""subsample"": 0.8, ""colsample_bytree"": 0.8}",72.61803528065279,63.70633652550745,83.71917755970377,14.561630487687527,67.48824217388598,86.07366660214566,17.16572828074995,59.92443087712893,81.29652698737559,11.957532694625106,113.59848554905551
3,LightGBM,level,window,0.25,"{""max_depth"": 2, ""n_estimators"": 300, ""learning_rate"": 0.05, ""num_leaves"": 7, ""min_child_samples"": 10, ""subsample"": 0.8, ""colsample_bytree"": 0.8}",79.52913926372649,60.05301317779557,81.72083965561616,13.65090927823073,68.62019322182704,90.35832761276734,17.00862925650122,51.48583313376406,72.05528363042963,10.293189299960243,101.1802524055883
3,LightGBM,level,window,0.5,"{""max_depth"": 2, ""n_estimators"": 300, ""learning_rate"": 0.05, ""num_leaves"": 7, ""min_child_samples"": 10, ""subsample"": 0.8, ""colsample_bytree"": 0.8}",94.47894854633755,61.40694982198191,85.3113227540433,14.162055174033677,76.68891902368995,100.98199860468917,18.9144862012541,46.12498062027385,66.02029640869273,9.40962414681326,91.03374744699012
3,LightGBM,logratio,expand,0.0,"{""max_depth"": 3, ""n_estimators"": 300, ""learning_rate"": 0.05, ""num_leaves"": 7, ""min_child_samples"": 10, ""subsample"": 0.8, ""colsample_bytree"": 0.8}",86.2518375666249,88.97701370650799,128.49168775299208,20.648748744652867,65.59527563826175,87.22772251485642,17.281016488904864,112.35875177475418,159.410012446195,24.01648100040088,127.14640482568025
3,LightGBM,logratio,expand,0.25,"{""max_depth"": 3, ""n_estimators"": 300, ""learning_rate"": 0.05, ""num_leaves"": 7, ""min_child_samples"": 10, ""subsample"": 0.8, ""colsample_bytree"": 0.8}",88.80959270670643,78.84672928359855,108.90617692570872,18.30049428655961,66.80781990538631,88.99815683741403,17.24226416278147,90.88563866181082,125.6997964385408,19.35872441033775,108.70818225227802
3,LightGBM,logratio,expand,0.5,"{""max_depth"": 3, ""n_estimators"": 300, ""learning_rate"": 0.05, ""num_leaves"": 7, ""min_child_samples"": 10, ""subsample"": 0.8, ""colsample_bytree"": 0.8}",100.3903195630345,74.95490124571656,97.1447110051875,17.49414204497595,76.63300408627084,98.85388391177514,19.44177686454866,73.27679840516228,95.40492329078245,15.546507225403225,96.59277687399239
3,LightGBM,logratio,decay,0.0,"{""max_depth"": 2, ""n_estimators"": 300, ""learning_rate"": 0.03, ""num_leaves"": 7, ""min_child_samples"": 10, ""subsample"": 0.8, ""colsample_bytree"": 0.8}",83.86632087890003,62.7214645022869,88.01903738037001,14.459444428956225,44.54483079442601,64.8997419322775,11.662041248910144,80.8980982101478,106.22017407186702,17.256847609002303,92.03979660061151
3,LightGBM,logratio,decay,0.25,"{""max_depth"": 2, ""n_estimators"": 300, ""learning_rate"": 0.03, ""num_leaves"": 7, ""min_child_samples"": 10, ""subsample"": 0.8, ""colsample_bytree"": 0.8}",88.50940467825767,58.61618561681498,80.70568201649348,13.628151505762286,51.56293523397986,72.77790531887466,13.279731396928726,65.6694359996501,87.92150315418655,13.976571614595844,85.15081320681541
3,LightGBM,logratio,decay,0.5,"{""max_depth"": 2, ""n_estimators"": 300, ""learning_rate"": 0.03, ""num_leaves"": 7, ""min_child_samples"": 10, ""subsample"": 0.8, ""colsample_bytree"": 0.8}",99.69699675109622,62.565645725884345,81.78597250936276,14.779194096234486,69.10120152678466,89.28442572343651,17.488724638024554,56.030089924984026,73.526742902434,12.0696635544444,82.20222054147926
3,LightGBM,logratio,window,0.0,"{""max_depth"": 3, ""n_estimators"": 300, ""learning_rate"": 0.05, ""num_leaves"": 7, ""min_child_samples"": 10, ""subsample"": 0.8, ""colsample_bytree"": 0.8}",91.18423845614332,62.35716109684469,85.44003170253323,14.187256193432981,50.26382732448664,70.46621526528477,12.631521871928994,74.45049486920276,98.15554258851769,15.742990514936967,81.91791897061196
3,LightGBM,logratio,window,0.25,"{""max_depth"": 3, ""n_estimators"": 300, ""learning_rate"": 0.05, ""num_leaves"": 7, ""min_child_samples"": 10, ""subsample"": 0.8, ""colsample_bytree"": 0.8}",91.4207208005062,58.4744513153102,78.87439802188116,13.49961730816371,53.087469603715824,74.99741447217325,13.417790604438212,63.86143302690456,82.56954129167319,13.581444011889218,74.97999027846618
3,LightGBM,logratio,window,0.5,"{""max_depth"": 3, ""n_estimators"": 300, ""learning_rate"": 0.05, ""num_leaves"": 7, ""min_child_samples"": 10, ""subsample"": 0.8, ""colsample_bytree"": 0.8}",101.04694526038178,61.43679150633918,80.76492225017296,14.422338509990732,68.12992094024898,89.62294022461944,17.124520025423028,54.74366207242939,70.80730130182378,11.72015699455842,74.55278548152263
3,LightGBM,ratio_ly,expand,0.0,"{""max_depth"": 2, ""n_estimators"": 300, ""learning_rate"": 0.05, ""num_leaves"": 7, ""min_child_samples"": 10, ""subsample"": 0.8, ""colsample_bytree"": 0.8}",186.26960908606407,87.67850298505039,110.98903438403474,20.67684195823239,60.415069045254455,78.62385815402762,16.25874197016672,114.94193692484632,135.8507285073445,25.094941946298054,136.0553447091891
3,LightGBM,ratio_ly,expand,0.25,"{""max_depth"": 2, ""n_estimators"": 300, ""learning_rate"": 0.05, ""num_leaves"": 7, ""min_child_samples"": 10, ""subsample"": 0.8, ""colsample_bytree"": 0.8}",145.00218725128707,79.83390865017338,98.4773282900797,19.00766878478151,66.57102395367068,86.94644813411972,17.242789001279597,93.09679334667615,108.79284687499035,20.77254856828342,116.25125128510969
3,LightGBM,ratio_ly,expand,0.5,"{""max_depth"": 2, ""n_estimators"": 300, ""learning_rate"": 0.05, ""num_leaves"": 7, ""min_child_samples"": 10, ""subsample"": 0.8, ""colsample_bytree"": 0.8}",106.53479150085806,76.33153717736327,93.00093546003647,18.479579880067583,79.83758492165497,100.02128030276565,20.21497225681457,72.8254894330716,85.40545345280543,16.7441875033206,100.40783965308542
3,LightGBM,ratio_ly,decay,0.0,"{""max_depth"": 2, ""n_estimators"": 300, ""learning_rate"": 0.05, ""num_leaves"": 7, ""min_child_samples"": 10, ""subsample"": 0.8, ""colsample_bytree"": 0.8}",138.0284174949282,74.40996690949306,96.8863221352299,17.419023363593706,52.974591224366954,76.07939088505863,13.565493125901346,95.84534259461923,113.95545233266172,21.272553601286067,99.66720159215097
3,LightGBM,ratio_ly,decay,0.25,"{""max_depth"": 2, ""n_estimators"": 300, ""learning_rate"": 0.05, ""num_leaves"": 7, ""min_child_samples"": 10, ""subsample"": 0.8, ""colsample_bytree"": 0.8}",110.27427793647233,70.70931216570297,89.61489390843872,16.687876150187417,61.486072513613856,84.79169865560766,15.324313611419708,79.93255181779202,94.19143410914856,18.051438688955123,93.22325818106304
3,LightGBM,ratio_ly,decay,0.5,"{""max_depth"": 2, ""n_estimators"": 300, ""learning_rate"": 0.05, ""num_leaves"": 7, ""min_child_samples"": 10, ""subsample"": 0.8, ""colsample_bytree"": 0.8}",89.93279271257032,70.91246340844538,88.83901467732395,16.869295454840945,75.26169647576978,98.52751703905658,18.576672910355168,66.56323034112091,77.95556069834899,15.161917999326716,87.20797857232161
3,LightGBM,ratio_ly,window,0.0,"{""max_depth"": 2, ""n_estimators"": 300, ""learning_rate"": 0.05, ""num_leaves"": 7, ""min_child_samples"": 10, ""subsample"": 0.8, ""colsample_bytree"": 0.8}",186.26960908606407,70.42967553226644,87.34755550009695,17.137910651105337,58.820801656634096,78.07641436365576,15.969671959736099,82.03854940789876,95.72494149279883,18.30614934247458,136.0553447091891
3,LightGBM,ratio_ly,window,0.25,"{""max_depth"": 2, ""n_estimators"": 300, ""learning_rate"": 0.05, ""num_leaves"": 7, ""min_child_samples"": 10, ""subsample"": 0.8, ""colsample_bytree"": 0.8}",145.00218725128707,68.1665972375859,82.0119890621263,16.72415504999454,67.4736451040719,86.14326697774672,17.827553829459376,68.8595493710999,77.66125323643249,15.6207562705297,116.25125128510969
3,LightGBM,ratio_ly,window,0.5,"{""max_depth"": 2, ""n_estimators"": 300, ""learning_rate"": 0.05, ""num_leaves"": 7, ""min_child_samples"": 10, ""subsample"": 0.8, ""colsample_bytree"": 0.8}",106.53479150085806,69.434487581524,83.8524618857615,17.09303358187639,80.95032138604725,99.30652351308217,20.928322879918753,57.918653777000706,64.81269255594793,13.257744283834027,100.40783965308542
3,LightGBM,ratio_blend,expand,0.0,"{""max_depth"": 2, ""n_estimators"": 300, ""learning_rate"": 0.05, ""num_leaves"": 7, ""min_child_samples"": 10, ""subsample"": 0.8, ""colsample_bytree"": 0.8}",88.33436387229335,62.97548881478219,80.26709602391787,15.397607343931984,53.97492489603393,72.6563916009692,14.533647129792923,71.97605273353044,87.2161806533187,16.261567558071043,67.56532513039457
3,LightGBM,ratio_blend,expand,0.25,"{""max_depth"": 2, ""n_estimators"": 300, ""learning_rate"": 0.03, ""num_leaves"": 7, ""min_child_samples"": 10, ""subsample"": 0.8, ""colsample_bytree"": 0.8}",76.21635357582582,63.819648192328465,79.54155133333671,15.720618339483716,62.28678024619952,81.18274670502613,16.24061118042592,65.3525161384574,77.86577177717594,15.200625498541504,67.75253736384138
3,LightGBM,ratio_blend,expand,0.5,"{""max_depth"": 2, ""n_estimators"": 300, ""learning_rate"": 0.03, ""num_leaves"": 7, ""min_child_samples"": 10, ""subsample"": 0.8, ""colsample_bytree"": 0.8}",71.57486004837368,67.31281387681115,84.1008368474202,16.442313346605072,76.84369433746822,96.24014206698538,19.428055435760022,57.7819334161541,69.88373610361172,13.456571257450117,71.31933428391359
3,LightGBM,ratio_blend,decay,0.0,"{""max_depth"": 2, ""n_estimators"": 300, ""learning_rate"": 0.03, ""num_leaves"": 7, ""min_child_samples"": 10, ""subsample"": 0.8, ""colsample_bytree"": 0.8}",95.93445361720435,59.84324966830245,77.87986007462932,14.852209507004751,52.31556246935975,70.04352927833519,13.78972710480805,67.37093686724516,84.99676003661956,15.914691909201462,69.88449757983294
3,LightGBM,ratio_blend,decay,0.25,"{""max_depth"": 3, ""n_estimators"": 300, ""learning_rate"": 0.03, ""num_leaves"": 7, ""min_child_samples"": 10, ""subsample"": 0.8, ""colsample_bytree"": 0.8}",77.76927577265582,58.47572153429855,75.2627923648848,14.342271485920238,58.88318104411319,79.16248728675608,15.243542689603512,58.068262024483886,71.14967628664031,13.441000282236972,71.05177961328162
3,LightGBM,ratio_blend,decay,0.5,"{""max_depth"": 2, ""n_estimators"": 300, ""learning_rate"": 0.03, ""num_leaves"": 7, ""min_child_samples"": 10, ""subsample"": 0.8, ""colsample_bytree"": 0.8}",73.58396826495293,63.84381645508768,82.66828487568336,15.61175896161839,73.73721228485451,94.93308023009307,18.53443438875775,53.95042062532088,68.23342968516961,12.689083534479034,74.12871026266868
3,LightGBM,ratio_blend,window,0.0,"{""max_depth"": 2, ""n_estimators"": 300, ""learning_rate"": 0.05, ""num_leaves"": 7, ""min_child_samples"": 10, ""subsample"": 0.8, ""colsample_bytree"": 0.8}",88.33436387229335,59.27957909514029,74.59623157657565,14.441692126675182,49.51911039968308,67.63311431082293,13.150381531780141,69.0400477905975,80.96269128105465,15.733002721570216,67.56532513039457
3,LightGBM,ratio_blend,window,0.25,"{""max_depth"": 2, ""n_estimators"": 300, ""learning_rate"": 0.03, ""num_leaves"": 7, ""min_child_samples"": 10, ""subsample"": 0.8, ""colsample_bytree"": 0.8}",76.21635357582582,60.71510056016251,75.87897957067528,15.067566887048049,60.869527491930334,78.92783456402064,15.764429679762825,60.560673628394674,72.70237968875915,14.370704094333265,67.75253736384138
3,LightGBM,ratio_blend,window,0.5,"{""max_depth"": 2, ""n_estimators"": 300, ""learning_rate"": 0.03, ""num_leaves"": 7, ""min_child_samples"": 10, ""subsample"": 0.8, ""colsample_bytree"": 0.8}",71.57486004837368,65.37541984402387,82.00876625404852,16.014313454855174,76.85620071508134,95.03406773427476,19.4303809891735,53.8946389729664,66.47857891757023,12.598245920536858,71.31933428391359
3,RandomForest,level,expand,0.0,"{""max_depth"": 4, ""min_samples_leaf"": 2}",75.15526986334247,66.8059176717891,84.12022901932255,15.672088356917612,61.36681266790991,81.13467488593328,15.818980497237323,72.24502267566827,87.00339298947173,15.525196216597905,116.67705971826642
3,RandomForest,level,expand,0.25,"{""max_depth"": 4, ""min_samples_leaf"": 2}",85.85400298447153,62.54557259258692,79.49922330620927,14.504222267527778,63.01537954743397,82.63492637977555,15.786779888838245,62.075765637739885,76.23465061761699,13.221664646217304,99.22512294359608
3,RandomForest,level,expand,0.5,"{""max_depth"": 4, ""min_samples_leaf"": 2}",101.03619204794502,62.81473026412998,82.26060316809203,14.609675998677801,70.2556879543318,93.96181458814021,17.40455936438787,55.373772573928164,68.59147954710258,11.814792632967727,90.1482900662606
3,RandomForest,level,decay,0.0,"{""max_depth"": 4, ""min_samples_leaf"": 4}",64.59750063259914,64.86203609531151,81.52080468706168,15.370273585440172,56.1926876639226,74.38723883412965,14.971067928486256,73.53138452670045,88.07849846748225,15.769479242394087,107.2998453426718
3,RandomForest,level,decay,0.25,"{""max_depth"": 4, ""min_samples_leaf"": 4}",77.57053500564503,61.453202426276675,76.73885892263213,14.425560387333034,58.41313176457054,75.42403518262617,14.853021058881271,64.49327308798283,78.03153115417669,13.998099715784804,91.99948194005604
3,RandomForest,level,decay,0.5,"{""max_depth"": 6, ""min_samples_leaf"": 4}",95.1735842961754,61.8374815799769,80.04861928645555,14.531883970074922,66.16676225638345,88.44601785622643,16.507225580143633,57.50820090357034,70.66020679782845,12.556542360006203,85.07910994350055
3,RandomForest,level,window,0.0,"{""max_depth"": 4, ""min_samples_leaf"": 2}",75.63623788138749,62.43069006843325,78.52476423091672,14.577002843949119,58.6275911003627,74.13196151121221,15.66035275450143,66.2337890365038,82.684517762047,13.493652933396804,94.401107921505
3,RandomForest,level,window,0.25,"{""max_depth"": 4, ""min_samples_leaf"": 2}",87.22403386933536,58.55696239021072,75.5234991069011,13.611017896740455,58.31780841871416,76.55922417447928,15.039317307088625,58.796116361707305,74.47337127122695,12.182718486392282,86.85620409685556
3,RandomForest,level,window,0.5,"{""max_depth"": 4, ""min_samples_leaf"": 2}",102.5158990892093,60.30714052938994,80.00046175718097,14.166178057933228,66.79321423699653,89.90464285885807,16.952082591164245,53.821066821783354,68.68262484169871,11.38027352470222,82.82448108331597
3,RandomForest,logratio,expand,0.0,"{""max_depth"": 6, ""min_samples_leaf"": 4}",95.42077328200486,76.81683918864731,104.9243214620129,17.03057765361745,56.26738726346461,79.1374046253131,13.790470284535768,97.36629111383,125.52090526162212,20.270685022699123,98.37079226560921
3,RandomForest,logratio,expand,0.25,"{""max_depth"": 4, ""min_samples_leaf"": 4}",94.98242048368486,70.98961815689856,93.85156010993167,15.820649441220638,60.18719848713058,81.47165209569111,14.853398073945822,81.79203782666656,104.77881739614601,16.787900808495454,85.81345610281268
3,RandomForest,logratio,expand,0.5,"{""max_depth"": 4, ""min_samples_leaf"": 4}",104.60423625548101,69.27890984815211,89.00150744904364,15.777657513170418,72.42826020823968,94.09938563510333,17.86454807418401,66.12955948806456,83.59331480148668,13.690766952156826,80.97555815111146
3,RandomForest,logratio,decay,0.0,"{""max_depth"": 4, ""min_samples_leaf"": 4}",79.72671393838263,69.34173998821805,93.77072159269107,15.883126223806046,55.089044447994695,70.82953924915873,14.238496655270044,83.59443552844142,112.11187638149603,17.52775579234205,85.59014482352086
3,RandomForest,logratio,decay,0.25,"{""max_depth"": 4, ""min_samples_leaf"": 4}",84.15606860506671,61.652120925234456,83.70029704270905,14.1822687385489,54.109925400536184,74.03263726425742,13.729260776657096,69.19431644993271,92.36150751137804,14.635276700440702,77.52642452931194
3,RandomForest,logratio,decay,0.5,"{""max_depth"": 4, ""min_samples_leaf"": 4}",97.69032545980615,62.89135161935237,82.59897180372502,14.715033978771949,66.49471102418858,88.40189826398118,16.685647798662814,59.287992214516166,76.35630078382428,12.74442015888108,75.45844776464166
3,RandomForest,logratio,window,0.0,"{""max_depth"": 4, ""min_samples_leaf"": 4}",95.20209969844859,62.58336212828306,84.61419724865624,14.664224303793585,49.02574066004233,64.78497948706274,12.700263928323787,76.14098359652378,100.60830574525083,16.628184679263384,66.56924826163154
3,RandomForest,logratio,window,0.25,"{""max_depth"": 4, ""min_samples_leaf"": 4}",94.63470603409557,57.762083220924374,78.46028184694968,13.53011741678877,51.62974184850285,70.67552480099327,13.193060876380894,63.894424593345896,85.53947538481718,13.867173957196648,60.868581879610176
3,RandomForest,logratio,window,0.5,"{""max_depth"": 4, ""min_samples_leaf"": 4}",104.33644521972774,60.78467733745144,80.66174974738048,14.330628142768614,66.07614850027512,87.04610971025281,16.608554769521362,55.49320617462775,73.72659309183292,12.052701516015869,64.53013891559962
3,RandomForest,ratio_ly,expand,0.0,"{""max_depth"": 6, ""min_samples_leaf"": 2}",184.86084657665936,72.16110179585621,92.75065480470829,18.238131667955535,52.1459221551713,72.02382658494246,15.53810193357805,92.17628143654109,109.62634873727416,20.938161402333034,98.46661711905045
3,RandomForest,ratio_ly,expand,0.25,"{""max_depth"": 6, ""min_samples_leaf"": 2}",141.33013673235132,67.34956733778276,86.3562164384706,16.953107163859507,58.281312806769236,81.21476954291167,16.18376346850565,76.41782186879627,91.20829700870259,17.722450859213364,91.54083455573412
3,RandomForest,ratio_ly,expand,0.5,"{""max_depth"": 6, ""min_samples_leaf"": 2}",99.52483613309278,68.87098760339597,86.71753454211057,17.297080028761183,75.15002609228222,96.00139677442156,19.823310259488633,62.59194911450974,76.31247218826266,14.770849798033739,85.76919639539163
3,RandomForest,ratio_ly,decay,0.0,"{""max_depth"": 4, ""min_samples_leaf"": 2}",166.1704818088864,70.95112226620098,91.66007163443392,17.726433831189222,50.56561565772517,67.88838062295055,14.638492831776324,91.33662887467683,110.42782819766272,20.814374830602127,96.04532117436587
3,RandomForest,ratio_ly,decay,0.25,"{""max_depth"": 4, ""min_samples_leaf"": 2}",127.43819725521347,65.78210055847308,85.62980050276725,16.261970727300056,54.65736548015887,77.69968925492282,14.754301394446761,76.9068356367873,92.88532584846689,17.769640060153346,88.50980839173779
3,RandomForest,ratio_ly,decay,0.5,"{""max_depth"": 4, ""min_samples_leaf"": 2}",91.3214986311946,68.23629087657113,86.33603285901408,16.832942866831335,72.35328469339738,93.59899443909624,18.700037726982703,64.11929705974488,78.40312098160092,14.965848006679963,83.41593439067061
3,RandomForest,ratio_ly,window,0.0,"{""max_depth"": 6, ""min_samples_leaf"": 2}",184.86084657665936,71.59233997426301,92.6121724230882,17.63824222029385,52.73556025958766,72.24364678058835,15.625746655648474,90.4491196889384,109.24689680576391,19.65073778493923,98.46661711905045
3,RandomForest,ratio_ly,window,0.25,"{""max_depth"": 6, ""min_samples_leaf"": 2}",141.33013673235132,66.59525794286056,86.10927537007345,16.41865365571152,58.27303095772704,81.55324624517901,16.174710360470954,74.9174849279941,90.43606933293523,16.662596950952086,91.54083455573416
3,RandomForest,ratio_ly,window,0.5,"{""max_depth"": 6, ""min_samples_leaf"": 2}",99.52483613309278,68.14299580288062,86.46375226767684,16.95596323954239,75.47613824680809,96.30093096895646,19.966286623123487,60.80985335895315,75.35311278855482,13.945639855961293,85.7691963953916
3,RandomForest,ratio_blend,expand,0.0,"{""max_depth"": 6, ""min_samples_leaf"": 4}",98.4751264851822,61.69662242647955,77.83813717857815,15.39611407812653,52.32061697456756,69.6016498513912,14.478085492814893,71.07262787839153,85.28283260320705,16.314142663438165,60.50337565681245
3,RandomForest,ratio_blend,expand,0.25,"{""max_depth"": 4, ""min_samples_leaf"": 4}",76.99517668746284,62.01869027605958,77.85573021129971,15.422153045165487,57.7920399787536,78.42961680173707,15.451498679237904,66.24534057336557,77.27758188376534,15.39280741109307,61.40485422517534
3,RandomForest,ratio_blend,expand,0.5,"{""max_depth"": 6, ""min_samples_leaf"": 4}",65.55169066779237,64.94181867508063,82.66794893901631,15.886789982503,73.66760882250806,94.89076539963341,18.805464589117328,56.21602852765318,68.29145045640308,12.968115375888672,67.49817599884868
3,RandomForest,ratio_blend,decay,0.0,"{""max_depth"": 6, ""min_samples_leaf"": 4}",81.92438977384245,61.968889236186904,78.13532433200557,15.566646314064844,52.3398303187676,69.72451470075232,14.537143797962226,71.59794815360623,85.72484976178131,16.59614883016746,59.761233996754044
3,RandomForest,ratio_blend,decay,0.25,"{""max_depth"": 6, ""min_samples_leaf"": 4}",66.08703061532063,60.56733240666356,77.11910124107615,15.073258820453809,57.59749402070309,78.59212672893717,15.475483048745561,63.53717079262402,75.6173866824647,14.671034592162055,62.48928384909133
3,RandomForest,ratio_blend,decay,0.5,"{""max_depth"": 6, ""min_samples_leaf"": 4}",63.82583598656478,64.10237475165697,82.1907610647158,15.697229460334913,71.92872960403872,93.91702789150233,18.43734548887053,56.27601989927523,68.4852851408328,12.9571134317993,68.39913033568384
3,RandomForest,ratio_blend,window,0.0,"{""max_depth"": 6, ""min_samples_leaf"": 4}",98.4751264851822,62.49717306735782,77.61204197926558,15.524839618416575,52.579258455592935,68.34836058579428,14.411636100864742,72.41508767912272,85.88224336623264,16.63804313596841,60.50337565681246
3,RandomForest,ratio_blend,window,0.25,"{""max_depth"": 4, ""min_samples_leaf"": 4}",76.99517668746284,60.27459134189121,76.57372138784726,14.936695719457646,56.33265379932134,77.03278950070792,15.107600231670274,64.21652888446107,76.11188446035834,14.76579120724501,61.40485422517534
3,RandomForest,ratio_blend,window,0.5,"{""max_depth"": 6, ""min_samples_leaf"": 4}",65.55169066779237,64.48804050307731,82.08307101952441,15.72872283089394,72.04712450820915,93.54820784282752,18.404057461514984,56.928956497945464,68.73131677327099,13.053388200272902,67.49817599884868
3,ExtraTrees,level,expand,0.0,"{""max_depth"": 6, ""min_samples_leaf"": 4}",77.65847783860521,66.43523943477128,83.80502830538735,15.681392744279188,59.64375251418675,76.29875065609062,15.87346423363627,73.2267263553558,90.69215063528519,15.4893212549221,114.374114106965
3,ExtraTrees,level,expand,0.25,"{""max_depth"": 6, ""min_samples_leaf"": 4}",86.61225955372369,62.4684102187547,79.02731798662516,14.484395655367283,61.14530182220443,78.83110814428991,15.543973033350808,63.79151861530496,79.22304188215455,13.424818277383768,100.01359011722049
3,ExtraTrees,level,expand,0.5,"{""max_depth"": 6, ""min_samples_leaf"": 4}",101.79420579244102,62.472862587290955,81.81397123903365,14.557006308136714,69.04072298372962,91.60007676798101,17.183401936348428,55.905002190852294,70.68576742105046,11.930610679925012,89.9045932481301
3,ExtraTrees,level,decay,0.0,"{""max_depth"": null, ""min_samples_leaf"": 4}",63.70392610066327,60.52996403767754,77.18954501842866,14.217076822082822,56.77977369642097,72.71167562845788,15.27287942335077,64.2801543789341,81.42152017498798,13.161274220814882,111.62966163421714
3,ExtraTrees,level,decay,0.25,"{""max_depth"": null, ""min_samples_leaf"": 4}",75.760908671528,59.00229970079736,74.86889654270273,13.732929146119858,60.29277306853365,76.4648363773745,15.51888946061832,57.71182633306106,73.23818769484399,11.946968831621382,99.48065349086701
3,ExtraTrees,level,decay,0.5,"{""max_depth"": null, ""min_samples_leaf"": 4}",93.41164262722691,60.50209526218519,79.82961388446313,14.152142989973509,68.04529784568213,90.37625042753406,17.075546437823146,52.95889267868826,67.65846484028873,11.228739542123863,89.86159154207515
3,ExtraTrees,level,window,0.0,"{""max_depth"": 6, ""min_samples_leaf"": 4}",79.80163957218082,61.36858416125559,76.97578617990096,14.2569643115386,56.862668891630975,69.864201719213,15.334920654231613,65.87449943088022,83.48375071931531,13.179007968845582,105.66824377525282
3,ExtraTrees,level,window,0.25,"{""max_depth"": 6, ""min_samples_leaf"": 4}",89.26961630513891,60.21789160615111,76.23954820161175,13.935176450719435,61.82346283521854,77.92999625870883,16.029880220296224,58.61232037708369,74.51075830435084,11.840472681142646,95.44062762768277
3,ExtraTrees,level,window,0.5,"{""max_depth"": null, ""min_samples_leaf"": 4}",103.93237157848326,62.3228012643718,81.59919726195565,14.585098637691814,71.54702685456719,92.96533539808871,18.07646849426733,53.09857567417642,68.36888474965767,11.09372878111629,87.00458768561191
3,ExtraTrees,logratio,expand,0.0,"{""max_depth"": null, ""min_samples_leaf"": 4}",94.55477088117449,75.90398562029496,103.94634054280345,16.65559730309653,57.711488124891694,79.08889016232455,14.465115240808155,94.09648311569823,123.91380422443942,18.84607936538491,95.64581760510731
3,ExtraTrees,logratio,expand,0.25,"{""max_depth"": null, ""min_samples_leaf"": 4}",99.85366294520755,67.58620810744365,92.21045616524871,15.024106955810984,58.75110984017646,82.9289597677355,14.721438912018666,76.42130637471082,100.63957513944409,15.326774999603302,85.2781063894185
3,ExtraTrees,logratio,expand,0.5,"{""max_depth"": null, ""min_samples_leaf"": 4}",110.39536223454859,67.9845167232224,88.389373809714,15.576640215797486,72.49989575107254,95.17154236108952,18.15641698416747,63.46913769537224,81.04159629201567,12.996863447427481,80.6251700286698
3,ExtraTrees,logratio,decay,0.0,"{""max_depth"": 6, ""min_samples_leaf"": 4}",73.67942244089758,67.1267940664005,88.63144050234504,15.460438804427282,55.9802815553903,70.771937450092,14.754112261364588,78.2733065774107,103.45239175872989,16.166765347489964,80.17061747528554
3,ExtraTrees,logratio,decay,0.25,"{""max_depth"": 6, ""min_samples_leaf"": 4}",83.94335226718898,59.885709049360166,80.11167460502452,13.996525059096127,54.468145475265956,73.01825476280624,14.329518100250763,65.30327262345438,86.62618130471056,13.663532017941476,71.41841968115233
3,ExtraTrees,logratio,decay,0.5,"{""max_depth"": 6, ""min_samples_leaf"": 4}",98.64520091333691,60.767905059817096,80.66898853704971,14.47042682468214,65.95368158833998,87.29310433430247,16.989130762843498,55.58212853129422,73.44988331414763,11.951722886520777,70.79418532737074
3,ExtraTrees,logratio,window,0.0,"{""max_depth"": 6, ""min_samples_leaf"": 4}",93.51661871459117,59.332387799637935,82.04724615533816,13.978220886491567,50.7682888231835,66.1945493937195,13.36610092976875,67.89648677609236,95.29838841193344,14.590340843214372,60.360897294540266
3,ExtraTrees,logratio,window,0.25,"{""max_depth"": 6, ""min_samples_leaf"": 4}",98.90597518421025,54.50439822704639,75.85225124534792,13.043264508305313,51.13000229706775,69.30738103447551,13.495238604011405,57.878794157025006,81.87560669770208,12.591290412599218,55.67893317867451
3,ExtraTrees,logratio,window,0.5,"{""max_depth"": 6, ""min_samples_leaf"": 4}",109.30681845690829,58.36290488085349,78.63600541822495,14.089205928629154,64.1433440671934,85.02562649670018,16.71108644195493,52.582465694513594,71.67904529996086,11.467325415303382,59.92940644329112
3,ExtraTrees,ratio_ly,expand,0.0,"{""max_depth"": 6, ""min_samples_leaf"": 2}",263.602788307537,71.88390990197222,91.04730989512296,17.89016250700448,50.62537012870633,67.50137052811131,14.430672707278555,93.1424496752381,109.6484849649266,21.34965230673041,97.0886527027727
3,ExtraTrees,ratio_ly,expand,0.25,"{""max_depth"": 6, ""min_samples_leaf"": 2}",196.25209123065275,67.2309302589075,84.9483783117935,16.91999932797914,57.05663616461227,77.56855842063105,15.760359743500029,77.40522435320274,91.73643060503458,18.079638912458257,87.26730944155418
3,ExtraTrees,ratio_ly,expand,0.5,"{""max_depth"": 6, ""min_samples_leaf"": 2}",132.07861507674593,68.56749564608391,85.76075797137496,17.252630892586456,73.08132088998862,93.59392655020035,19.348349254772817,64.0536704021792,77.13619207975731,15.156912530400104,82.16635917626131
3,ExtraTrees,ratio_ly,decay,0.0,"{""max_depth"": 6, ""min_samples_leaf"": 2}",260.3011175177274,66.18852792590452,85.77195282235145,16.59835781892283,50.57047879306811,67.39771189714546,14.564089848510514,81.8065770587409,100.85238823621751,18.63262578933514,98.2115978321874
3,ExtraTrees,ratio_ly,decay,0.25,"{""max_depth"": 6, ""min_samples_leaf"": 2}",193.99034502157343,63.056518497086735,81.6692745080956,15.91806528284362,56.96098340915161,77.40964953874908,15.763891126844173,69.15205358502185,85.71748337209507,16.072239438843066,89.32710717754748
3,ExtraTrees,ratio_ly,decay,0.5,"{""max_depth"": 6, ""min_samples_leaf"": 2}",131.4691945082119,66.50320879264774,84.21890846526671,16.62714259508232,72.69819949387849,93.45575564152526,19.191818947484897,60.308218091416975,73.8354306795421,14.062466242679736,83.70758612322375
3,ExtraTrees,ratio_ly,window,0.0,"{""max_depth"": 6, ""min_samples_leaf"": 2}",263.602788307537,66.5042388717965,87.03801915409218,16.624471571212446,50.59719125665143,67.12256776772787,14.41086942684052,82.41128648694156,103.1784592480573,18.83807371558438,97.0886527027727
3,ExtraTrees,ratio_ly,window,0.25,"{""max_depth"": 6, ""min_samples_leaf"": 2}",196.25209123065275,63.58533871873845,82.75676015656133,16.025787677869644,57.128084285829374,77.82749785532279,15.772327527824647,70.04259315164752,87.40848517621707,16.279247827914638,87.26730944155418
3,ExtraTrees,ratio_ly,window,0.5,"{""max_depth"": 6, ""min_samples_leaf"": 2}",132.07861507674593,67.25877913271495,84.98143740450622,16.83577982121738,73.79855279868444,94.01580684167746,19.529170313575797,60.71900546674543,74.86466102628405,14.142389328858965,82.16635917626131
3,ExtraTrees,ratio_blend,expand,0.0,"{""max_depth"": 6, ""min_samples_leaf"": 2}",120.35835833614979,62.657657913976,76.75916564950157,15.583389135550293,55.338238151915384,66.38700334398548,15.125730895275419,69.97707767603661,85.88774539723875,16.041047375825173,68.54267003116202
3,ExtraTrees,ratio_blend,expand,0.25,"{""max_depth"": 6, ""min_samples_leaf"": 2}",92.50066476256413,58.17411167355906,73.54861597701604,14.576716025490507,53.60735057396165,71.67611946948868,14.728944262648689,62.74087277315649,75.37460926641506,14.42448778833233,64.60711552372244
3,ExtraTrees,ratio_blend,expand,0.5,"{""max_depth"": 6, ""min_samples_leaf"": 2}",72.08158445340511,61.00240934266013,78.38765900466439,15.126949501710966,66.17908439141408,87.53210813471,17.39957392055501,55.82573429390617,68.02484997378914,12.854325082866922,66.67022031009652
3,ExtraTrees,ratio_blend,decay,0.0,"{""max_depth"": null, ""min_samples_leaf"": 2}",114.01929533952402,62.01365659117369,75.84477561214018,15.577359668982133,54.1681703826385,64.57232273088627,15.06771057799382,69.85914279970888,85.64622065479628,16.08700875997045,67.09227406282727
3,ExtraTrees,ratio_blend,decay,0.25,"{""max_depth"": null, ""min_samples_leaf"": 2}",88.11598135249616,57.69533664933857,72.93415839436098,14.559325352000215,53.52111032696476,70.34158052844272,14.877818089057529,61.86956297171241,75.43768932137358,14.240832614942903,64.06018131465962
3,ExtraTrees,ratio_blend,decay,0.5,"{""max_depth"": null, ""min_samples_leaf"": 2}",70.44992034595728,60.429767771688574,78.06654155752611,15.028648952316809,65.93781284548004,86.76399269447074,17.372645340878258,54.92172269789711,68.26990107814518,12.684652563755355,66.5045352970991
3,ExtraTrees,ratio_blend,window,0.0,"{""max_depth"": 6, ""min_samples_leaf"": 2}",120.35835833614978,61.90359830042859,75.4016630711467,15.515550909681943,55.28996626569756,65.39044918813373,15.16790451667177,68.51723033515965,84.23129313244308,15.863197302692114,68.54267003116202
3,ExtraTrees,ratio_blend,window,0.25,"{""max_depth"": 6, ""min_samples_leaf"": 2}",92.50066476256413,57.461620560134484,73.02692900707282,14.442643373281413,53.68705356183392,71.5373045402552,14.760097326466411,61.23618755843507,74.48676915750133,14.125189420096426,64.60711552372244
3,ExtraTrees,ratio_blend,window,0.5,"{""max_depth"": 6, ""min_samples_leaf"": 2}",72.08158445340511,60.59970027463239,78.39610347660116,15.044322524512735,66.28335453820658,87.75548277305444,17.42035001603746,54.91604601105816,67.75598367595336,12.668295032988015,66.67022031009652
3,Ridge,level,expand,0.0,"{""alpha"": 200.0}",250.6047937146603,67.33373021044646,89.9976206920086,15.384139970117843,56.24640540583784,74.63772680148631,15.162699343331724,78.42105501505506,103.09390475848706,15.605580596903955,70.44709876039111
3,Ridge,level,expand,0.25,"{""alpha"": 200.0}",193.30142435151325,65.69898265736866,85.69881515913886,15.164084998831513,63.62430415419061,83.46563614465018,16.56891058603249,67.7736611605467,87.87526058185753,13.75925941163052,68.65124464504999
3,Ridge,level,expand,0.5,"{""alpha"": 200.0}",141.8336234877241,68.53563226930075,87.29647559581991,16.17040846893699,78.45220240244652,97.56444203564142,20.031482750031802,58.61906213615503,75.64739885268447,12.309334187842175,71.0297217665912
3,Ridge,level,decay,0.0,"{""alpha"": 200.0}",249.3365364026612,76.12351701579117,101.64010298813832,17.924678971957235,60.32976294138872,81.21761040919176,15.996567109318265,91.91727109019361,118.59646213230592,19.852790834596203,86.77383255980592
3,Ridge,level,decay,0.25,"{""alpha"": 200.0}",191.76525876017672,72.35370467485153,93.90561319261555,17.024573596163776,65.72717501242025,87.92878347299255,16.812732975344165,78.98023433728282,99.52415493297022,17.236414216983384,82.4099792845216
3,Ridge,level,decay,0.5,"{""alpha"": 200.0}",140.71927862138105,73.59197308733111,92.03482099027015,17.489454151022276,80.19744824727867,100.12996598668867,20.179947230567457,66.98649792738357,83.15531528968377,14.798961071477102,80.3856734688499
3,Ridge,level,window,0.0,"{""alpha"": 200.0}",250.58964725194016,68.94844802831209,93.27141076035149,16.132950859062927,53.36675061879252,73.62701015402895,14.189496076927202,84.53014543783165,109.44485143774892,18.076405641198647,78.50436622338343
3,Ridge,level,window,0.25,"{""alpha"": 200.0}",193.2098617267972,67.07702303063536,87.83999121336791,15.720263433256607,60.70035878598317,82.21674708170669,15.532694184615545,73.45368727528754,93.12429657201056,15.907832681897668,75.65820479771003
3,Ridge,level,window,0.5,"{""alpha"": 200.0}",141.74676291419797,70.40522177342375,88.40881554571095,16.71637766920348,77.31061952334446,96.52903853357743,19.485349113445306,63.49982402350303,79.46308609772346,13.947406224961664,75.72313396399511
3,Ridge,logratio,expand,0.0,"{""alpha"": 200.0}",474.03134505282196,71.865505765817,93.66956076389548,17.018101599891857,62.879475575306785,81.9432366401889,16.61034509739854,80.85153595632723,104.08303990724048,17.42585810238516,74.46264235412069
3,Ridge,logratio,expand,0.25,"{""alpha"": 200.0}",358.6533530276161,64.01269263787562,85.13896206449881,15.104822913518145,61.432890085340134,83.0224810369323,15.695970031530665,66.59249519041111,87.2040903015022,14.513675795505632,67.12754897167213
3,Ridge,logratio,expand,0.5,"{""alpha"": 200.0}",250.06228210149982,64.05604426596835,84.59279992232743,15.289561656683691,71.51918666553583,94.06643956569508,17.997160703322233,56.592901866400915,73.91473834649811,12.581962610045148,66.42601803101934
3,Ridge,logratio,decay,0.0,"{""alpha"": 200.0}",218.66618711690933,72.26009045084534,93.64510640223325,17.613951594590823,63.09710054716273,78.71257710515928,17.196298230097195,81.42308035452794,106.50418823518412,18.03160495908445,70.01707883382343
3,Ridge,logratio,decay,0.25,"{""alpha"": 200.0}",166.08481803022707,61.70569609711589,81.57431866074738,14.923203685469904,56.28550465775871,74.08163271572141,14.891198460623736,67.12588753647306,88.4344425215836,14.955208910316085,61.280504844571865
3,Ridge,logratio,decay,0.5,"{""alpha"": 200.0}",121.69428382187631,60.87617996468819,79.7863873126237,14.718457943147047,64.37671569716942,85.05967572964732,16.571933462899864,57.37564423220694,74.13896927775059,12.864982423394242,61.663332021090596
3,Ridge,logratio,window,0.0,"{""alpha"": 200.0}",475.25532171100417,69.3678945604119,90.50224106319463,16.96453358154893,62.485132913000626,79.19142412545455,16.924956498742453,76.25065620782316,100.54864305351694,17.00411066435542,67.2726347120661
3,Ridge,logratio,window,0.25,"{""alpha"": 200.0}",358.46896711952087,60.66562117496006,81.05885008803529,14.624493421884047,57.652290004001074,77.50829196880439,15.135086569014044,63.67895234591904,84.46028079084114,14.113900274754052,60.15828690894768
3,Ridge,logratio,window,0.5,"{""alpha"": 200.0}",249.22091544871589,61.117576547265415,80.89169534044716,14.701334207153035,66.54324558726236,88.82532594433643,17.049098618339826,55.69190750726848,72.0901811690457,12.35356979596625,61.489700276319546
3,Ridge,ratio_ly,expand,0.0,"{""alpha"": 10.0}",101.34264167278688,125.63234616515412,172.84671724667436,24.845200327398604,75.09857369250797,96.54991833797614,19.204706124708697,176.1661186378003,224.56644583470995,30.485694530088526,170.45732006320412
3,Ridge,ratio_ly,expand,0.25,"{""alpha"": 10.0}",81.60779502218934,104.49660726986593,139.3550267172692,21.157089847941702,71.36518780295356,89.98735807575561,18.117894573051206,137.62802673677834,175.33374555198256,24.196285122832183,137.66897873498974
3,Ridge,ratio_ly,expand,0.5,"{""alpha"": 10.0}",74.66916856771324,87.01200410284527,113.28363556728348,18.4734069955519,73.8237343762089,95.66376034738512,18.643652685371006,100.20027382948166,128.5099573219144,18.303161305732786,108.5412339673545
3,Ridge,ratio_ly,decay,0.0,"{""alpha"": 10.0}",114.29382357140888,80.34156270823024,106.53887991890102,18.713386703270743,61.048464545973275,81.27415953525663,16.912362482147163,99.63466087048717,126.86834459622176,20.514410924394326,148.66462047026815
3,Ridge,ratio_ly,decay,0.25,"{""alpha"": 10.0}",88.06809022281101,75.85220156155779,96.30458431129364,17.92471730663514,66.44007410356082,86.24933807520446,18.00287100239736,85.26432901955476,105.40492208778116,17.846563610872902,122.82564460443658
3,Ridge,ratio_ly,decay,0.5,"{""alpha"": 10.0}",73.77621300529651,75.9822738253871,92.56840048830735,18.231901342509957,80.4099870684991,98.13962253781374,21.179969525619157,71.55456058227509,86.63966773979895,15.283833159400755,102.60110921110997
3,Ridge,ratio_ly,window,0.0,"{""alpha"": 10.0}",101.34264167278688,85.95313169196426,117.2263328647255,18.931851162659154,69.8853989083827,91.61448714257966,17.688984446948204,102.02086447554576,138.16950452044384,20.174717878370114,170.45732006320412
3,Ridge,ratio_ly,window,0.25,"{""alpha"": 10.0}",81.60779502218934,77.45887396912514,100.70233308278276,17.31714698351977,67.4553067148596,87.15478405827207,16.981103314730845,87.46244122339061,112.6319821027199,17.653190652308698,137.66897873498974
3,Ridge,ratio_ly,window,0.5,"{""alpha"": 10.0}",74.66916856771324,73.22070071427501,92.34907281408499,16.861310640996933,73.143859967795,94.58787964916164,18.525261112921935,73.29754146075504,90.05462521557712,15.197360169071924,108.5412339673545
3,Ridge,ratio_blend,expand,0.0,"{""alpha"": 10.0}",67.4074065622174,91.34422534285248,121.87355739105567,18.87345748121905,59.84932503842485,79.91325323553092,15.18661954294403,122.83912564728007,152.70952799225,22.56029541949406,132.63459419033785
3,Ridge,ratio_blend,expand,0.25,"{""alpha"": 10.0}",64.52283999298038,80.74832995962745,105.97546392283924,17.12318693572487,63.67376729669807,85.48215491155754,15.909737659381825,97.82289262255684,123.10320507199835,18.336636212067923,113.02178443290981
3,Ridge,ratio_blend,expand,0.5,"{""alpha"": 10.0}",69.72280526006203,76.05539008831083,97.08704633623948,16.903212226789975,77.87251728812556,97.80286284742809,19.35985849885854,74.23826288849605,96.36591280861398,14.446565954721413,97.43155736145897
3,Ridge,ratio_blend,decay,0.0,"{""alpha"": 10.0}",70.56378451525828,67.89280136944852,87.89890710047118,15.853041151893796,55.2433700228402,74.21083737073839,14.87299953983483,80.54223271605683,99.72556019220117,16.833082763952774,113.53678983137905
3,Ridge,ratio_blend,decay,0.25,"{""alpha"": 10.0}",62.38258618828128,66.26677733863559,84.31579111325075,15.690987060739511,62.984740997283915,82.75122132120543,16.607989033026787,69.54881367998725,85.85185281608979,14.773985088452243,100.43031311162481
3,Ridge,ratio_blend,decay,0.5,"{""alpha"": 10.0}",64.43954969880245,68.66033286197519,86.56696365819005,16.47646958719053,77.53547164374524,96.9136776034886,20.006616369064222,59.78519408020513,74.80252326869643,12.94632280531684,89.47057592822274
3,Ridge,ratio_blend,window,0.0,"{""alpha"": 10.0}",67.4074065622174,69.23305730259794,93.00591566045078,15.343649843290674,55.79433398582797,76.65752517273602,14.032004329653097,82.67178061936794,106.88229287430688,16.65529535692825,132.63459419033785
3,Ridge,ratio_blend,window,0.25,"{""alpha"": 10.0}",64.52283999298038,65.70883261620746,86.57399088259203,14.779695623608275,60.548997712683864,82.87849574878499,15.013953254135412,70.86866751973103,90.1180710906358,14.545437993081137,113.02178443290981
3,Ridge,ratio_blend,window,0.5,"{""alpha"": 10.0}",69.72280526006203,68.92049771334413,86.87022301219588,15.94631169569825,76.51238584135653,96.10309179227977,19.012188002143493,61.32860958533174,76.53147744779228,12.880435389253012,97.43155736145897
4,Baseline: persistence,-,-,-,-,,91.77049180327869,120.7343649722228,22.555283392952948,75.79310344827586,100.36691308085204,19.887673853459546,106.25,136.59383221800317,24.97280453811885,
4,Baseline: seasonal naive,-,-,-,-,,81.37704918032787,102.36258281547872,19.456587478566153,114.79310344827586,131.4910512229792,28.5623889271199,51.09375,65.61178438359987,11.204454915814319,
4,Baseline: seasonal + drift,-,-,-,-,,64.62132325018975,83.30289312726627,15.778931505937418,76.13803330654619,95.7066578328797,19.86704530142427,54.1843047616167,70.19359967998331,12.074078378777456,
4,Baseline: 4-week rolling mean,-,-,-,-,,128.20901639344262,150.60916265967745,32.26447599186898,99.89655172413794,120.6139288290793,27.722848941114712,153.8671875,173.36616213054668,36.380325506615044,
4,XGBoost,level,expand,0.0,"{""max_depth"": 3, ""n_estimators"": 300, ""learning_rate"": 0.05, ""subsample"": 0.8, ""colsample_bytree"": 0.8, ""min_child_weight"": 3, ""reg_lambda"": 3.0}",64.05394755045573,72.76877881659836,95.21540490782596,16.99203175162874,73.26476208917026,97.63941596059234,17.90943260508431,72.31929397583008,92.96406602701298,16.160637228184633,154.88387698814518
4,XGBoost,level,expand,0.25,"{""max_depth"": 3, ""n_estimators"": 300, ""learning_rate"": 0.05, ""subsample"": 0.8, ""colsample_bytree"": 0.8, ""min_child_weight"": 3, ""reg_lambda"": 3.0}",71.65904525756837,65.75038622246414,88.05446251367002,14.932246437338003,70.51255535257273,96.7388244915624,16.318220706252067,61.43467044830322,79.36767401754719,13.676207256134635,129.5561116953365
4,XGBoost,level,expand,0.5,"{""max_depth"": 3, ""n_estimators"": 300, ""learning_rate"": 0.05, ""subsample"": 0.8, ""colsample_bytree"": 0.8, ""min_child_weight"": 3, ""reg_lambda"": 3.0}",85.5928677368164,64.52726520475794,86.89925625939429,14.644659245043472,76.03899094154094,102.92127179245564,17.570714617685315,54.09476375579834,69.24807479514081,11.992921563586808,107.19583623917376
4,XGBoost,level,decay,0.0,"{""max_depth"": 3, ""n_estimators"": 300, ""learning_rate"": 0.05, ""subsample"": 0.8, ""colsample_bytree"": 0.8, ""min_child_weight"": 3, ""reg_lambda"": 3.0}",62.20655832926432,70.02811194247887,88.83225490044244,16.311398894341675,67.15793372844827,86.90714394565872,16.36865935497803,72.62921094894409,90.54153773227098,16.259506601889978,140.39879120373334
4,XGBoost,level,decay,0.25,"{""max_depth"": 3, ""n_estimators"": 300, ""learning_rate"": 0.05, ""subsample"": 0.8, ""colsample_bytree"": 0.8, ""min_child_weight"": 3, ""reg_lambda"": 3.0}",68.36385772705079,65.36373688744717,83.70051798979613,15.018526000506316,68.0714419134732,88.95241373560235,16.052240919443744,62.909879207611084,78.63860256838474,14.081721855219273,118.68685187668096
4,XGBoost,level,decay,0.5,"{""max_depth"": 3, ""n_estimators"": 300, ""learning_rate"": 0.05, ""subsample"": 0.8, ""colsample_bytree"": 0.8, ""min_child_weight"": 3, ""reg_lambda"": 3.0}",82.42049860636394,63.99160503950275,84.50917182626075,14.609659189131266,74.25068611934267,98.2612108349906,17.306144491326283,54.69431281089783,69.74218289537737,12.16596938401703,100.03264155153369
4,XGBoost,level,window,0.0,"{""max_depth"": 3, ""n_estimators"": 300, ""learning_rate"": 0.05, ""subsample"": 0.8, ""colsample_bytree"": 0.8, ""min_child_weight"": 3, ""reg_lambda"": 3.0}",65.62473653157552,62.965700993772415,80.79928776921632,14.465120422379456,60.03486317601697,78.85021739587343,14.626804600078103,65.62177276611328,82.52588086981636,14.31859413634006,118.13126060610912
4,XGBoost,level,window,0.25,"{""max_depth"": 3, ""n_estimators"": 300, ""learning_rate"": 0.05, ""subsample"": 0.8, ""colsample_bytree"": 0.8, ""min_child_weight"": 3, ""reg_lambda"": 3.0}",72.67965779622396,60.655454291672,78.12742223201501,13.948549377767403,64.5935216443292,83.59084342965525,15.53002677294878,57.086580753326416,72.82300811055521,12.515335488384283,104.35938325475473
4,XGBoost,level,window,0.5,"{""max_depth"": 3, ""n_estimators"": 300, ""learning_rate"": 0.05, ""subsample"": 0.8, ""colsample_bytree"": 0.8, ""min_child_weight"": 3, ""reg_lambda"": 3.0}",85.83294484456378,61.89606100613953,81.36714700298978,14.28108703637799,74.17578730089912,95.33909728873233,17.777604662859954,50.76755905151367,66.20531715162085,11.112367937378712,92.00900218525871
4,XGBoost,logratio,expand,0.0,"{""max_depth"": 3, ""n_estimators"": 300, ""learning_rate"": 0.05, ""subsample"": 0.8, ""colsample_bytree"": 0.8, ""min_child_weight"": 3, ""reg_lambda"": 3.0}",117.92744904319444,83.83592329064354,126.10067596758205,18.81914820380492,64.50173445200097,94.96479145997722,15.80079548690805,101.35753192566335,148.79234401027205,21.554530353492723,154.49903435589837
4,XGBoost,logratio,expand,0.25,"{""max_depth"": 2, ""n_estimators"": 300, ""learning_rate"": 0.05, ""subsample"": 0.8, ""colsample_bytree"": 0.8, ""min_child_weight"": 3, ""reg_lambda"": 3.0}",111.48653100619714,77.22750343260218,108.44117434041073,17.407284755718344,64.87724824146977,85.99204913689546,15.846281267439197,88.41992219956592,125.36003685682984,18.821944166971328,114.43406378319028
4,XGBoost,logratio,expand,0.5,"{""max_depth"": 2, ""n_estimators"": 300, ""learning_rate"": 0.03, ""subsample"": 0.8, ""colsample_bytree"": 0.8, ""min_child_weight"": 3, ""reg_lambda"": 3.0}",113.47756244858105,74.01095639584494,96.74006610812835,16.443285065714246,74.98245447976836,98.2435397436285,17.761997740926923,73.13053625728935,95.35706972472072,15.248201703802755,96.0150787708212
4,XGBoost,logratio,decay,0.0,"{""max_depth"": 2, ""n_estimators"": 300, ""learning_rate"": 0.03, ""subsample"": 0.8, ""colsample_bytree"": 0.8, ""min_child_weight"": 3, ""reg_lambda"": 3.0}",91.34270071268082,74.6357574824427,98.10637440146593,16.923061826254617,55.706417318048146,73.50455967793711,14.165582506341611,91.79047200642526,115.97842122570987,19.42202745992578,113.03132862927484
4,XGBoost,logratio,decay,0.25,"{""max_depth"": 2, ""n_estimators"": 300, ""learning_rate"": 0.03, ""subsample"": 0.8, ""colsample_bytree"": 0.8, ""min_child_weight"": 3, ""reg_lambda"": 3.0}",89.92178323686123,68.24561964512849,87.11151278922276,15.267887540979572,60.250194035727404,77.46886468188085,14.534906058116965,75.49147410364822,95.00855725080682,15.932152009823808,97.00060208263945
4,XGBoost,logratio,decay,0.5,"{""max_depth"": 2, ""n_estimators"": 300, ""learning_rate"": 0.03, ""subsample"": 0.8, ""colsample_bytree"": 0.8, ""min_child_weight"": 3, ""reg_lambda"": 3.0}",97.98860424955684,66.15594288511355,83.97503751062898,14.872332419948139,70.0445421379188,90.45490186844344,16.687609288690172,62.63189981225878,77.63690197216582,13.227237757650666,86.27142462378643
4,XGBoost,logratio,window,0.0,"{""max_depth"": 3, ""n_estimators"": 300, ""learning_rate"": 0.03, ""subsample"": 0.8, ""colsample_bytree"": 0.8, ""min_child_weight"": 3, ""reg_lambda"": 3.0}",119.14863618691761,63.788217403849615,82.29479956345621,15.518783336994831,47.749517492179216,59.98374413434041,12.70157539240758,78.32328919880092,98.23044317059198,18.07187803677703,84.97085046279626
4,XGBoost,logratio,window,0.25,"{""max_depth"": 2, ""n_estimators"": 300, ""learning_rate"": 0.03, ""subsample"": 0.8, ""colsample_bytree"": 0.8, ""min_child_weight"": 3, ""reg_lambda"": 3.0}",110.40574297656616,58.22915957745958,74.62098172907272,13.419876040146498,50.16315548327462,65.45583171380444,12.067449812502616,65.5389757878147,82.04728714890125,14.64551230894876,73.4577678915907
4,XGBoost,logratio,window,0.5,"{""max_depth"": 2, ""n_estimators"": 300, ""learning_rate"": 0.03, ""subsample"": 0.8, ""colsample_bytree"": 0.8, ""min_child_weight"": 3, ""reg_lambda"": 3.0}",110.36305809040863,59.58920795800256,76.78441522281189,13.540915295506165,62.721645304868964,83.02395334921339,14.725447131646591,56.75043661240488,70.65548095013177,12.467433319003902,70.44066155249955
4,XGBoost,ratio_ly,expand,0.0,"{""max_depth"": 3, ""n_estimators"": 300, ""learning_rate"": 0.03, ""subsample"": 0.8, ""colsample_bytree"": 0.8, ""min_child_weight"": 3, ""reg_lambda"": 3.0}",116.88597490072252,74.07997351982554,97.71849320348849,17.148879480266327,53.47845932121935,72.91794378200667,13.944367470968297,92.75009576231241,115.68942387853204,20.052968488692674,119.28240210013311
4,XGBoost,ratio_ly,expand,0.25,"{""max_depth"": 3, ""n_estimators"": 300, ""learning_rate"": 0.03, ""subsample"": 0.8, ""colsample_bytree"": 0.8, ""min_child_weight"": 3, ""reg_lambda"": 3.0}",95.88077273190021,68.79609293576146,88.53854554699642,16.195322254002658,60.338254165032815,80.70875933304804,15.445141147250224,76.46100932173431,95.07896483695062,16.87517388199705,103.5934452553753
4,XGBoost,ratio_ly,expand,0.5,"{""max_depth"": 3, ""n_estimators"": 300, ""learning_rate"": 0.03, ""subsample"": 0.8, ""colsample_bytree"": 0.8, ""min_child_weight"": 3, ""reg_lambda"": 3.0}",82.24656504273415,68.67401120213212,86.16261660313744,16.43817489345575,76.191944465555,94.38400962749236,19.0722507457845,61.86088418215513,77.96671757197507,14.051043652282818,91.46644121261893
4,XGBoost,ratio_ly,decay,0.0,"{""max_depth"": 3, ""n_estimators"": 300, ""learning_rate"": 0.03, ""subsample"": 0.8, ""colsample_bytree"": 0.8, ""min_child_weight"": 3, ""reg_lambda"": 3.0}",126.52834110736846,71.70801867324798,93.1355057819424,16.70617549841372,53.4075107389483,72.49922227227881,13.949196716416973,88.29285398870707,108.49821268693184,19.204687519598274,113.90000633919826
4,XGBoost,ratio_ly,decay,0.25,"{""max_depth"": 3, ""n_estimators"": 300, ""learning_rate"": 0.03, ""subsample"": 0.8, ""colsample_bytree"": 0.8, ""min_child_weight"": 3, ""reg_lambda"": 3.0}",103.66456989049911,65.84588061077673,85.84930563066747,15.4204563966777,58.41370846022819,81.15676781840592,14.61844446542711,72.58128662221134,89.89057444925471,16.147279709373546,100.18215098781664
4,XGBoost,ratio_ly,decay,0.5,"{""max_depth"": 3, ""n_estimators"": 300, ""learning_rate"": 0.03, ""subsample"": 0.8, ""colsample_bytree"": 0.8, ""min_child_weight"": 3, ""reg_lambda"": 3.0}",88.3535609459877,67.46196485689428,85.06493330296088,16.096548644903738,76.0439357891165,95.05511783812017,18.771649701853708,59.684553699567914,74.86859909174201,13.672238312042836,88.6507174529013
4,XGBoost,ratio_ly,window,0.0,"{""max_depth"": 3, ""n_estimators"": 300, ""learning_rate"": 0.03, ""subsample"": 0.8, ""colsample_bytree"": 0.8, ""min_child_weight"": 3, ""reg_lambda"": 3.0}",116.88597490072252,70.12165804573748,95.29887532440372,16.566993718768845,55.991812607337685,75.03590799117065,15.048304104379268,82.92683047428727,110.49790393517478,17.943306181809394,119.28240210013311
4,XGBoost,ratio_ly,window,0.25,"{""max_depth"": 3, ""n_estimators"": 300, ""learning_rate"": 0.03, ""subsample"": 0.8, ""colsample_bytree"": 0.8, ""min_child_weight"": 3, ""reg_lambda"": 3.0}",95.88077273190021,65.69918980901359,86.76130667835899,15.635642157846775,62.195056791963246,82.81350942438979,16.115230318639117,68.87481035571545,90.18985904336587,15.201015387128708,103.5934452553753
4,XGBoost,ratio_ly,window,0.5,"{""max_depth"": 3, ""n_estimators"": 300, ""learning_rate"": 0.03, ""subsample"": 0.8, ""colsample_bytree"": 0.8, ""min_child_weight"": 3, ""reg_lambda"": 3.0}",82.24656504273415,67.1980333631156,85.1005935532151,16.074168750957355,78.02401648718735,95.9716562611186,19.652621197264004,57.38698615692556,73.87966716435618,12.831196221491952,91.46644121261893
4,XGBoost,ratio_blend,expand,0.0,"{""max_depth"": 2, ""n_estimators"": 300, ""learning_rate"": 0.03, ""subsample"": 0.8, ""colsample_bytree"": 0.8, ""min_child_weight"": 3, ""reg_lambda"": 3.0}",93.34285185033454,57.54678188910609,72.42829441557255,14.321127303089694,54.644751913864354,66.76873233294943,14.289820010589713,60.1767465541689,77.19971722053091,14.349499536917797,81.17961219788093
4,XGBoost,ratio_blend,expand,0.25,"{""max_depth"": 2, ""n_estimators"": 300, ""learning_rate"": 0.03, ""subsample"": 0.8, ""colsample_bytree"": 0.8, ""min_child_weight"": 3, ""reg_lambda"": 3.0}",81.52365171472006,57.70172666385013,73.09532348657577,14.101885582942728,60.41316416446442,76.28486208422734,15.266002731023184,55.24448642891842,70.0795262404966,13.04690441749482,77.24858370422757
4,XGBoost,ratio_blend,expand,0.5,"{""max_depth"": 3, ""n_estimators"": 300, ""learning_rate"": 0.03, ""subsample"": 0.8, ""colsample_bytree"": 0.8, ""min_child_weight"": 3, ""reg_lambda"": 3.0}",77.72218249165066,59.635911387329934,76.6679941014095,14.28550475724539,69.01606059675755,88.40602358534893,16.94643172138459,51.13515116628615,64.20273926022715,11.87403969599424,77.29573044855059
4,XGBoost,ratio_blend,decay,0.0,"{""max_depth"": 2, ""n_estimators"": 300, ""learning_rate"": 0.03, ""subsample"": 0.8, ""colsample_bytree"": 0.8, ""min_child_weight"": 3, ""reg_lambda"": 3.0}",87.4604016390616,55.192763291349756,71.32199530935395,13.608861035928701,50.382446845188014,66.08003248248018,12.864202617539505,59.552112570683825,75.75987926825007,14.283707727593914,84.05293485168374
4,XGBoost,ratio_blend,decay,0.25,"{""max_depth"": 2, ""n_estimators"": 300, ""learning_rate"": 0.03, ""subsample"": 0.8, ""colsample_bytree"": 0.8, ""min_child_weight"": 3, ""reg_lambda"": 3.0}",77.55540234034962,56.561182390561314,72.3426022621411,13.684687269618045,58.33857209919254,76.70659415066565,14.413888808871533,54.95042296711426,68.14676996791233,13.023848374669573,80.10286806894624
4,XGBoost,ratio_blend,decay,0.5,"{""max_depth"": 3, ""n_estimators"": 300, ""learning_rate"": 0.03, ""subsample"": 0.8, ""colsample_bytree"": 0.8, ""min_child_weight"": 3, ""reg_lambda"": 3.0}",76.22969042472194,59.30906846225509,76.30123023636719,14.278893883311621,69.73786871335348,88.73414473278447,17.22779815559796,49.85796823469717,62.94735823196499,11.606449386552125,74.72817813952908
4,XGBoost,ratio_blend,window,0.0,"{""max_depth"": 2, ""n_estimators"": 300, ""learning_rate"": 0.03, ""subsample"": 0.8, ""colsample_bytree"": 0.8, ""min_child_weight"": 3, ""reg_lambda"": 3.0}",93.34285185033454,58.569235925482396,72.09575148697976,14.398041255096782,53.540702239275724,65.49643367022726,13.924827707496643,63.12634457860717,77.59307685950009,14.826891032609401,81.17961219788093
4,XGBoost,ratio_blend,window,0.25,"{""max_depth"": 2, ""n_estimators"": 300, ""learning_rate"": 0.03, ""subsample"": 0.8, ""colsample_bytree"": 0.8, ""min_child_weight"": 3, ""reg_lambda"": 3.0}",81.52365171472006,58.418623222473435,72.21231033756851,14.09282671825144,59.5046854284986,75.11947095814682,14.978730935582421,57.43437934826312,69.4726949572014,13.289976021295239,77.24858370422757
4,XGBoost,ratio_blend,window,0.5,"{""max_depth"": 3, ""n_estimators"": 300, ""learning_rate"": 0.03, ""subsample"": 0.8, ""colsample_bytree"": 0.8, ""min_child_weight"": 3, ""reg_lambda"": 3.0}",77.72218249165066,59.99400389185642,75.97077992588413,14.288662050438125,69.62216618056205,88.34221270051718,17.09488358721719,51.268481817716946,62.68449612830292,11.745523782732104,77.29573044855059
4,LightGBM,level,expand,0.0,"{""max_depth"": 3, ""n_estimators"": 300, ""learning_rate"": 0.05, ""num_leaves"": 7, ""min_child_samples"": 10, ""subsample"": 0.8, ""colsample_bytree"": 0.8}",85.1410414291184,81.86123820560879,103.236257306474,19.06741935298008,73.53990246781068,97.77783702344792,18.53743355482278,89.4024487179883,107.94480030393784,19.54771898256013,170.08401686189896
4,LightGBM,level,expand,0.25,"{""max_depth"": 2, ""n_estimators"": 300, ""learning_rate"": 0.05, ""num_leaves"": 7, ""min_child_samples"": 10, ""subsample"": 0.8, ""colsample_bytree"": 0.8}",89.9640532125726,79.22849833618027,99.31853010383209,17.88045655204929,76.71376758346693,102.76431856523182,18.43105912614973,81.50747308082671,96.08910997838426,17.381472969270753,153.6747561209224
4,LightGBM,level,expand,0.5,"{""max_depth"": 2, ""n_estimators"": 300, ""learning_rate"": 0.05, ""num_leaves"": 7, ""min_child_samples"": 10, ""subsample"": 0.8, ""colsample_bytree"": 0.8}",100.1723363805785,73.73736958959155,93.27655861032933,16.709843506080517,81.16777933812607,106.32479324987963,19.214344099718105,67.00356075498219,79.62561056047278,14.440139843096444,123.93333008845798
4,LightGBM,level,decay,0.0,"{""max_depth"": 2, ""n_estimators"": 300, ""learning_rate"": 0.03, ""num_leaves"": 7, ""min_child_samples"": 10, ""subsample"": 0.8, ""colsample_bytree"": 0.8}",77.52560997286513,70.49052310959081,92.4070241499732,16.295803238689366,69.15812122116061,92.25842287061687,16.723439617016606,71.69801232098065,92.54148794609031,15.908257770830303,146.55433554352453
4,LightGBM,level,decay,0.25,"{""max_depth"": 2, ""n_estimators"": 300, ""learning_rate"": 0.03, ""num_leaves"": 7, ""min_child_samples"": 10, ""subsample"": 0.8, ""colsample_bytree"": 0.8}",83.2438556833114,65.26975931206485,85.83934208194954,14.798646464993567,69.38507482307041,92.3463876699343,15.997191603466721,61.54025463021607,79.48351783504611,13.712464933252269,124.47204938885805
4,LightGBM,level,decay,0.5,"{""max_depth"": 2, ""n_estimators"": 300, ""learning_rate"": 0.03, ""num_leaves"": 7, ""min_child_samples"": 10, ""subsample"": 0.8, ""colsample_bytree"": 0.8}",95.36328056661102,64.2932094160552,85.44790344257545,14.68798856291146,75.5686940439805,99.98157272341889,17.48248134264052,54.074801471997894,69.70672150235781,12.155479481282006,103.18789654925551
4,LightGBM,level,window,0.0,"{""max_depth"": 3, ""n_estimators"": 300, ""learning_rate"": 0.05, ""num_leaves"": 7, ""min_child_samples"": 10, ""subsample"": 0.8, ""colsample_bytree"": 0.8}",85.70100477809284,66.22110625895492,84.11360246560837,14.292329636255142,58.287581555668666,75.43897327910612,13.917484588787458,73.4108630213081,91.26555746000264,14.632032960522729,114.2232127372782
4,LightGBM,level,window,0.25,"{""max_depth"": 3, ""n_estimators"": 300, ""learning_rate"": 0.05, ""num_leaves"": 7, ""min_child_samples"": 10, ""subsample"": 0.8, ""colsample_bytree"": 0.8}",89.89909275779388,62.33776909866684,79.97647785172104,13.65200586251161,62.05093029178019,81.44958215626065,14.778798375970368,62.59771676740785,78.61763856916157,12.630850147189609,99.99407319901434
4,LightGBM,level,window,0.5,"{""max_depth"": 3, ""n_estimators"": 300, ""learning_rate"": 0.05, ""num_leaves"": 7, ""min_child_samples"": 10, ""subsample"": 0.8, ""colsample_bytree"": 0.8}",99.93964917737499,62.45358648316354,82.07994078738439,14.052582393213427,72.51976182199581,94.24175998546036,17.529951166054158,53.33111508234681,69.23699043632124,10.901216942826514,88.54422567966873
4,LightGBM,logratio,expand,0.0,"{""max_depth"": 3, ""n_estimators"": 300, ""learning_rate"": 0.03, ""num_leaves"": 7, ""min_child_samples"": 10, ""subsample"": 0.8, ""colsample_bytree"": 0.8}",106.30744064433664,94.04506657229626,138.96813097333168,19.982699382582,64.72833683437759,87.98404582161429,15.626169962951703,120.61335289728505,172.62188173726227,23.93080416912196,147.29119451582795
4,LightGBM,logratio,expand,0.25,"{""max_depth"": 3, ""n_estimators"": 300, ""learning_rate"": 0.05, ""num_leaves"": 7, ""min_child_samples"": 10, ""subsample"": 0.8, ""colsample_bytree"": 0.8}",100.93973127309944,81.39920200437878,113.96444564053952,17.409601789560018,68.79964786801945,89.96054009961195,16.38977364941905,92.81754794045442,131.99994349005442,18.333821041562775,126.31357472180608
4,LightGBM,logratio,expand,0.5,"{""max_depth"": 3, ""n_estimators"": 300, ""learning_rate"": 0.03, ""num_leaves"": 7, ""min_child_samples"": 10, ""subsample"": 0.8, ""colsample_bytree"": 0.8}",105.45278010962907,77.64373495253423,99.96006721739505,17.106533530534293,77.68960120950409,99.54038600138225,18.592603151628428,77.60216865715526,100.3388870918594,15.759782936417732,105.02046972208556
4,LightGBM,logratio,decay,0.0,"{""max_depth"": 3, ""n_estimators"": 300, ""learning_rate"": 0.03, ""num_leaves"": 7, ""min_child_samples"": 10, ""subsample"": 0.8, ""colsample_bytree"": 0.8}",86.62613257912341,77.76702305857864,108.92379512388419,17.696334916494834,63.363245002374676,86.34283637653881,15.773954506798294,90.8204469220135,125.93779533250192,19.43849216278231,144.2748301056713
4,LightGBM,logratio,decay,0.25,"{""max_depth"": 3, ""n_estimators"": 300, ""learning_rate"": 0.05, ""num_leaves"": 7, ""min_child_samples"": 10, ""subsample"": 0.8, ""colsample_bytree"": 0.8}",88.68163143147002,69.76246676335303,98.80011502622924,15.54866307340585,63.37439359409885,90.85163547849953,15.017083688678671,75.55165807298967,105.48735944364037,16.030406890814866,122.86819286401246
4,LightGBM,logratio,decay,0.5,"{""max_depth"": 3, ""n_estimators"": 300, ""learning_rate"": 0.05, ""num_leaves"": 7, ""min_child_samples"": 10, ""subsample"": 0.8, ""colsample_bytree"": 0.8}",98.76384005226875,66.07848487079978,89.89461375262735,14.921798057987484,72.03554238142398,98.22748137540103,17.07064834771301,60.679901501796614,81.61131808427552,12.974402482923725,103.80029367748698
4,LightGBM,logratio,window,0.0,"{""max_depth"": 3, ""n_estimators"": 300, ""learning_rate"": 0.03, ""num_leaves"": 7, ""min_child_samples"": 10, ""subsample"": 0.8, ""colsample_bytree"": 0.8}",107.02688155335174,64.54692971168475,83.13821494050377,15.166833816101164,46.68583916947218,61.280433691783365,11.855715722714283,80.73354301556489,98.85694758446401,18.167534588233025,91.91215215092124
4,LightGBM,logratio,window,0.25,"{""max_depth"": 3, ""n_estimators"": 300, ""learning_rate"": 0.03, ""num_leaves"": 7, ""min_child_samples"": 10, ""subsample"": 0.8, ""colsample_bytree"": 0.8}",100.8256615345167,60.10333503423522,77.35308999070008,13.754232292600522,52.405583050411096,69.99777841175123,12.521908376829469,67.07942276957583,83.46079766551176,14.87102584126804,80.43051903423826
4,LightGBM,logratio,window,0.5,"{""max_depth"": 2, ""n_estimators"": 300, ""learning_rate"": 0.05, ""num_leaves"": 7, ""min_child_samples"": 10, ""subsample"": 0.8, ""colsample_bytree"": 0.8}",105.80825816861453,63.02202969157441,80.07143084133956,14.346954559624592,68.69640423728639,88.35882184513586,16.554071069154915,57.87962775952291,71.73874382912615,12.346755222862742,73.13878385913083
4,LightGBM,ratio_ly,expand,0.0,"{""max_depth"": 3, ""n_estimators"": 300, ""learning_rate"": 0.03, ""num_leaves"": 7, ""min_child_samples"": 10, ""subsample"": 0.8, ""colsample_bytree"": 0.8}",171.04773083949314,80.46537113075807,108.99009316449165,18.863869113140545,54.98821249486596,75.72594530383957,15.156227728517328,103.55404614453529,132.08793471533883,22.223919117955344,130.6761649432919
4,LightGBM,ratio_ly,expand,0.25,"{""max_depth"": 3, ""n_estimators"": 300, ""learning_rate"": 0.03, ""num_leaves"": 7, ""min_child_samples"": 10, ""subsample"": 0.8, ""colsample_bytree"": 0.8}",134.8256004431093,74.65358610019365,95.9505811904606,17.740921239847758,63.48237710062648,82.04698097338407,16.740455913830164,84.7774942560514,107.00143841899083,18.647592941551203,111.56314156907831
4,LightGBM,ratio_ly,expand,0.5,"{""max_depth"": 2, ""n_estimators"": 300, ""learning_rate"": 0.03, ""num_leaves"": 7, ""min_child_samples"": 10, ""subsample"": 0.8, ""colsample_bytree"": 0.8}",101.17622642584897,74.22295704068813,90.1665167414085,18.138115084924383,81.54733611437632,98.83722050311573,20.543893865479017,67.58523850515826,81.51590271829951,15.95787806504674,91.47481172928313
4,LightGBM,ratio_ly,decay,0.0,"{""max_depth"": 3, ""n_estimators"": 300, ""learning_rate"": 0.03, ""num_leaves"": 7, ""min_child_samples"": 10, ""subsample"": 0.8, ""colsample_bytree"": 0.8}",132.16199195417067,71.17402956097763,93.30046188547736,16.659771677624583,54.00748641684974,71.34725668827927,14.471606450498415,86.73120928534355,109.45619092234105,18.642796414707668,123.36875367362167
4,LightGBM,ratio_ly,decay,0.25,"{""max_depth"": 3, ""n_estimators"": 300, ""learning_rate"": 0.03, ""num_leaves"": 7, ""min_child_samples"": 10, ""subsample"": 0.8, ""colsample_bytree"": 0.8}",109.2240460096283,66.32942886283259,85.5448659021297,15.687480216942012,59.61365992360488,79.31854075396676,15.434295635545931,72.41559446400767,90.81951068984857,15.916928743832209,107.4777377912162
4,LightGBM,ratio_ly,decay,0.5,"{""max_depth"": 3, ""n_estimators"": 300, ""learning_rate"": 0.03, ""num_leaves"": 7, ""min_child_samples"": 10, ""subsample"": 0.8, ""colsample_bytree"": 0.8}",95.51181077961245,67.67282672317087,84.56413981335145,16.156723905509633,75.28684069813204,93.40775369279577,18.97513080893025,60.77262655836231,75.66196890541532,13.602542649284711,93.84982581854085
4,LightGBM,ratio_ly,window,0.0,"{""max_depth"": 3, ""n_estimators"": 300, ""learning_rate"": 0.03, ""num_leaves"": 7, ""min_child_samples"": 10, ""subsample"": 0.8, ""colsample_bytree"": 0.8}",171.04773083949314,70.88285303330132,102.15449880248408,16.24402860573743,51.929267465719434,72.99935508746626,14.319475297133552,88.05953995392241,122.73316708774117,17.988155041659702,130.6761649432919
4,LightGBM,ratio_ly,window,0.25,"{""max_depth"": 3, ""n_estimators"": 300, ""learning_rate"": 0.03, ""num_leaves"": 7, ""min_child_samples"": 10, ""subsample"": 0.8, ""colsample_bytree"": 0.8}",134.8256004431093,66.82931612586633,90.21130045007736,15.542600434806033,60.30721809598995,79.94889938543194,15.819596540472014,72.73996746544181,98.59320361769781,15.291572714046236,111.56314156907831
4,LightGBM,ratio_ly,window,0.5,"{""max_depth"": 2, ""n_estimators"": 300, ""learning_rate"": 0.03, ""num_leaves"": 7, ""min_child_samples"": 10, ""subsample"": 0.8, ""colsample_bytree"": 0.8}",101.17622642584897,71.59815183018465,88.30237724285257,17.108132590028244,81.75768156873283,96.4355974851942,20.84073258012522,62.391078004625356,80.22254008841915,13.725463849002873,91.47481172928313
4,LightGBM,ratio_blend,expand,0.0,"{""max_depth"": 2, ""n_estimators"": 300, ""learning_rate"": 0.03, ""num_leaves"": 7, ""min_child_samples"": 10, ""subsample"": 0.8, ""colsample_bytree"": 0.8}",88.25935615404748,56.23600709707642,73.5301824116396,13.745221950565604,50.08502478656008,65.74775443185554,12.824283729699825,61.81033481598186,79.9311621965099,14.579822213225208,64.27366072238982
4,LightGBM,ratio_blend,expand,0.25,"{""max_depth"": 2, ""n_estimators"": 300, ""learning_rate"": 0.03, ""num_leaves"": 7, ""min_child_samples"": 10, ""subsample"": 0.8, ""colsample_bytree"": 0.8}",81.121201414599,57.53720775687844,73.7654278591437,13.885285774431505,58.76184911084987,76.6286755890912,14.636645070626694,56.427376529841794,71.07104179714023,13.20436641225461,65.12661416075538
4,LightGBM,ratio_blend,expand,0.5,"{""max_depth"": 2, ""n_estimators"": 300, ""learning_rate"": 0.05, ""num_leaves"": 7, ""min_child_samples"": 10, ""subsample"": 0.8, ""colsample_bytree"": 0.8}",79.56909473703946,63.9751741203262,80.0686675742127,15.17112416699122,74.61071511972659,92.52556487955434,18.2738466769022,54.336715089619595,66.80242759004877,12.359281892384399,68.10564288110801
4,LightGBM,ratio_blend,decay,0.0,"{""max_depth"": 2, ""n_estimators"": 300, ""learning_rate"": 0.03, ""num_leaves"": 7, ""min_child_samples"": 10, ""subsample"": 0.8, ""colsample_bytree"": 0.8}",101.46076613895862,54.50834443599405,69.23919380103393,13.567190560999187,50.11376762825152,63.54427145747811,12.682016388649492,58.49092966801069,74.02272979346803,14.369379654691091,74.89543305907694
4,LightGBM,ratio_blend,decay,0.25,"{""max_depth"": 3, ""n_estimators"": 300, ""learning_rate"": 0.03, ""num_leaves"": 7, ""min_child_samples"": 10, ""subsample"": 0.8, ""colsample_bytree"": 0.8}",87.80101903743252,55.76089763632795,71.79111843365722,13.574426012450155,54.80020692631767,73.82883741196417,13.745561899717384,56.631523592274775,69.8931385377023,13.419334114614223,77.37464495146367
4,LightGBM,ratio_blend,decay,0.5,"{""max_depth"": 3, ""n_estimators"": 300, ""learning_rate"": 0.03, ""num_leaves"": 7, ""min_child_samples"": 10, ""subsample"": 0.8, ""colsample_bytree"": 0.8}",80.55089166910727,60.77174605945578,77.68413101494478,14.617707105451217,70.2178330735731,89.74293367404748,17.35811670183208,52.211229702911936,64.84699460944186,12.134210908731061,76.16684073892846
4,LightGBM,ratio_blend,window,0.0,"{""max_depth"": 2, ""n_estimators"": 300, ""learning_rate"": 0.03, ""num_leaves"": 7, ""min_child_samples"": 10, ""subsample"": 0.8, ""colsample_bytree"": 0.8}",88.25935615404748,56.352109487536445,73.32633625506797,13.624832737544546,46.258871786779,63.36757642460316,11.822584741368068,65.49910615384789,81.30455944859412,15.258119984079476,64.27366072238982
4,LightGBM,ratio_blend,window,0.25,"{""max_depth"": 2, ""n_estimators"": 300, ""learning_rate"": 0.03, ""num_leaves"": 7, ""min_child_samples"": 10, ""subsample"": 0.8, ""colsample_bytree"": 0.8}",81.121201414599,57.80037950439265,73.51731345086485,13.75906379316979,55.882572485365564,75.31219203345039,13.845395316944892,59.53839211538592,71.85198679433375,13.680825849748606,65.12661416075538
4,LightGBM,ratio_blend,window,0.5,"{""max_depth"": 2, ""n_estimators"": 300, ""learning_rate"": 0.05, ""num_leaves"": 7, ""min_child_samples"": 10, ""subsample"": 0.8, ""colsample_bytree"": 0.8}",79.56909473703946,63.75841781975036,78.6845249635569,15.03190195591145,74.1793356689752,90.93899868187235,18.237763063980765,54.31446101889034,65.6313996014368,12.126590326723633,68.10564288110801
4,RandomForest,level,expand,0.0,"{""max_depth"": 4, ""min_samples_leaf"": 2}",77.9850840216308,77.2212599408431,93.42548236224088,18.335866751314196,72.98672416930289,89.33815838803305,18.565758614263085,81.05880798380146,96.98093824478912,18.127527250516778,137.75379879716627
4,RandomForest,level,expand,0.25,"{""max_depth"": 4, ""min_samples_leaf"": 2}",84.34073616902005,69.29195193745728,86.07672014192562,16.09244711583899,69.61958447725694,89.01341536981685,16.808488128822262,68.99503494826385,83.32598848342715,15.443534947822894,117.59678105919413
4,RandomForest,level,expand,0.5,"{""max_depth"": 4, ""min_samples_leaf"": 2}",97.25523972351762,65.75821865452788,85.21223513472569,15.178833781573253,74.12726180562889,97.23946544966941,17.606589175605492,58.173773298842576,72.6117092892084,12.978680455731539,99.64923089676444
4,RandomForest,level,decay,0.0,"{""max_depth"": 4, ""min_samples_leaf"": 2}",73.82509352208358,69.12773082106864,85.1595663465105,16.006013393827633,61.72535684867674,76.49148525965406,15.565284079656983,75.8361322335488,92.31464265628802,16.405424334794787,122.41187386788496
4,RandomForest,level,decay,0.25,"{""max_depth"": 4, ""min_samples_leaf"": 2}",81.3539863927353,63.07713717432613,78.84982282686413,14.244694673394081,60.52677625719721,77.26217367780978,14.286622725101733,65.38840175547422,80.26150758386582,14.206697376534022,105.70075501371124
4,RandomForest,level,decay,0.5,"{""max_depth"": 4, ""min_samples_leaf"": 2}",95.07214026699143,61.48571480282384,80.0624752077,13.958109195749044,67.10715425357556,88.96872339142641,15.677254856816491,56.3912853005801,71.03309475261649,12.40013344040667,91.62190377110484
4,RandomForest,level,window,0.0,"{""max_depth"": 4, ""min_samples_leaf"": 2}",80.78779223418225,65.75622597106977,82.08979683835841,14.435557714605288,58.03754492386545,74.3610064923723,14.195438748009254,72.75128067009868,88.51299341984699,14.653165528082946,112.09388406842587
4,RandomForest,level,window,0.25,"{""max_depth"": 4, ""min_samples_leaf"": 2}",87.54703449089929,63.216683738284246,79.209364412278,14.086707828375541,63.71003262688437,80.95495756433425,15.436984357909008,62.76958630799037,77.59350781745705,12.86301972348583,99.68686551269955
4,RandomForest,level,window,0.5,"{""max_depth"": 4, ""min_samples_leaf"": 2}",99.79951177206716,64.24789781691219,82.11260704112703,14.717705729232575,74.84856149643007,94.10177108322094,18.263873386583608,54.641046357349104,69.48294260814006,11.503991289758197,88.66825751672648
4,RandomForest,logratio,expand,0.0,"{""max_depth"": 4, ""min_samples_leaf"": 4}",99.78712346403934,86.91742757846887,121.73929256301628,18.821547080737226,62.97296280961629,84.23970096821526,15.752812269589425,108.61709877524153,147.71745487809113,21.60258800333992,104.69654849628925
4,RandomForest,logratio,expand,0.25,"{""max_depth"": 4, ""min_samples_leaf"": 4}",99.56289058235961,75.32901639934374,103.80883652150014,16.250532453797124,62.62277579581609,86.33899835013618,15.049612421603358,86.84404694629069,117.41679108119506,17.338866232972723,90.18083834637717
4,RandomForest,logratio,expand,0.5,"{""max_depth"": 4, ""min_samples_leaf"": 4}",107.78506743080611,70.78084591041727,93.29784618718433,15.522276960426742,71.56692415647846,96.29494273923883,17.0277902216938,70.06846249992432,90.49603070987644,14.157905567403478,81.60643584641475
4,RandomForest,logratio,decay,0.0,"{""max_depth"": 6, ""min_samples_leaf"": 4}",84.15278872136652,80.66484723220988,110.9415620470545,17.79243517461489,54.123621412216366,68.1229018425527,13.962584050357615,104.71783313157903,138.76786806658168,21.263237755973037,98.75557355487783
4,RandomForest,logratio,decay,0.25,"{""max_depth"": 6, ""min_samples_leaf"": 4}",87.06495746135954,70.04749550055057,94.22955530922872,15.342600164503942,53.68162300449611,72.1144574989179,13.111995826476768,84.87906745009992,110.51264072066326,17.364085345841062,86.26636993156583
4,RandomForest,logratio,decay,0.5,"{""max_depth"": 4, ""min_samples_leaf"": 4}",98.08924935688663,64.74446680606933,84.46924191283564,14.376000201200387,63.24209883967787,85.69112867988989,15.048263446095447,66.1059877756116,83.34643552863183,13.766761635514241,75.09351729801675
4,RandomForest,logratio,window,0.0,"{""max_depth"": 4, ""min_samples_leaf"": 4}",100.23755381255692,65.78685951213211,83.88228722493358,15.36728165306547,49.69935597682534,61.61235284681785,12.692915069214884,80.36615959100386,99.86305404761796,17.79092636968005,73.22907760630996
4,RandomForest,logratio,window,0.25,"{""max_depth"": 4, ""min_samples_leaf"": 4}",99.26749971630831,58.892029152304445,76.18409097837876,13.36537571645216,48.503934724428795,66.27909703416948,11.62176748909208,68.30623972756678,84.15950562845582,14.945520672497231,64.14583641508486
4,RandomForest,logratio,window,0.5,"{""max_depth"": 4, ""min_samples_leaf"": 4}",106.7483948793266,60.48372958614512,77.2458302823008,13.70709413226098,62.32621253920851,82.70933050053524,14.80798383958028,58.81397940993143,71.93700561354159,12.709412835002865,63.14823839605281
4,RandomForest,ratio_ly,expand,0.0,"{""max_depth"": 6, ""min_samples_leaf"": 2}",147.33827407631878,76.11768014866588,97.60285752104504,18.246766506314206,58.35998250171905,78.62742277892069,16.3124711552679,92.21059364121146,112.05739444586528,19.999721668199918,95.47916119452842
4,RandomForest,ratio_ly,expand,0.25,"{""max_depth"": 6, ""min_samples_leaf"": 2}",115.66659505701361,69.68624490354992,88.67277195042247,16.977189184908152,63.112355863848094,84.54505206680399,17.108386214294796,75.64383184577972,92.25412940745699,16.858291877026506,86.3248626091947
4,RandomForest,ratio_ly,expand,0.5,"{""max_depth"": 4, ""min_samples_leaf"": 2}",91.16222896509487,74.96606976940899,89.84807814622064,18.30360689122715,77.89708219929118,94.88824359708163,20.41641843770223,72.30983975482826,85.02273988570238,16.388871427234115,82.90153463296775
4,RandomForest,ratio_ly,decay,0.0,"{""max_depth"": 6, ""min_samples_leaf"": 2}",134.62896051084007,71.11885081115277,91.11819172106429,16.893997806666945,55.13338782812406,73.06740145674071,14.825614062001282,85.60567663952253,104.82537668366908,18.768470575270197,91.11317471700376
4,RandomForest,ratio_ly,decay,0.25,"{""max_depth"": 6, ""min_samples_leaf"": 2}",107.62380072600463,64.76210150027134,84.12469292239376,15.558716651800852,58.44308361327634,80.74524208897714,15.27231696233608,70.48871146036058,87.0741013512865,15.818266370378309,82.97811512883708
4,RandomForest,ratio_ly,decay,0.5,"{""max_depth"": 6, ""min_samples_leaf"": 2}",89.12248552886174,66.24894875424172,83.8512924243491,16.068505742513917,74.67464070719619,94.36782117938188,18.94237420689003,58.613165421876715,73.02399202597002,13.464062446673061,79.73683176984356
4,RandomForest,ratio_ly,window,0.0,"{""max_depth"": 6, ""min_samples_leaf"": 2}",147.3382740763188,74.10874278808093,96.62033690308876,17.643344595277647,58.42556300785249,78.90953567427066,16.364732171398447,88.321624463913,110.23981385905176,18.80208710441817,95.47916119452842
4,RandomForest,ratio_ly,window,0.25,"{""max_depth"": 6, ""min_samples_leaf"": 2}",115.66659505701361,68.04787991461079,87.78566800630327,16.46081755684876,63.97603735443211,84.93923919460738,17.372816917057378,71.73798723477272,90.28776523778768,15.634318136659697,86.3248626091947
4,RandomForest,ratio_ly,window,0.5,"{""max_depth"": 4, ""min_samples_leaf"": 2}",91.16222896509487,69.8932914378609,86.23766575893566,17.0446707985193,77.52324358233065,94.5410086848168,20.313656293017925,62.978647306935166,77.95250303818999,14.082152694129919,82.90153463296775
4,RandomForest,ratio_blend,expand,0.0,"{""max_depth"": 6, ""min_samples_leaf"": 2}",122.9643199781647,58.54552773860285,72.5278878503242,14.631898460935638,50.7050365542018,63.65788268191216,13.184792141540825,65.6509728744663,79.71835396393254,15.943338562887183,63.91579582891999
4,RandomForest,ratio_blend,expand,0.25,"{""max_depth"": 6, ""min_samples_leaf"": 2}",97.74907802848237,57.027359047407735,71.61627781251724,14.015885164392708,54.82053630705794,72.41649760744195,13.852286791769853,59.027292155849736,70.88327585385704,14.16414618958217,63.64451775778837
4,RandomForest,ratio_blend,expand,0.5,"{""max_depth"": 6, ""min_samples_leaf"": 4}",83.23693277961605,60.19506608192548,77.29015935033615,14.421431340855303,67.66068872270453,88.82396847318202,16.539919758142094,53.42934556371945,65.09576330107858,12.501551212689154,67.52630608861514
4,RandomForest,ratio_blend,decay,0.0,"{""max_depth"": 6, ""min_samples_leaf"": 4}",109.54740167542371,57.19210591672692,71.60200273445885,14.21812200226876,51.46478459675216,66.26780563569496,13.225313204366554,62.38249086295403,76.1138979345624,15.117854975367631,71.62500199059086
4,RandomForest,ratio_blend,decay,0.25,"{""max_depth"": 6, ""min_samples_leaf"": 4}",87.52745117505054,55.692893642605824,70.72033509323606,13.626191186981753,54.71850798234685,73.81314562422067,13.715744497921614,56.57593064721552,67.79571335922208,13.545033498942505,68.9851973815963
4,RandomForest,ratio_blend,decay,0.5,"{""max_depth"": 6, ""min_samples_leaf"": 4}",78.65618442907136,59.28492974281098,76.49453612241005,14.256282923694044,67.58584519037778,89.16527172985442,16.5832453197437,51.7622251184536,62.84239528734758,12.147473252274052,70.87752240795635
4,RandomForest,ratio_blend,window,0.0,"{""max_depth"": 6, ""min_samples_leaf"": 2}",122.9643199781647,57.93212472470518,72.22926461695538,14.47969405617188,50.984078083841254,63.20804893764027,13.301793813395902,64.22879199298814,79.52566422012875,15.547166151187607,63.91579582891999
4,RandomForest,ratio_blend,window,0.25,"{""max_depth"": 6, ""min_samples_leaf"": 2}",97.74907802848236,56.70909916089012,71.2698539332177,13.933341427586404,55.241863482158024,72.22831102293274,13.993182413548494,58.0387814947411,70.38998028303051,13.879110534058265,63.64451775778837
4,RandomForest,ratio_blend,window,0.5,"{""max_depth"": 6, ""min_samples_leaf"": 4}",83.23693277961605,59.75784373034269,76.52501499543321,14.32264987635288,67.95023505820281,88.55511107627656,16.654227363790728,52.33348908946947,63.68931667892515,12.209657778362326,67.52630608861514
4,ExtraTrees,level,expand,0.0,"{""max_depth"": null, ""min_samples_leaf"": 2}",77.27326296296296,62.513048269581034,82.93828691606791,14.13509708445859,57.680233716475094,74.71037684563485,13.737443800509249,66.89278645833329,89.74560466027113,14.495470373037678,123.45158014571949
4,ExtraTrees,level,expand,0.25,"{""max_depth"": null, ""min_samples_leaf"": 2}",84.63176944444443,59.43963592896174,78.00380940771718,13.30698606543916,59.591066091954026,78.29044970910549,13.773899629879105,59.302402343749975,77.7431287669283,12.883845647665465,108.28331625683062
4,ExtraTrees,level,expand,0.5,"{""max_depth"": null, ""min_samples_leaf"": 2}",98.90013148148148,61.253536885245886,80.12341970138263,14.01754384030067,69.92184099616857,90.90299908116859,16.530548182717688,53.3978862847222,68.91303474459254,11.740133654985243,94.4405441712204
4,ExtraTrees,level,decay,0.0,"{""max_depth"": 6, ""min_samples_leaf"": 4}",69.84990584987325,64.50786379120268,81.8766544114941,14.270291325652092,57.263376135738014,71.72837221006289,13.779501681415992,71.07318072896754,90.09147378801987,14.715069440741058,115.59109579063418
4,ExtraTrees,level,decay,0.25,"{""max_depth"": 6, ""min_samples_leaf"": 4}",79.27198786655758,61.38359219219516,77.06586376435388,13.611187722436924,60.22044090443735,75.6388281427745,14.232034921326767,62.43769804672567,78.33666356282153,13.048544948443002,102.7292889018848
4,ExtraTrees,level,decay,0.5,"{""max_depth"": 6, ""min_samples_leaf"": 4}",94.46303504964118,61.898380188081454,79.45640063347702,14.037565106480393,69.62496049791021,89.09253335203942,16.661740470016877,54.89616678229915,69.58034704251995,11.659406183275456,90.70281762216105
4,ExtraTrees,level,window,0.0,"{""max_depth"": null, ""min_samples_leaf"": 2}",77.48574444444442,58.02483242258651,75.32006802476624,12.878318095014512,53.90122796934869,67.5639421231189,12.854920351404123,61.76184895833328,81.7156214986828,12.89952230016143,107.95173041894351
4,ExtraTrees,level,window,0.25,"{""max_depth"": null, ""min_samples_leaf"": 2}",85.43880833333333,57.83107650273221,74.70040505498604,12.98758070852077,60.26264511494255,77.06665094018733,14.398593159649668,55.62746744791661,72.48930729579071,11.708850674685207,96.37583333333332
4,ExtraTrees,level,window,0.5,"{""max_depth"": null, ""min_samples_leaf"": 2}",99.8630462962963,61.06768943533697,79.68685017190872,14.012577808930635,72.73914846743294,92.29426419806114,17.575674919817814,50.49042968749997,66.21955305023918,10.78352105218913,86.63999089253188
4,ExtraTrees,logratio,expand,0.0,"{""max_depth"": 6, ""min_samples_leaf"": 4}",101.77403012192904,84.67177514673288,128.24558299365307,17.847472665313997,61.03491209409763,79.43882024927365,14.715909968443928,106.09268228818358,160.10323274033655,20.68545135935249,113.0603199864885
4,ExtraTrees,logratio,expand,0.25,"{""max_depth"": 6, ""min_samples_leaf"": 4}",105.74427627283352,76.12693888684092,107.78575548244187,16.192783580671453,64.19645650958618,83.6291414140727,15.196726334827055,86.93893854122803,125.73070784718963,17.09546045971794,98.0291198964028
4,ExtraTrees,logratio,expand,0.5,"{""max_depth"": 6, ""min_samples_leaf"": 4}",113.95626622309773,71.38803606539146,94.93810472080904,15.6206690244225,73.10496031983716,95.13935779789445,17.486321922475412,69.83207345980006,94.7553499055363,13.929921085562057,87.58244415596698
4,ExtraTrees,logratio,decay,0.0,"{""max_depth"": null, ""min_samples_leaf"": 4}",81.77785070315522,69.97710354582742,96.39641547289477,15.661929922447149,52.867083452234816,65.54836312425914,13.144670150181948,85.48305925564571,117.55681532475816,17.943196591062488,90.87067236529329
4,ExtraTrees,logratio,decay,0.25,"{""max_depth"": null, ""min_samples_leaf"": 4}",88.60204230874706,63.26258339510111,84.14556541032077,14.204543118914389,53.62799264768968,69.47104660712583,13.14307587980805,71.99393125994274,95.51643897904154,15.166497804354506,81.4459373276311
4,ExtraTrees,logratio,decay,0.5,"{""max_depth"": null, ""min_samples_leaf"": 4}",99.74833427732369,62.01077903741927,80.87552270657201,14.133921283196763,64.26491349445706,84.66595474808685,15.757041137527104,59.96796968572876,77.28002402949701,12.662968915209897,76.63064496740145
4,ExtraTrees,logratio,window,0.0,"{""max_depth"": null, ""min_samples_leaf"": 4}",101.3218035628933,59.49977129453783,79.55597301089387,13.84150980476067,47.78352198661772,62.04633828066649,12.185238184840404,70.11762222984044,92.60730745619955,15.342505960313407,63.40875748718298
4,ExtraTrees,logratio,window,0.25,"{""max_depth"": null, ""min_samples_leaf"": 4}",103.8761672762521,55.82741014027232,72.6939109402568,12.83650715805397,49.528761977840986,65.18387031612966,12.217012924014977,61.535560037475705,78.88470907416067,13.397923807651813,56.26585954065805
4,ExtraTrees,logratio,window,0.5,"{""max_depth"": null, ""min_samples_leaf"": 4}",110.30894216271979,57.589387414811334,75.01763941216916,13.349262800787082,61.28255235071297,81.37582346201636,15.194727622848669,54.24245669165047,68.74947838936491,11.676810305793769,57.32268453020374
4,ExtraTrees,ratio_ly,expand,0.0,"{""max_depth"": null, ""min_samples_leaf"": 2}",224.0892747435657,64.84136914742982,83.08602050916599,15.551192017709658,50.1268623050695,65.20935887334005,13.450815446815465,78.17639097331886,96.46646778018469,17.454658285082523,94.15408571733404
4,ExtraTrees,ratio_ly,expand,0.25,"{""max_depth"": 6, ""min_samples_leaf"": 2}",165.92115988999228,65.5030483960845,83.9150756037487,16.091630608798553,54.96766220169854,74.26476388107022,14.579453872605312,75.05074213474678,91.78843460193053,17.46204077597369,86.8322923924938
4,ExtraTrees,ratio_ly,expand,0.5,"{""max_depth"": 6, ""min_samples_leaf"": 2}",113.32506709625387,67.46270161315776,83.98721469394503,16.502105972314137,72.13316245176517,90.56647181771245,18.40729799443149,63.230096478169806,77.54407969163194,14.775525702270286,79.62503925193509
4,ExtraTrees,ratio_ly,decay,0.0,"{""max_depth"": null, ""min_samples_leaf"": 2}",233.53696164622903,63.6386413900974,82.48112433056767,15.260291605182164,46.98223186868854,62.22310413801379,12.470367991358621,78.73351251887416,97.26117579621236,17.78865988020975,92.71594632903782
4,ExtraTrees,ratio_ly,decay,0.25,"{""max_depth"": null, ""min_samples_leaf"": 2}",174.09197659287202,61.08988506408052,78.70460396651058,14.769757505058475,54.23576220576051,72.98877578625411,14.117574368822048,67.30143390443301,83.54748191233375,15.36079847227274,83.69306789603174
4,ExtraTrees,ratio_ly,decay,0.5,"{""max_depth"": null, ""min_samples_leaf"": 2}",120.05926274704952,64.3438243255098,81.26500705752161,15.534444288077493,70.73960273820812,89.71588823634902,17.843648754463022,58.547650139001966,72.76348806160578,13.441727740415606,79.02980405874264
4,ExtraTrees,ratio_ly,window,0.0,"{""max_depth"": null, ""min_samples_leaf"": 2}",224.0892747435657,65.92161341629934,87.564017580382,15.887686330136589,49.855979034987335,64.72873115314606,13.52948144129254,80.48109457436334,104.01478819134215,18.024809510651508,94.15408571733404
4,ExtraTrees,ratio_ly,window,0.25,"{""max_depth"": 6, ""min_samples_leaf"": 2}",165.92115988999228,63.24263332277884,83.04424132991998,15.45425172927225,55.6262301365162,75.15951090615448,14.792307467989055,70.14499871032936,89.59239239324799,16.054138716060145,86.8322923924938
4,ExtraTrees,ratio_ly,window,0.5,"{""max_depth"": 6, ""min_samples_leaf"": 2}",113.32506709625386,66.4153881409687,83.55178015387816,16.180444912233856,73.20189322533075,91.40759289203848,18.71976840791045,60.26511790826557,75.7318057499247,13.879182994276935,79.6250392519351
4,ExtraTrees,ratio_blend,expand,0.0,"{""max_depth"": 6, ""min_samples_leaf"": 2}",120.26825295810474,57.90282624313715,71.86761722944534,14.141382753284063,47.99817845423522,59.7955558302252,12.389884350965565,66.87891330182951,81.27354896547685,15.728678180385192,71.35002670570567
4,ExtraTrees,ratio_blend,expand,0.25,"{""max_depth"": 6, ""min_samples_leaf"": 2}",89.8029154401803,54.931294414944155,69.29487295557819,13.495940202204132,49.33799909522365,66.03603141837058,12.924790006435535,60.00021829844087,72.12111743764795,14.013545067119423,63.89975168868722
4,ExtraTrees,ratio_blend,expand,0.5,"{""max_depth"": 6, ""min_samples_leaf"": 2}",75.9184315355746,58.46669842853317,74.60727230569786,14.18920242676415,63.0062132838767,83.11581340163417,15.981739727670647,54.35276309087807,65.95501195171951,12.56471549781765,64.50596452979052
4,ExtraTrees,ratio_blend,decay,0.0,"{""max_depth"": 6, ""min_samples_leaf"": 2}",117.44670992608621,56.76787332659904,70.15990518597545,14.155679619682566,47.757309129869576,59.40811253164082,12.633832368585555,64.93369712988513,78.6441270128089,15.53485369098923,65.51597416489467
4,ExtraTrees,ratio_blend,decay,0.25,"{""max_depth"": 6, ""min_samples_leaf"": 2}",88.34844196670842,54.575490431445516,68.69816512974587,13.594812786398535,49.879886312129045,66.6238129578185,13.233160189495486,58.83088166457608,70.5253656242097,13.922560452341926,61.96282179879945
4,ExtraTrees,ratio_blend,decay,0.5,"{""max_depth"": null, ""min_samples_leaf"": 2}",75.41210272922119,57.974083715973094,73.77276893966449,14.154317425875886,64.09063891148514,83.2779031775956,16.27447376203185,52.4309555700403,63.9498441374371,12.232925746234551,64.91106545012033
4,ExtraTrees,ratio_blend,window,0.0,"{""max_depth"": 6, ""min_samples_leaf"": 2}",120.26825295810474,57.27986958855352,70.04548886419651,14.052068104453031,47.30004472022372,58.18488729492351,12.307650852540544,66.3240858754774,79.27595177359811,15.632946238998718,71.35002670570567
4,ExtraTrees,ratio_blend,window,0.25,"{""max_depth"": 6, ""min_samples_leaf"": 2}",89.8029154401803,54.64405701285739,68.0469010705924,13.460240607081872,49.164117819753216,65.05534730007498,12.927048890850445,59.610251906608056,70.64866358128761,13.943445599916599,63.89975168868722
4,ExtraTrees,ratio_blend,window,0.5,"{""max_depth"": 6, ""min_samples_leaf"": 2}",75.9184315355746,58.27661859428891,73.93920114128773,14.153237216782328,63.1742078908698,82.65494431855672,16.056440161823687,53.83817829426246,65.039405988147,12.428459547838594,64.50596452979052
4,Ridge,level,expand,0.0,"{""alpha"": 200.0}",267.13497971019603,70.35367137943838,95.08807876595043,15.4321178638344,54.90235893654848,76.890732483135,13.328282675833265,84.35642328080739,108.98580019539493,17.33871850296043,74.34054402417777
4,Ridge,level,expand,0.25,"{""alpha"": 200.0}",206.27484860532005,67.20839895795969,87.79237236502526,14.937539389793114,62.17226013683163,83.7281317214023,15.018115009678995,71.77239976460697,91.3194835058995,14.86451773427154,69.82430271068638
4,Ridge,level,expand,0.5,"{""alpha"": 200.0}",150.60469063369322,68.86259494537744,86.61492880780904,15.67176228543666,76.80998383413409,96.295156211512,18.570997639149876,61.660273764941714,76.79537405727682,13.04433024613405,70.89130136785599
4,Ridge,level,decay,0.0,"{""alpha"": 200.0}",254.85833130802635,77.77513020468145,105.5170194271105,17.306584707133275,56.451326199684225,78.20678372046618,13.366908313910006,97.09982758421017,125.22374913761374,20.87691643849186,88.11997078875186
4,Ridge,level,decay,0.25,"{""alpha"": 200.0}",197.21835940105822,71.87313679430886,94.79789420676762,15.999260712630406,61.760354658048044,84.0871810176012,14.299110635977867,81.03784560529522,103.55193732723718,17.540021719596776,81.5323801335861
4,Ridge,level,decay,0.5,"{""alpha"": 200.0}",144.28390933394618,72.26017142769113,90.34166643232065,16.397791224023795,76.16653423777392,96.18231436870246,17.903933823541045,68.7200301310536,84.70141084967476,15.032849493211287,78.58430180554697
4,Ridge,level,window,0.0,"{""alpha"": 200.0}",267.21520953962823,70.54877788673234,97.31572234148014,15.651618023385321,49.37244292572387,72.07470859236658,11.739626648498914,89.73983144514625,115.5209929195671,19.19686020687613,78.82602836007298
4,Ridge,level,window,0.25,"{""alpha"": 200.0}",206.28746673214417,67.2466649365284,89.06791184285909,14.963501847235056,57.61068929861568,79.65608078703919,13.392618816246472,75.9792678583868,96.81022401112561,16.387114594068464,74.71254171849704
4,Ridge,level,window,0.5,"{""alpha"": 200.0}",150.53285902106683,69.42878349845465,87.11275478415135,15.79818117445829,73.97088877347784,93.51143900303587,17.497359679294366,65.31250059296488,80.8778529834822,14.258300654450606,74.26745350228725
4,Ridge,logratio,expand,0.0,"{""alpha"": 200.0}",667.0404030190786,69.9431965480861,96.66888886512274,16.086312954557638,64.57920317733682,90.05904416153132,15.414041351888505,74.80431554032762,102.29079365284018,16.695559094476543,73.31919401191227
4,Ridge,logratio,expand,0.25,"{""alpha"": 200.0}",503.552639618819,62.00583133887581,86.8222162776575,14.285070839059468,62.68864234658362,89.07444303775776,14.759718617014627,61.3870338631406,84.72943997091357,13.854921290287608,66.10295536365665
4,Ridge,logratio,expand,0.5,"{""alpha"": 200.0}",345.3678440502245,63.3194250999894,84.40799137948775,14.655958820030671,73.13628394019278,96.98114375636139,17.219087265743077,54.422896776055076,71.11881002225945,12.333123666103802,65.88002915134068
4,Ridge,logratio,decay,0.0,"{""alpha"": 200.0}",338.2866999684638,73.16915739848646,99.65379375129679,17.221522468560877,62.88191686771484,85.88339596178974,15.567698955138502,82.49196912949822,110.66289206903167,18.72030002759991,71.84240874851578
4,Ridge,logratio,decay,0.25,"{""alpha"": 200.0}",255.7479850116484,62.07851499986046,84.98999302518877,14.511371327236969,56.61738629993875,78.28074398631524,13.694433201874471,67.02766288416453,90.64230219095411,15.251721503346733,61.57508878520287
4,Ridge,logratio,decay,0.5,"{""alpha"": 200.0}",179.60425346338465,59.504457423476225,80.07481277837495,13.896358727736462,62.23868718877832,85.8147447298964,14.93912708909923,57.026561698671216,74.49194003219799,12.951349900251449,61.56415444586813
4,Ridge,logratio,window,0.0,"{""alpha"": 200.0}",669.0857632577244,70.19462982460622,96.37358636377891,16.34915396164913,61.52016065036035,88.55457400025726,15.121067392444242,78.05586751376653,102.94787703477935,17.46210741499106,67.2235119919686
4,Ridge,logratio,window,0.25,"{""alpha"": 200.0}",504.4453817911154,60.929342018058676,84.77148112609885,14.105149021410751,58.28961278228546,83.82609391713724,13.94173988668011,63.32159663797817,85.61922209161183,14.2532385497604,59.811842356389086
4,Ridge,logratio,window,0.5,"{""alpha"": 200.0}",345.04145323039984,60.614087704437026,81.75586218869951,14.057127263815794,66.33076683707556,91.267620210986,15.814621331063789,55.433347240483364,72.05937323332503,12.4643982653723,61.012847308774106
4,Ridge,ratio_ly,expand,0.0,"{""alpha"": 10.0}",151.0811044597109,123.963487479901,181.43155662837623,23.852459796062835,73.6318804949471,108.44616156887923,17.349244966153087,169.57650631001553,228.2340811374268,29.74599823566855,181.18417405243554
4,Ridge,ratio_ly,expand,0.25,"{""alpha"": 10.0}",118.39476955262921,103.83646316318573,146.22391845613228,20.631279282253395,71.16289508297773,98.92128965119447,16.979887109335063,133.44688423587422,178.57861269683104,23.94035343896063,146.6487131073293
4,Ridge,ratio_ly,expand,0.5,"{""alpha"": 10.0}",92.46809546792451,88.35764483545478,117.45732825739569,18.51852707264414,78.2309436479526,100.2426714234827,18.893293101540078,97.53496778662861,131.12022865412598,18.1788953589572,116.28708040940866
4,Ridge,ratio_ly,decay,0.0,"{""alpha"": 10.0}",163.4592022183999,83.05344180286592,115.54298931508619,18.516321002531257,62.183377894826975,80.69016139588194,15.736917895961755,101.96693721952622,139.81516402637655,21.03515506785986,157.00066712245632
4,Ridge,ratio_ly,decay,0.25,"{""alpha"": 10.0}",123.9087057017567,77.02483585041593,102.44791112263238,17.64522268966906,66.74339633126695,85.25525481665953,17.13447906629146,86.34239041464465,115.84536411137219,18.108084098355008,130.07800153804735
4,Ridge,ratio_ly,decay,0.5,"{""alpha"": 10.0}",92.32268020856284,74.6819858264757,95.21217286336837,17.447125343852232,78.59311635294802,96.52707556628181,19.875706330471587,71.1375237868602,94.00465685592695,15.24622382472844,106.94187767341889
4,Ridge,ratio_ly,window,0.0,"{""alpha"": 10.0}",151.0811044597109,87.23754525530401,129.1576482418186,18.44845129887885,68.56748270351576,103.75819718101639,15.720742393997206,104.15728944286211,148.46889858184662,20.920437493927835,181.18417405243554
4,Ridge,ratio_ly,window,0.25,"{""alpha"": 10.0}",118.39476955262921,78.6294967828943,110.18520499982515,17.03745306391204,68.361830878124,96.5909215968619,15.986241448827954,87.93456900909237,121.19498307725299,17.99011359008199,146.6487131073293
4,Ridge,ratio_ly,window,0.5,"{""alpha"": 10.0}",92.46809546792451,74.90508725390634,97.94491587061543,16.793975013195052,76.76255295128357,99.69207188839802,18.40717404190842,73.22175896565824,96.33418923764391,15.332013393423566,116.28708040940866
4,Ridge,ratio_blend,expand,0.0,"{""alpha"": 10.0}",88.28429140129629,88.87248080018401,127.53575298624533,17.539963948513044,59.48166046107636,88.40736434825006,13.427500614051576,115.50791173250032,154.66975561021545,21.26688384536875,144.5743819619218
4,Ridge,ratio_blend,expand,0.25,"{""alpha"": 10.0}",76.59682970559703,79.64345053255337,110.44192748566329,16.377460559398035,64.99346899674994,91.67818534144689,15.0384265228763,92.91999629937523,125.03759182168716,17.590960154995862,121.82811792219377
4,Ridge,ratio_blend,expand,0.5,"{""alpha"": 10.0}",71.96795185924938,76.14630950777992,99.38255066940243,16.53068144349616,79.64750642979669,100.89716520523666,18.891628249528807,72.97334979720219,97.98971144714076,14.39107340052907,101.53562928327607
4,Ridge,ratio_blend,decay,0.0,"{""alpha"": 10.0}",93.53227572401451,67.76242469576553,93.62784883354618,15.177064432733845,54.042962098332595,77.55417142874154,13.19349313061421,80.1956876746891,106.11193721653676,16.974675925279758,123.10051856303191
4,Ridge,ratio_blend,decay,0.25,"{""alpha"": 10.0}",76.38708029403666,66.6171536652109,88.20113300814279,15.25451772810293,63.2582015334305,84.81584881773793,15.54223133132221,69.66120403463688,91.1605235267708,14.993777275185463,107.07970391511883
4,Ridge,ratio_blend,decay,0.5,"{""alpha"": 10.0}",69.75252560416232,68.75805573775908,87.95367629271706,16.03296413427912,78.41008966289841,97.29317697824042,19.19863625629378,60.01089999310153,78.53619652519122,13.164073773703338,92.3439188763972
4,Ridge,ratio_blend,window,0.0,"{""alpha"": 10.0}",88.28429140129629,69.13914427962452,100.98605667206677,14.601314083388269,56.61092020429994,85.7575732239726,12.622921532506156,80.4928473478874,113.0283043340142,16.394232332625183,144.5743819619218
4,Ridge,ratio_blend,window,0.25,"{""alpha"": 10.0}",76.59682970559703,66.803185693776,92.8794615522142,14.550106909579958,62.79020658520819,89.78421345813784,14.442212355096249,70.43994801091557,95.59800476300913,14.64788634958082,121.82811792219377
4,Ridge,ratio_blend,window,0.5,"{""alpha"": 10.0}",71.96795185924938,68.98765907232652,90.27393723178359,15.503646245798583,77.46723429917542,99.76343046285446,18.20269601258719,61.30304402299474,80.71610911653978,13.057632394646419,101.53562928327607
