year,week,ktm_rain,ktm_rain_lag1,ktm_rain_lag2,ktm_rain_lag3,ktm_rain_roll3,ktm_max_daily,ktm_humidity,ktm_temp,ktm_rain_anom,ktm_rain_anom_lag1,ktm_rain_anom_lag2,ktm_rain_anom_lag3,ktm_rain_anom_roll3,nat_rain,nat_rain_lag1,nat_rain_lag2,nat_rain_lag3,nat_rain_roll3,nat_max_daily,nat_humidity,nat_temp,nat_rain_anom,nat_rain_anom_lag1,nat_rain_anom_lag2,nat_rain_anom_lag3,nat_rain_anom_roll3,terai_rain,terai_rain_lag1,terai_rain_lag2,terai_rain_lag3,terai_rain_roll3,terai_max_daily,terai_humidity,terai_temp,terai_rain_anom,terai_rain_anom_lag1,terai_rain_anom_lag2,terai_rain_anom_lag3,terai_rain_anom_roll3,casew_rain,casew_rain_lag1,casew_rain_lag2,casew_rain_lag3,casew_rain_roll3,casew_max_daily,casew_humidity,casew_temp,casew_rain_anom,casew_rain_anom_lag1,casew_rain_anom_lag2,casew_rain_anom_lag3,casew_rain_anom_roll3
2020,52,0.0,,,,,0.0,49.34,15.90857142857143,-3.28111111111111,,,,,2.3284615384615384,,,,,1.7617948717948717,53.798864468864465,13.141904761904762,-1.1592022792022694,,,,,0.9593333333333334,,,,,0.6426666666666667,54.96609523809524,19.666476190476192,-2.5523703703703755,,,,,0.572825332795482,,,,,0.38233319887051226,50.895961850976775,17.694348412378265,-3.125530545470844,,,,
2021,1,0.0,0.0,,,,0.0,50.74142857142857,11.27,-0.44333333333333336,-3.28111111111111,,,,0.013846153846153847,2.3284615384615384,,,,0.008461538461538461,45.44794871794872,10.46809523809524,-1.8254131054131055,-1.1592022792022694,,,,0.007333333333333333,0.9593333333333334,,,,0.004,48.196285714285715,14.794857142857143,-2.0966666666666662,-2.5523703703703755,,,,0.0005114965711980637,0.572825332795482,,,,0.00026220250100847115,48.26470350947964,12.87103059989627,-1.2875524180897315,-3.125530545470844,,,
2021,2,0.0,0.0,0.0,,0.0,0.0,51.19285714285714,11.415714285714284,-0.48444444444444446,-0.44333333333333336,-3.28111111111111,,-4.208888888888888,0.2735897435897436,0.013846153846153847,2.3284615384615384,,2.615897435897436,0.18512820512820513,48.22256410256411,10.239450549450549,-2.134814814814815,-1.8254131054131055,-1.1592022792022694,,-5.11943019943019,0.24799999999999997,0.007333333333333333,0.9593333333333334,,1.2146666666666666,0.17933333333333332,47.017809523809525,15.814095238095238,-2.0038518518518518,-2.0966666666666662,-2.5523703703703755,,-6.652888888888894,0.014030657523194837,0.0005114965711980637,0.572825332795482,,0.5873674868898748,0.009776522791448167,47.370355212355214,13.510329971762806,-1.4179054278158756,-1.2875524180897315,-3.125530545470844,,-5.830988391376451
2021,3,0.0,0.0,0.0,0.0,0.0,0.0,37.67285714285715,10.667142857142858,-4.527777777777778,-0.48444444444444446,-0.44333333333333336,-3.28111111111111,-5.455555555555556,0.0,0.2735897435897436,0.013846153846153847,2.3284615384615384,0.2874358974358974,0.0,39.30542124542124,8.792527472527473,-6.055527065527065,-2.134814814814815,-1.8254131054131055,-1.1592022792022694,-10.015754985754986,0.0,0.24799999999999997,0.007333333333333333,0.9593333333333334,0.2553333333333333,0.0,40.68038095238095,14.676666666666668,-5.715111111111111,-2.0038518518518518,-2.0966666666666662,-2.5523703703703755,-9.815629629629628,0.0,0.014030657523194837,0.0005114965711980637,0.572825332795482,0.0145421540943929,0.0,38.16484596323403,12.551179968881462,-5.251813813813813,-1.4179054278158756,-1.2875524180897315,-3.125530545470844,-7.95727165971942
2021,4,0.5900000000000001,0.0,0.0,0.0,0.5900000000000001,0.54,42.92857142857143,11.81,-3.721111111111111,-4.527777777777778,-0.48444444444444446,-0.44333333333333336,-8.733333333333333,1.1405128205128203,0.0,0.2735897435897436,0.013846153846153847,1.414102564102564,0.7556410256410256,45.33043956043956,10.188095238095238,-5.083903133903132,-6.055527065527065,-2.134814814814815,-1.8254131054131055,-13.274245014245013,0.9319999999999999,0.0,0.24799999999999997,0.007333333333333333,1.18,0.6673333333333333,40.89933333333333,16.83609523809524,-5.431851851851851,-5.715111111111111,-2.0038518518518518,-2.0966666666666662,-13.150814814814813,0.6637087535296491,0.0,0.014030657523194837,0.0005114965711980637,0.677739411052844,0.5190254134731749,40.664970552642195,14.269818244683915,-5.193673344986778,-5.251813813813813,-1.4179054278158756,-1.2875524180897315,-11.863392586616467
2021,5,0.08,0.5900000000000001,0.0,0.0,0.67,0.06,43.021428571428565,13.78,-4.54,-3.721111111111111,-4.527777777777778,-0.48444444444444446,-12.788888888888888,0.05871794871794872,1.1405128205128203,0.0,0.2735897435897436,1.199230769230769,0.05564102564102564,42.44208791208791,12.71113553113553,-5.28019943019943,-5.083903133903132,-6.055527065527065,-2.134814814814815,-16.41962962962963,0.012,0.9319999999999999,0.0,0.24799999999999997,0.944,0.012,39.328761904761905,18.65952380952381,-5.608814814814815,-5.431851851851851,-5.715111111111111,-2.0038518518518518,-16.755777777777777,0.048752722872125856,0.6637087535296491,0.0,0.014030657523194837,0.7124614764017749,0.039435256151674064,40.11179507866074,16.14174736356826,-5.531706960692035,-5.193673344986778,-5.251813813813813,-1.4179054278158756,-15.977194119492626
2021,6,2.01,0.08,0.5900000000000001,0.0,2.6799999999999997,1.05,45.06142857142857,14.335714285714284,1.3366666666666664,-4.54,-3.721111111111111,-4.527777777777778,-6.924444444444443,2.036923076923077,0.05871794871794872,1.1405128205128203,0.0,3.2361538461538464,1.1046153846153846,44.52296703296703,13.004542124542123,-0.1370655270655261,-5.28019943019943,-5.083903133903132,-6.055527065527065,-10.501168091168088,1.2106666666666668,0.012,0.9319999999999999,0.0,2.1546666666666665,0.648,36.63628571428571,20.215238095238092,-0.8874814814814818,-5.608814814814815,-5.431851851851851,-5.715111111111111,-11.928148148148148,1.7227761194029851,0.048752722872125856,0.6637087535296491,0.0,2.43523759580476,0.828601048810004,40.0905147236789,17.168517489771226,-0.058401774909237814,-5.531706960692035,-5.193673344986778,-5.251813813813813,-10.783782080588052
2021,7,0.11,2.01,0.08,0.5900000000000001,2.1999999999999997,0.07,37.37,16.95,-0.9077777777777777,1.3366666666666664,-4.54,-3.721111111111111,-4.111111111111111,1.1017948717948718,2.036923076923077,0.05871794871794872,1.1405128205128203,3.197435897435897,0.6735897435897436,39.412344322344325,15.709487179487178,-0.606524216524216,-0.1370655270655261,-5.28019943019943,-5.083903133903132,-6.023789173789171,0.604,1.2106666666666668,0.012,0.9319999999999999,1.8266666666666667,0.33866666666666667,31.85457142857143,22.842666666666666,-0.30414814814814817,-0.8874814814814818,-5.608814814814815,-5.431851851851851,-6.800444444444445,0.1239322307382009,1.7227761194029851,0.048752722872125856,0.6637087535296491,1.895461073013312,0.08826220250100847,34.00887224111105,19.832701319656543,-0.9184916857155663,-0.058401774909237814,-5.531706960692035,-5.193673344986778,-6.508600421316839
2021,8,1.68,0.11,2.01,0.08,3.8,1.42,29.585714285714285,16.654285714285713,0.6566666666666667,-0.9077777777777777,1.3366666666666664,-4.54,1.0855555555555565,0.9261538461538461,1.1017948717948718,2.036923076923077,0.05871794871794872,4.064871794871795,0.5915384615384616,31.11608058608058,15.453772893772895,-1.3696581196581186,-0.606524216524216,-0.1370655270655261,-5.28019943019943,-2.1132478632478597,0.4613333333333333,0.604,1.2106666666666668,0.012,2.2760000000000002,0.29133333333333333,22.86714285714286,23.209904761904763,-0.8191111111111109,-0.30414814814814817,-0.8874814814814818,-5.608814814814815,-2.010740740740741,1.1029084308188786,0.1239322307382009,1.7227761194029851,0.048752722872125856,2.9496167809600644,0.9213957240822912,25.73115772488907,19.774493286463436,-0.09027511093182738,-0.9184916857155663,-0.058401774909237814,-5.531706960692035,-1.0671685715566315
2021,9,2.79,1.68,0.11,2.01,4.58,1.22,35.83571428571428,18.307142857142857,0.3055555555555558,0.6566666666666667,-0.9077777777777777,1.3366666666666664,0.05444444444444574,8.924102564102563,0.9261538461538461,1.1017948717948718,2.036923076923077,10.952051282051281,4.414871794871795,39.89575091575092,16.905128205128204,6.115156695156696,-1.3696581196581186,-0.606524216524216,-0.1370655270655261,4.138974358974362,5.334666666666666,0.4613333333333333,0.604,1.2106666666666668,6.3999999999999995,2.5373333333333337,30.143714285714285,25.057238095238095,3.247333333333333,-0.8191111111111109,-0.30414814814814817,-0.8874814814814818,2.1240740740740742,4.159037515127068,1.1029084308188786,0.1239322307382009,1.7227761194029851,5.385878176684147,2.0748672851956433,32.79264726560249,21.529952400161353,1.843999731074358,-0.09027511093182738,-0.9184916857155663,-0.058401774909237814,0.8352329344269644
2021,10,0.24,2.79,1.68,0.11,4.71,0.09,33.46142857142857,19.577142857142857,-5.041111111111111,0.3055555555555558,0.6566666666666667,-0.9077777777777777,-4.078888888888888,0.8264102564102563,8.924102564102563,0.9261538461538461,1.1017948717948718,10.676666666666666,0.28487179487179487,35.382124542124544,18.101794871794873,-5.4600854700854695,6.115156695156696,-1.3696581196581186,-0.606524216524216,-0.7145868945868914,0.39066666666666666,5.334666666666666,0.4613333333333333,0.604,6.186666666666666,0.14400000000000002,25.81438095238095,26.14952380952381,-4.594814814814815,3.247333333333333,-0.8191111111111109,-0.30414814814814817,-2.1665925925925937,0.4681645824929407,4.159037515127068,1.1029084308188786,0.1239322307382009,5.730110528438887,0.16213634530052437,29.429052613380968,22.688094277646513,-4.66574012818789,1.843999731074358,-0.09027511093182738,-0.9184916857155663,-2.9120155080453594
2021,11,0.0,0.24,2.79,1.68,3.0300000000000002,0.0,28.965714285714284,20.45285714285714,-8.192222222222222,-5.041111111111111,0.3055555555555558,0.6566666666666667,-12.927777777777777,0.5625641025641026,0.8264102564102563,8.924102564102563,0.9261538461538461,10.313076923076922,0.3892307692307692,31.350109890109888,19.19186813186813,-8.238091168091167,-5.4600854700854695,6.115156695156696,-1.3696581196581186,-7.58301994301994,0.11866666666666666,0.39066666666666666,5.334666666666666,0.4613333333333333,5.843999999999999,0.08933333333333333,20.397333333333332,27.462,-7.523555555555556,-4.594814814814815,3.247333333333333,-0.8191111111111109,-8.87103703703704,0.06098830173457039,0.4681645824929407,4.159037515127068,1.1029084308188786,4.688190399354579,0.04010891488503429,24.808711461995046,23.73309479628882,-7.525405226121645,-4.66574012818789,1.843999731074358,-0.09027511093182738,-10.347145623235177
2021,12,8.83,0.0,0.24,2.79,9.07,4.36,25.98,20.562857142857144,0.8966666666666674,-8.192222222222222,-5.041111111111111,0.3055555555555558,-12.336666666666666,4.156666666666666,0.5625641025641026,0.8264102564102563,8.924102564102563,5.545641025641025,2.3417948717948716,24.562014652014653,19.14007326007326,-5.095356125356124,-8.238091168091167,-5.4600854700854695,6.115156695156696,-18.79353276353276,2.4806666666666666,0.11866666666666666,0.39066666666666666,5.334666666666666,2.9899999999999998,1.3653333333333333,15.020666666666667,27.693238095238094,-5.147185185185185,-7.523555555555556,-4.594814814814815,3.247333333333333,-17.265555555555558,5.477013311819282,0.06098830173457039,0.4681645824929407,4.159037515127068,6.006166196046793,2.842200080677692,20.216816227741603,23.919023915173167,-1.7258359553583444,-7.525405226121645,-4.66574012818789,1.843999731074358,-13.916981309667879
2021,13,0.37,8.83,0.0,0.24,9.2,0.2,20.181428571428572,22.337142857142855,-6.267777777777778,0.8966666666666674,-8.192222222222222,-5.041111111111111,-13.563333333333333,0.6212820512820513,4.156666666666666,0.5625641025641026,0.8264102564102563,5.34051282051282,0.41128205128205125,22.886630036630038,20.907948717948717,-6.766866096866097,-5.095356125356124,-8.238091168091167,-5.4600854700854695,-20.100313390313385,0.6513333333333333,2.4806666666666666,0.11866666666666666,0.39066666666666666,3.2506666666666666,0.44666666666666666,14.75,29.463809523809523,-5.306518518518518,-5.147185185185185,-7.523555555555556,-4.594814814814815,-17.97725925925926,0.2516353368293667,5.477013311819282,0.06098830173457039,0.4681645824929407,5.789636950383219,0.1606333198870512,16.498806546418486,25.789653662190975,-5.451549639191431,-1.7258359553583444,-7.525405226121645,-4.66574012818789,-14.70279082067142
2021,14,14.94,0.37,8.83,0.0,24.14,11.07,28.564285714285713,23.177142857142854,7.642222222222222,-6.267777777777778,0.8966666666666674,-8.192222222222222,2.2711111111111126,11.543333333333333,0.6212820512820513,4.156666666666666,0.5625641025641026,16.32128205128205,6.903333333333334,32.534835164835165,21.74959706959707,3.6047008547008543,-6.766866096866097,-5.095356125356124,-8.238091168091167,-8.257521367521365,8.744,0.6513333333333333,2.4806666666666666,0.11866666666666666,11.876,4.890000000000001,21.744761904761905,30.63714285714286,2.071851851851851,-5.306518518518518,-5.147185185185185,-7.523555555555556,-8.381851851851852,11.585051230334813,0.2516353368293667,5.477013311819282,0.06098830173457039,17.31369987898346,7.399386849536103,24.60846988993258,26.83617345703913,4.934538747702926,-5.451549639191431,-1.7258359553583444,-7.525405226121645,-2.2428468468468497
2021,15,14.66,14.94,0.37,8.83,29.97,8.83,35.137142857142855,22.544285714285714,3.73111111111111,7.642222222222222,-6.267777777777778,0.8966666666666674,5.105555555555555,19.246410256410257,11.543333333333333,0.6212820512820513,4.156666666666666,31.411025641025642,11.455897435897436,41.20758241758242,20.396483516483517,8.734558404558406,3.6047008547008543,-6.766866096866097,-5.095356125356124,5.5723931623931655,18.052000000000003,8.744,0.6513333333333333,2.4806666666666666,27.447333333333336,11.271999999999998,31.603238095238098,29.05666666666667,8.848888888888892,2.071851851851851,-5.306518518518518,-5.147185185185185,5.614222222222225,17.14595966115369,11.585051230334813,0.2516353368293667,5.477013311819282,28.98264622831787,9.702676885841065,33.25515057915058,25.650298161701144,7.191674062121821,4.934538747702926,-5.451549639191431,-1.7258359553583444,6.674663170633316
2021,16,12.4,14.66,14.94,0.37,42.0,6.88,37.25,23.428571428571427,-7.139999999999999,3.73111111111111,7.642222222222222,-6.267777777777778,4.233333333333334,7.851794871794873,19.246410256410257,11.543333333333333,0.6212820512820513,38.64153846153846,3.503846153846154,39.70362637362637,22.725824175824176,-11.461709401709403,8.734558404558406,3.6047008547008543,-6.766866096866097,0.8775498575498588,6.310666666666666,18.052000000000003,8.744,0.6513333333333333,33.10666666666667,3.21,28.441904761904762,31.34,-13.38214814814815,8.848888888888892,2.071851851851851,-5.306518518518518,-2.461407407407407,9.031762807583702,17.14595966115369,11.585051230334813,0.2516353368293667,37.762773699072206,5.329961274707543,32.24304224053478,27.26056647265602,-10.046000268925644,7.191674062121821,4.934538747702926,-5.451549639191431,2.080212540899103
2021,17,28.49,12.4,14.66,14.94,55.55,9.07,58.98142857142857,20.868571428571425,6.588888888888889,-7.139999999999999,3.73111111111111,7.642222222222222,3.1800000000000006,44.32666666666667,7.851794871794873,19.246410256410257,11.543333333333333,71.42487179487179,14.966666666666669,59.967838827838825,20.562893772893773,22.19794871794872,-11.461709401709403,8.734558404558406,3.6047008547008543,19.470797720797727,52.28866666666667,6.310666666666666,18.052000000000003,8.744,76.65133333333334,17.180666666666664,48.40371428571429,28.72152380952381,28.875259259259263,-13.38214814814815,8.848888888888892,2.071851851851851,24.342000000000006,35.58544574425171,9.031762807583702,17.14595966115369,11.585051230334813,61.7631682129891,12.22219846712384,52.28413911139285,24.82966876044488,13.816336605261974,-10.046000268925644,7.191674062121821,4.934538747702926,10.962010398458151
2021,18,28.35,28.49,12.4,14.66,69.24000000000001,17.84,54.10142857142857,21.60571428571429,1.9299999999999997,6.588888888888889,-7.139999999999999,3.73111111111111,1.3788888888888904,31.857692307692307,44.32666666666667,7.851794871794873,19.246410256410257,84.03615384615384,15.57102564102564,59.117838827838824,20.63142857142857,3.0262108262108285,22.19794871794872,-11.461709401709403,8.734558404558406,13.762450142450149,38.25666666666667,52.28866666666667,6.310666666666666,18.052000000000003,96.856,18.707333333333334,47.992666666666665,28.75142857142857,5.8871111111111105,28.875259259259263,-13.38214814814815,8.848888888888892,21.380222222222223,32.06795885437676,35.58544574425171,9.031762807583702,17.14595966115369,76.68516740621217,18.33537958854377,50.06289563764191,25.183838298853225,3.7533671283223455,13.816336605261974,-10.046000268925644,7.191674062121821,7.523703464658675
2021,19,22.82,28.35,28.49,12.4,79.66,15.84,55.83571428571429,23.88714285714286,-13.804444444444442,1.9299999999999997,6.588888888888889,-7.139999999999999,-5.285555555555554,42.30871794871795,31.857692307692307,44.32666666666667,7.851794871794873,118.49307692307691,26.07871794871795,59.487985347985344,22.215934065934068,5.075868945868947,3.0262108262108285,22.19794871794872,-11.461709401709403,30.3000284900285,56.29333333333333,38.25666666666667,52.28866666666667,6.310666666666666,146.83866666666665,34.205333333333336,53.72019047619048,29.159333333333333,13.324074074074076,5.8871111111111105,28.875259259259263,-13.38214814814815,48.08644444444445,42.86150786607504,32.06795885437676,35.58544574425171,9.031762807583702,110.51491246470351,27.21281484469544,54.805025643980876,26.29241318504005,3.597461879790238,3.7533671283223455,13.816336605261974,-10.046000268925644,21.167165613374557
2021,20,115.02,22.82,28.35,28.49,166.19,47.1,71.37571428571428,23.610000000000003,81.15666666666667,-13.804444444444442,1.9299999999999997,6.588888888888889,69.28222222222223,106.52128205128204,42.30871794871795,31.857692307692307,44.32666666666667,180.6876923076923,45.417692307692306,68.37234432234433,22.497912087912088,71.2248148148148,5.075868945868947,3.0262108262108285,22.19794871794872,79.32689458689458,131.75066666666666,56.29333333333333,38.25666666666667,52.28866666666667,226.30066666666667,55.87133333333333,64.98628571428571,28.979809523809525,91.49014814814814,13.324074074074076,5.8871111111111105,28.875259259259263,110.70133333333332,127.56849697458654,42.86150786607504,32.06795885437676,35.58544574425171,202.49796369503835,52.22484953610328,67.657879790238,26.182324439578174,90.94105445744253,3.597461879790238,3.7533671283223455,13.816336605261974,98.29188346555512
2021,21,9.76,115.02,22.82,28.35,147.6,4.4,70.91714285714286,23.73428571428571,-27.74000000000001,81.15666666666667,-13.804444444444442,1.9299999999999997,39.61222222222223,20.7125641025641,106.52128205128204,42.30871794871795,31.857692307692307,169.54256410256409,7.925384615384615,69.3265934065934,22.96655677655678,-17.50766381766382,71.2248148148148,5.075868945868947,3.0262108262108285,58.793019943019935,21.277333333333335,131.75066666666666,56.29333333333333,38.25666666666667,209.32133333333334,9.582666666666666,64.63933333333333,29.972380952380952,-21.134962962962963,91.49014814814814,13.324074074074076,5.8871111111111105,83.67925925925925,16.144140379185156,127.56849697458654,42.86150786607504,32.06795885437676,186.57414521984674,6.769693424768052,67.56697643058835,26.758262202501008,-22.5199336650083,90.94105445744253,3.597461879790238,3.7533671283223455,72.01858267222448
2021,22,63.290000000000006,9.76,115.02,22.82,188.07,13.46,79.93285714285715,23.261428571428574,20.53333333333334,-27.74000000000001,81.15666666666667,-13.804444444444442,73.95,67.34256410256411,20.7125641025641,106.52128205128204,42.30871794871795,194.57641025641027,24.616923076923076,77.95333333333333,22.902454212454213,20.625982905982923,-17.50766381766382,71.2248148148148,5.075868945868947,74.34313390313392,74.88000000000001,21.277333333333335,131.75066666666666,56.29333333333333,227.90800000000002,27.196666666666665,74.35609523809525,29.12057142857143,25.95644444444445,-21.134962962962963,91.49014814814814,13.324074074074076,96.31162962962962,69.73199515933844,16.144140379185156,127.56849697458654,42.86150786607504,213.44463251311015,18.025438483259382,77.04436627672449,26.127979023799917,25.870608220160456,-22.5199336650083,90.94105445744253,3.597461879790238,94.29172901259469
2021,23,56.46,63.290000000000006,9.76,115.02,129.51,21.37,87.29714285714286,22.537142857142857,3.831111111111106,20.53333333333334,-27.74000000000001,81.15666666666667,-3.3755555555555574,128.35282051282053,67.34256410256411,20.7125641025641,106.52128205128204,216.40794871794876,44.787948717948716,86.40985347985348,21.738498168498168,71.50900284900288,20.625982905982923,-17.50766381766382,71.2248148148148,74.627321937322,144.19666666666666,74.88000000000001,21.277333333333335,131.75066666666666,240.35399999999998,50.58133333333333,85.20085714285715,27.395047619047617,84.67629629629627,25.95644444444445,-21.134962962962963,91.49014814814814,89.49777777777776,107.49911738604276,69.73199515933844,16.144140379185156,127.56849697458654,193.37525292456635,39.10390318676886,86.2566116521639,24.86705411168098,52.468360898211635,25.870608220160456,-22.5199336650083,90.94105445744253,55.819035453363796
2021,24,57.71,56.46,63.290000000000006,9.76,177.46,21.15,89.83714285714287,22.75,-8.096666666666671,3.831111111111106,20.53333333333334,-27.74000000000001,16.26777777777778,64.15102564102564,128.35282051282053,67.34256410256411,20.7125641025641,259.8464102564103,19.33205128205128,84.33344322344323,22.408278388278386,-11.779544159544145,71.50900284900288,20.625982905982923,-17.50766381766382,80.35544159544168,68.78933333333333,144.19666666666666,74.88000000000001,21.277333333333335,287.866,22.255333333333333,83.47742857142858,28.093428571428568,-15.70148148148148,84.67629629629627,25.95644444444445,-21.134962962962963,94.93125925925924,71.51055990318677,107.49911738604276,69.73199515933844,16.144140379185156,248.74167244856795,24.786091972569587,86.72445260185559,25.26719195528151,-3.0188585899332168,52.468360898211635,25.870608220160456,-22.5199336650083,75.32011052843887
2021,25,123.37,57.71,56.46,63.290000000000006,237.54000000000002,36.43,91.37571428571428,22.624285714285715,63.12111111111111,-8.096666666666671,3.831111111111106,20.53333333333334,58.855555555555554,115.90358974358973,64.15102564102564,128.35282051282053,67.34256410256411,308.4074358974359,29.30153846153846,84.16919413919413,22.92992673992674,50.05159544159545,-11.779544159544145,71.50900284900288,20.625982905982923,109.78105413105419,123.56533333333333,68.78933333333333,144.19666666666666,74.88000000000001,336.55133333333333,30.869333333333334,81.93638095238094,28.683904761904763,49.1297037037037,-15.70148148148148,84.67629629629627,25.95644444444445,118.10451851851849,129.3410359015732,71.51055990318677,107.49911738604276,69.73199515933844,308.3507131908027,34.87838967325535,86.26981778366853,25.66250181524808,62.968281923714756,-3.0188585899332168,52.468360898211635,25.870608220160456,112.41778423199318
2021,26,75.93,123.37,57.71,56.46,257.01,21.46,92.03428571428572,22.67142857142857,10.13000000000001,63.12111111111111,-8.096666666666671,3.831111111111106,65.15444444444447,55.652307692307694,115.90358974358973,64.15102564102564,128.35282051282053,235.7069230769231,19.695128205128206,86.45571428571428,22.842307692307692,-15.035698005697988,50.05159544159545,-11.779544159544145,71.50900284900288,23.236353276353327,60.91733333333333,123.56533333333333,68.78933333333333,144.19666666666666,253.272,19.194666666666667,84.0972380952381,28.56352380952381,-20.626074074074083,49.1297037037037,-15.70148148148148,84.67629629629627,12.802148148148135,63.10093747478822,129.3410359015732,71.51055990318677,107.49911738604276,263.95253327954816,18.526891488503427,88.05966334351409,25.536403964732326,-7.66437461341939,62.968281923714756,-3.0188585899332168,52.468360898211635,52.28504872036215
2021,27,74.00999999999999,75.93,123.37,57.71,273.31,23.06,90.5085714285714,22.701428571428572,9.434444444444438,10.13000000000001,63.12111111111111,-8.096666666666671,82.68555555555557,79.06153846153846,55.652307692307694,115.90358974358973,64.15102564102564,250.61743589743594,26.62333333333333,88.71582417582417,22.447069597069596,14.90495726495729,-15.035698005697988,50.05159544159545,-11.779544159544145,49.92085470085476,94.64733333333334,60.91733333333333,123.56533333333333,68.78933333333333,279.13,35.04933333333334,86.38247619047618,27.966761904761903,26.6217037037037,-20.626074074074083,49.1297037037037,-15.70148148148148,55.125333333333316,78.61179749899154,63.10093747478822,129.3410359015732,71.51055990318677,271.05377087535294,27.326089552238805,88.08034172765514,25.274523367717396,14.11237963336471,-7.66437461341939,62.968281923714756,-3.0188585899332168,69.41628694366008
2021,28,79.13,74.00999999999999,75.93,123.37,229.07,23.74,89.20142857142856,23.352857142857143,4.772222222222226,9.434444444444438,10.13000000000001,63.12111111111111,24.33666666666668,106.62871794871793,79.06153846153846,55.652307692307694,115.90358974358973,241.34256410256413,36.690769230769234,88.4575457875458,22.844175824175824,33.373931623931625,14.90495726495729,-15.035698005697988,50.05159544159545,33.243190883190934,119.43066666666667,94.64733333333334,60.91733333333333,123.56533333333333,274.9953333333333,45.59733333333334,87.04076190476191,28.253142857142855,42.13992592592594,26.6217037037037,-20.626074074074083,49.1297037037037,48.135555555555555,103.32901815248083,78.61179749899154,63.10093747478822,129.3410359015732,245.04175312626057,34.025645824929406,88.13650227626346,25.743411283351588,28.31000995024874,14.11237963336471,-7.66437461341939,62.968281923714756,34.75801497019406
2021,29,76.07,79.13,74.00999999999999,75.93,229.20999999999998,20.84,90.0442857142857,23.035714285714285,-2.75,4.772222222222226,9.434444444444438,10.13000000000001,11.45666666666667,81.29846153846154,106.62871794871793,79.06153846153846,55.652307692307694,266.988717948718,23.953333333333337,88.19179487179487,22.79164835164835,4.890569800569821,33.373931623931625,14.90495726495729,-15.035698005697988,53.16945868945874,95.558,119.43066666666667,94.64733333333334,60.91733333333333,309.636,28.810000000000002,87.14161904761905,28.25133333333333,16.236740740740757,42.13992592592594,26.6217037037037,-20.626074074074083,84.9983703703704,78.61158047599838,103.32901815248083,78.61179749899154,63.10093747478822,260.55239612747073,20.96295764421137,88.61434391747824,25.538869244511037,-1.729351889202647,28.31000995024874,14.11237963336471,-7.66437461341939,40.693037694410805
2021,30,97.74,76.07,79.13,74.00999999999999,252.94,31.94,88.27285714285713,23.045714285714286,13.36666666666666,-2.75,4.772222222222226,9.434444444444438,15.388888888888893,57.21846153846154,81.29846153846154,106.62871794871793,79.06153846153846,245.14564102564105,22.16179487179487,86.62802197802198,22.786410256410257,-24.915470085470076,4.890569800569821,33.373931623931625,14.90495726495729,13.349031339031377,65.1,95.558,119.43066666666667,94.64733333333334,280.08866666666665,26.572666666666667,85.60314285714286,28.32695238095238,-23.663481481481497,16.236740740740757,42.13992592592594,26.6217037037037,34.713185185185196,83.40330294473577,78.61158047599838,103.32901815248083,78.61179749899154,265.34390157321496,29.889248083904796,87.06580095660694,25.588345531032097,-5.986507104119056,-1.729351889202647,28.31000995024874,14.11237963336471,20.594150956927038
2021,31,87.1,97.74,76.07,79.13,260.90999999999997,28.23,92.20142857142856,23.021428571428572,18.697777777777773,13.36666666666666,-2.75,4.772222222222226,29.31444444444444,95.38923076923076,57.21846153846154,81.29846153846154,106.62871794871793,233.90615384615387,33.46666666666667,90.14978021978021,22.6632967032967,21.415014245014248,-24.915470085470076,4.890569800569821,33.373931623931625,1.3901139601140002,118.53800000000001,65.1,95.558,119.43066666666667,279.196,44.13066666666667,89.61371428571428,27.95,39.50200000000001,-23.663481481481497,16.236740740740757,42.13992592592594,32.07525925925927,113.7344058087939,83.40330294473577,78.61158047599838,103.32901815248083,275.749289229528,36.75627591770875,90.57474453984904,25.42095061372674,37.22675765317558,-5.986507104119056,-1.729351889202647,28.31000995024874,29.51089865985388
2021,32,55.19,87.1,97.74,76.07,240.02999999999997,11.34,92.47571428571428,22.132857142857144,-25.53222222222223,18.697777777777773,13.36666666666666,-2.75,6.5322222222222095,76.45641025641027,95.38923076923076,57.21846153846154,81.29846153846154,229.0641025641026,21.5174358974359,89.7891575091575,22.013223443223442,-14.08877492877491,21.415014245014248,-24.915470085470076,4.890569800569821,-17.58923076923073,77.62666666666665,118.53800000000001,65.1,95.558,261.2646666666667,21.179333333333332,88.36390476190475,27.42352380952381,-23.14125925925927,39.50200000000001,-23.663481481481497,16.236740740740757,-7.302740740740759,58.164366276724486,113.7344058087939,83.40330294473577,78.61158047599838,255.30207503025412,13.5091956434046,90.1788446954417,24.777498530513455,-35.60219066828022,37.22675765317558,-5.986507104119056,-1.729351889202647,-4.361940119223696
2021,33,124.32,55.19,87.1,97.74,266.60999999999996,27.05,94.31,22.041428571428572,61.69999999999999,-25.53222222222223,18.697777777777773,13.36666666666666,54.86555555555554,164.50410256410257,76.45641025641027,95.38923076923076,57.21846153846154,336.34974358974364,43.09205128205128,92.6551282051282,21.576556776556775,87.70683760683762,-14.08877492877491,21.415014245014248,-24.915470085470076,95.03307692307698,187.84666666666666,77.62666666666665,118.53800000000001,65.1,384.0113333333333,45.86333333333334,91.80390476190476,26.93504761904762,104.12192592592594,-23.14125925925927,39.50200000000001,-23.663481481481497,120.48266666666667,169.63954255748286,58.164366276724486,113.7344058087939,83.40330294473577,341.53831464300123,38.32538604275918,93.07851576096353,24.4285300524405,94.98993276858948,-35.60219066828022,37.22675765317558,-5.986507104119056,96.61449975348484
2021,34,48.6,124.32,55.19,87.1,228.11,12.32,91.50714285714284,21.951428571428572,-16.836666666666666,61.69999999999999,-25.53222222222223,18.697777777777773,19.3311111111111,69.40512820512821,164.50410256410257,76.45641025641027,95.38923076923076,310.3656410256411,26.904102564102566,89.5915750915751,21.510293040293043,-2.4642735042734927,87.70683760683762,-14.08877492877491,21.415014245014248,71.15378917378922,66.02266666666667,187.84666666666666,77.62666666666665,118.53800000000001,331.496,23.779333333333334,88.90619047619047,27.004190476190477,-12.86266666666667,104.12192592592594,-23.14125925925927,39.50200000000001,68.118,58.995546591367486,169.63954255748286,58.164366276724486,113.7344058087939,286.7994554255748,18.94195240016135,89.94071399757965,24.428453869647903,-14.400573349468871,94.98993276858948,-35.60219066828022,37.22675765317558,44.98716875084038
2021,35,59.15,48.6,124.32,55.19,232.07,39.73,90.17857142857144,22.06,17.913333333333327,-16.836666666666666,61.69999999999999,-25.53222222222223,62.77666666666666,38.62538461538462,69.40512820512821,164.50410256410257,76.45641025641027,272.53461538461545,16.31025641025641,88.44153846153846,21.46014652014652,-12.412905982905968,-2.4642735042734927,87.70683760683762,-14.08877492877491,72.82965811965816,31.496,66.02266666666667,187.84666666666666,77.62666666666665,285.36533333333335,14.165333333333333,87.92609523809524,27.166761904761906,-23.801777777777776,-12.86266666666667,104.12192592592594,-23.14125925925927,67.4574814814815,46.75603953206939,58.995546591367486,169.63954255748286,58.164366276724486,275.3911286809197,28.724230738200884,89.08424987033942,24.50452071687893,-1.7057652279144762,-14.400573349468871,94.98993276858948,-35.60219066828022,78.88359419120613
2021,36,18.66,59.15,48.6,124.32,126.41,4.38,89.1842857142857,21.765714285714285,-21.833333333333332,17.913333333333327,-16.836666666666666,61.69999999999999,-20.756666666666664,40.22666666666667,38.62538461538462,69.40512820512821,164.50410256410257,148.2571794871795,15.23205128205128,87.47699633699634,21.165970695970696,-9.205071225071208,-12.412905982905968,-2.4642735042734927,87.70683760683762,-24.08225071225067,52.402,31.496,66.02266666666667,187.84666666666666,149.92066666666665,21.588,87.97980952380952,26.506666666666664,-3.5105925925925945,-23.801777777777776,-12.86266666666667,104.12192592592594,-40.17503703703704,36.67840419524003,46.75603953206939,58.995546591367486,169.63954255748286,142.42999031867686,13.368611536910047,88.55958946579842,24.033688814614187,-9.619952220877593,-1.7057652279144762,-14.400573349468871,94.98993276858948,-25.726290798260955
2021,37,33.12,18.66,59.15,48.6,110.93,8.97,90.53,21.85571428571429,2.21555555555555,-21.833333333333332,17.913333333333327,-16.836666666666666,-1.704444444444448,35.42717948717949,40.22666666666667,38.62538461538462,69.40512820512821,114.2792307692308,14.942051282051283,88.15545787545787,21.167765567765567,-7.392564102564094,-9.205071225071208,-12.412905982905968,-2.4642735042734927,-29.01054131054127,33.444,52.402,31.496,66.02266666666667,117.342,16.32,86.69609523809524,26.94142857142857,-18.068666666666658,-3.5105925925925945,-23.801777777777776,-12.86266666666667,-45.38103703703703,36.84018636546995,36.67840419524003,46.75603953206939,58.995546591367486,120.27463009277933,14.883432029043968,88.62057200484065,24.328853915749438,-2.844188427233206,-9.619952220877593,-1.7057652279144762,-14.400573349468871,-14.16990587602529
2021,38,36.98,33.12,18.66,59.15,88.75999999999999,10.13,89.02285714285713,21.154285714285713,2.0233333333333405,2.21555555555555,-21.833333333333332,17.913333333333327,-17.594444444444434,33.10102564102564,35.42717948717949,40.22666666666667,38.62538461538462,108.75487179487183,12.987948717948717,87.97194139194139,20.68080586080586,-17.089999999999982,-7.392564102564094,-9.205071225071208,-12.412905982905968,-33.687635327635284,47.556000000000004,33.444,52.402,31.496,133.40200000000002,21.051333333333332,87.6672380952381,26.403142857142857,-8.074814814814808,-18.068666666666658,-3.5105925925925945,-23.801777777777776,-29.65407407407406,45.72550060508269,36.84018636546995,36.67840419524003,46.75603953206939,119.24409116579264,16.876650262202503,88.34126721604333,23.69248833054803,0.721786204114558,-2.844188427233206,-9.619952220877593,-1.7057652279144762,-11.742354443996255
2021,39,24.04,36.98,33.12,18.66,94.14,9.68,91.91428571428573,21.15285714285714,-2.3488888888888866,2.0233333333333405,2.21555555555555,-21.833333333333332,1.8900000000000112,24.15897435897436,33.10102564102564,35.42717948717949,40.22666666666667,92.68717948717952,8.124358974358975,85.54637362637364,20.303553113553114,-13.877834757834744,-17.089999999999982,-7.392564102564094,-9.205071225071208,-38.36039886039882,21.27,47.556000000000004,33.444,52.402,102.27000000000001,8.599333333333334,86.72,25.772952380952383,-20.771333333333335,-8.074814814814808,-18.068666666666658,-3.5105925925925945,-46.914814814814804,24.364464703509476,45.72550060508269,36.84018636546995,36.67840419524003,106.93015167406209,9.283045582896328,88.98653155074051,23.451075664150284,-10.486572990901351,0.721786204114558,-2.844188427233206,-9.619952220877593,-12.608975214020013
2021,40,18.8,24.04,36.98,33.12,79.82,14.93,86.59142857142857,22.228571428571428,-7.364444444444445,-2.3488888888888866,2.0233333333333405,2.21555555555555,-7.6899999999999835,16.853846153846153,24.15897435897436,33.10102564102564,35.42717948717949,74.11384615384618,13.05205128205128,77.23274725274726,20.968644688644687,-28.509031339031335,-13.877834757834744,-17.089999999999982,-7.392564102564094,-59.47686609686606,20.000666666666667,21.27,47.556000000000004,33.444,88.82666666666667,15.459333333333332,80.22076190476191,27.042571428571428,-27.700444444444443,-20.771333333333335,-8.074814814814808,-18.068666666666658,-56.54659259259259,18.046336425978215,24.364464703509476,45.72550060508269,36.84018636546995,88.13630173457035,14.77977410246067,83.38160018440615,24.51322676194318,-18.243782797723096,-10.486572990901351,0.721786204114558,-2.844188427233206,-28.008569584509903
2021,41,59.150000000000006,18.8,24.04,36.98,101.99000000000001,30.73,91.06285714285715,19.12,48.56555555555556,-7.364444444444445,-2.3488888888888866,2.0233333333333405,38.85222222222224,121.97384615384617,16.853846153846153,24.15897435897436,33.10102564102564,162.9866666666667,61.639230769230764,87.74809523809523,17.763626373626373,102.74512820512822,-28.509031339031335,-13.877834757834744,-17.089999999999982,60.358262108262146,126.592,20.000666666666667,21.27,47.556000000000004,167.86266666666666,71.66066666666667,89.12761904761904,23.443238095238094,105.82614814814815,-27.700444444444443,-20.771333333333335,-8.074814814814808,57.35437037037037,81.8741355385236,18.046336425978215,24.364464703509476,45.72550060508269,124.28493666801126,43.118297700685766,89.82520232812772,21.2058273497378,68.04851508224642,-18.243782797723096,-10.486572990901351,0.721786204114558,39.31815929362196
2021,42,0.35,59.150000000000006,18.8,24.04,78.30000000000001,0.22,84.95142857142856,17.674285714285713,-6.884444444444443,48.56555555555556,-7.364444444444445,-2.3488888888888866,34.316666666666684,0.6217948717948718,121.97384615384617,16.853846153846153,24.15897435897436,139.44948717948722,0.29384615384615387,80.20879120879121,15.597655677655679,-13.779230769230761,102.74512820512822,-28.509031339031335,-13.877834757834744,60.45686609686612,0.5493333333333333,126.592,20.000666666666667,21.27,147.142,0.2786666666666667,85.2844761904762,21.290571428571425,-14.432740740740744,105.82614814814815,-27.700444444444443,-20.771333333333335,63.692962962962966,0.26329407018959256,81.8741355385236,18.046336425978215,24.364464703509476,100.18376603469137,0.17021379588543767,84.66420860946232,19.263940298507464,-9.701873784231992,68.04851508224642,-18.243782797723096,-10.486572990901351,40.10285850029132
2021,43,0.0,0.35,59.150000000000006,18.8,59.5,0.0,80.23857142857142,15.854285714285714,-0.09333333333333214,-6.884444444444443,48.56555555555556,-7.364444444444445,41.587777777777795,0.0023076923076923075,0.6217948717948718,121.97384615384617,16.853846153846153,122.59794871794875,0.001794871794871795,73.33190476190477,13.847362637362636,-0.21390313390312443,-13.779230769230761,102.74512820512822,-28.509031339031335,88.75199430199434,0.0,0.5493333333333333,126.592,20.000666666666667,127.14133333333334,0.0,79.21885714285715,19.590285714285713,-0.17962962962963439,-14.432740740740744,105.82614814814815,-27.700444444444443,91.21377777777776,0.0001290843081887858,0.26329407018959256,81.8741355385236,18.046336425978215,82.13755869302135,0.00010326744655102866,79.1867917939261,17.541518123667377,-0.1211199856572991,-9.701873784231992,68.04851508224642,-18.243782797723096,58.22552131235712
2021,44,0.4399999999999999,0.0,0.35,59.150000000000006,0.7899999999999927,0.41,85.13857142857144,15.96,0.33888888888888996,-0.09333333333333214,-6.884444444444443,48.56555555555556,-6.638888888888879,0.08358974358974358,0.0023076923076923075,0.6217948717948718,121.97384615384617,0.7076923076923362,0.07076923076923076,72.37520146520147,14.28967032967033,-0.08789173789172844,-0.21390313390312443,-13.779230769230761,102.74512820512822,-14.081025641025613,0.06133333333333334,0.0,0.5493333333333333,126.592,0.6106666666666667,0.05666666666666667,81.28285714285715,19.380952380952383,-0.1148888888888936,-0.17962962962963439,-14.432740740740744,105.82614814814815,-14.727259259259272,0.2799717628075836,0.0001290843081887858,0.26329407018959256,81.8741355385236,0.5433949173053223,0.2629810407422348,82.54249801187116,17.558888376649566,0.16768553628255112,-0.1211199856572991,-9.701873784231992,68.04851508224642,-9.655308233606755
2021,45,0.36,0.4399999999999999,0.0,0.35,0.7999999999999927,0.24,82.44142857142857,15.507142857142856,0.2633333333333345,0.33888888888888996,-0.09333333333333214,-6.884444444444443,0.5088888888888994,0.09282051282051282,0.08358974358974358,0.0023076923076923075,0.6217948717948718,0.17871794871797714,0.06692307692307693,72.35644688644688,13.596410256410255,-0.08706552706551757,-0.08789173789172844,-0.21390313390312443,-13.779230769230761,-0.38886039886037044,0.050666666666666665,0.06133333333333334,0.0,0.5493333333333333,0.112,0.04533333333333334,80.69885714285715,18.300476190476193,-0.14918518518518992,-0.1148888888888936,-0.17962962962963439,-14.432740740740744,-0.4437037037037179,0.1877539330375151,0.2799717628075836,0.0001290843081887858,0.26329407018959256,0.4678547801532449,0.12684146833400564,80.89348204921339,16.719061026911774,0.07732992694186722,0.16768553628255112,-0.1211199856572991,-9.701873784231992,0.12389547756710503
2021,46,0.0,0.36,0.4399999999999999,0.0,0.7999999999999927,0.0,86.23,13.352857142857143,-0.13555555555555437,0.2633333333333345,0.33888888888888996,-0.09333333333333214,0.46666666666667717,0.23641025641025637,0.09282051282051282,0.08358974358974358,0.0023076923076923075,0.4128205128205412,0.13974358974358975,76.72142857142856,11.828424908424909,-0.5652136752136657,-0.08706552706551757,-0.08789173789172844,-0.21390313390312443,-0.7401709401709118,0.27599999999999997,0.050666666666666665,0.06133333333333334,0.0,0.38799999999999996,0.19133333333333333,81.30838095238096,16.893047619047618,0.01659259259258783,-0.14918518518518992,-0.1148888888888936,-0.17962962962963439,-0.24748148148149574,0.013938684953610326,0.1877539330375151,0.2799717628075836,0.0001290843081887858,0.4816643807986664,0.00954981847519161,83.61971440096814,14.90606811502334,-0.17472780242929492,0.07732992694186722,0.16768553628255112,-0.1211199856572991,0.07028766079510923
2021,47,0.79,0.0,0.36,0.4399999999999999,1.1499999999999928,0.41,82.7057142857143,15.138571428571428,0.3044444444444457,-0.13555555555555437,0.2633333333333345,0.33888888888888996,0.4322222222222329,5.783076923076923,0.23641025641025637,0.09282051282051282,0.08358974358974358,6.11230769230772,4.46,72.56930402930404,13.511538461538462,4.576467236467246,-0.5652136752136657,-0.08706552706551757,-0.08789173789172844,3.9241880341880626,0.8646666666666667,0.27599999999999997,0.050666666666666665,0.06133333333333334,1.1913333333333334,0.6799999999999999,77.47857142857143,18.74647619047619,0.2524444444444398,0.01659259259258783,-0.14918518518518992,-0.1148888888888936,0.11985185185183772,1.1047325534489711,0.013938684953610326,0.1877539330375151,0.2799717628075836,1.3064251714400539,0.782663977410246,79.42355996081369,16.76073255344897,0.5852274662722422,-0.17472780242929492,0.07732992694186722,0.16768553628255112,0.4878295907848003
2021,48,0.1,0.79,0.0,0.36,0.8899999999999928,0.07,71.79428571428572,13.29,-0.3866666666666655,0.3044444444444457,-0.13555555555555437,0.2633333333333345,-0.21777777777776708,0.9710256410256409,5.783076923076923,0.23641025641025637,0.09282051282051282,6.990512820512848,0.8587179487179488,69.30109890109891,11.014065934065934,-0.34350427350426405,4.576467236467246,-0.5652136752136657,-0.08706552706551757,3.6677492877493165,0.36000000000000004,0.8646666666666667,0.27599999999999997,0.050666666666666665,1.5006666666666668,0.346,75.70266666666666,16.788,-0.3130370370370417,0.2524444444444398,0.01659259259258783,-0.14918518518518992,-0.04400000000001408,0.3208955223880597,1.1047325534489711,0.013938684953610326,0.1877539330375151,1.4395667607905984,0.28943041549011694,73.24362012332163,14.75571244165274,-0.2518404374523778,0.5852274662722422,-0.17472780242929492,0.07732992694186722,0.15865922639055535
2021,49,0.0,0.1,0.79,0.0,0.8899999999999928,0.0,60.03857142857142,11.85,-0.4366666666666655,-0.3866666666666655,0.3044444444444457,-0.13555555555555437,-0.5188888888888782,0.0,0.9710256410256409,5.783076923076923,0.23641025641025637,6.754102564102592,0.0,62.2207326007326,8.989230769230769,-0.6398290598290504,-0.34350427350426405,4.576467236467246,-0.5652136752136657,3.5931339031339316,0.0,0.36000000000000004,0.8646666666666667,0.27599999999999997,1.2246666666666668,0.0,71.33609523809524,14.332666666666666,-0.5382222222222269,-0.3130370370370417,0.2524444444444398,0.01659259259258783,-0.5988148148148289,0.0,0.3208955223880597,1.1047325534489711,0.013938684953610326,1.4256280758369881,0.0,65.34716982654294,12.782433469717052,-0.4358262740352293,-0.2518404374523778,0.5852274662722422,-0.17472780242929492,-0.102439245215379
2021,50,0.3299999999999999,0.0,0.1,0.79,0.4299999999999927,0.12,75.36571428571428,10.344285714285714,-2.778888888888888,-0.4366666666666655,-0.3866666666666655,0.3044444444444457,-3.602222222222212,0.28153846153846157,0.0,0.9710256410256409,5.783076923076923,1.252564102564131,0.21307692307692308,68.3669597069597,8.47069597069597,-2.1420512820512725,-0.6398290598290504,-0.34350427350426405,4.576467236467246,-3.125384615384587,0.126,0.0,0.36000000000000004,0.8646666666666667,0.48600000000000004,0.092,69.53238095238095,14.231714285714284,-2.094518518518524,-0.5382222222222269,-0.3130370370370417,0.2524444444444398,-2.945777777777793,0.16943041549011692,0.0,0.3208955223880597,1.1047325534489711,0.49032593787813394,0.06879709560306575,71.74993903071514,12.092656831671757,-2.732514454753261,-0.4358262740352293,-0.2518404374523778,0.5852274662722422,-3.420181166240882
2021,51,27.630000000000003,0.3299999999999999,0.0,0.1,27.959999999999994,18.55,77.40857142857143,9.93142857142857,24.48666666666667,-2.778888888888888,-0.4366666666666655,-0.3866666666666655,21.271111111111125,20.234358974358972,0.28153846153846157,0.0,0.9710256410256409,20.51589743589746,14.487435897435898,75.45190476190476,7.933589743589744,17.14054131054132,-2.1420512820512725,-0.6398290598290504,-0.34350427350426405,14.358660968660997,18.949333333333335,0.126,0.0,0.36000000000000004,19.075333333333337,12.647333333333334,77.54914285714285,14.354476190476191,15.962370370370367,-2.094518518518524,-0.5382222222222269,-0.3130370370370417,13.329629629629617,25.427671641791044,0.16943041549011692,0.0,0.3208955223880597,25.597102057281116,17.34322710770472,77.65547133060565,11.880988416988416,22.07835659540137,-2.732514454753261,-0.4358262740352293,-0.2518404374523778,18.910015866612866
2021,52,0.32,27.630000000000003,0.3299999999999999,0.0,28.279999999999994,0.19,72.69142857142857,11.888571428571428,-2.9611111111111104,24.48666666666667,-2.778888888888888,-0.4366666666666655,18.746666666666684,7.127435897435898,20.234358974358972,0.28153846153846157,0.0,27.64333333333336,3.1192307692307693,73.82846153846154,9.524688644688645,3.6397720797720905,17.14054131054132,-2.1420512820512725,-0.6398290598290504,18.63826210826214,7.506666666666666,18.949333333333335,0.126,0.0,26.582,3.3673333333333333,75.59761904761905,15.228857142857143,3.994962962962957,15.962370370370367,-2.094518518518524,-0.5382222222222269,17.8628148148148,4.4558136345300525,25.427671641791044,0.16943041549011692,0.0,30.05291569181117,1.982743848325938,74.46853835071745,13.224416988416987,0.7574577562637264,22.07835659540137,-2.732514454753261,-0.4358262740352293,20.10329989691182
2022,1,1.58,0.32,27.630000000000003,0.3299999999999999,29.529999999999994,0.79,75.42857142857143,10.55,1.1366666666666667,-2.9611111111111104,24.48666666666667,-2.778888888888888,22.662222222222233,3.7438461538461536,7.127435897435898,20.234358974358972,0.28153846153846157,31.105641025641052,2.896923076923077,72.69992673992674,8.197802197802199,1.9045868945868942,3.6397720797720905,17.14054131054132,-2.1420512820512725,22.684900284900305,4.747333333333333,7.506666666666666,18.949333333333335,0.126,31.203333333333333,3.4486666666666665,77.97590476190476,14.397333333333334,2.643333333333333,3.994962962962957,15.962370370370367,-2.094518518518524,22.60066666666666,3.2804098426784996,4.4558136345300525,25.427671641791044,0.16943041549011692,33.163895118999555,2.2163251311012506,76.94450803895579,12.146827176857029,1.99234592801757,0.7574577562637264,22.07835659540137,-2.732514454753261,24.828160279682653
2022,2,2.09,1.58,0.32,27.630000000000003,3.989999999999993,1.72,73.86,9.974285714285712,1.6055555555555554,1.1366666666666667,-2.9611111111111104,24.48666666666667,-0.21888888888888114,5.0407692307692304,3.7438461538461536,7.127435897435898,20.234358974358972,15.91205128205131,3.6635897435897435,76.20131868131868,7.971794871794871,2.632364672364672,1.9045868945868942,3.6397720797720905,17.14054131054132,8.176723646723659,5.871333333333333,4.747333333333333,7.506666666666666,18.949333333333335,18.12533333333333,4.566000000000001,75.24323809523808,13.781809523809525,3.6194814814814817,2.643333333333333,3.994962962962957,15.962370370370367,10.257777777777772,3.536478418717225,3.2804098426784996,4.4558136345300525,25.427671641791044,11.272701895925735,2.8937014925373137,74.99772926871434,11.549431798536276,2.1045423333781548,1.99234592801757,0.7574577562637264,22.07835659540137,4.854346017659437
2022,3,0.69,2.09,1.58,0.32,4.359999999999993,0.33,76.60571428571428,8.541428571428572,-3.8377777777777777,1.6055555555555554,1.1366666666666667,-2.9611111111111104,-1.0955555555555487,3.6192307692307693,5.0407692307692304,3.7438461538461536,7.127435897435898,12.403846153846182,2.5476923076923077,75.25952380952381,6.923333333333333,-2.436296296296296,2.632364672364672,1.9045868945868942,3.6397720797720905,2.1006552706552726,3.127333333333333,5.871333333333333,4.747333333333333,7.506666666666666,13.745999999999999,2.124,75.31238095238095,12.768190476190476,-2.5877777777777777,3.6194814814814817,2.643333333333333,3.994962962962957,3.6750370370370375,2.148398547801533,3.536478418717225,3.2804098426784996,4.4558136345300525,8.965286809197215,1.3982936668011294,76.50081784129546,10.345260185558693,-3.1034152660122802,2.1045423333781548,1.99234592801757,0.7574577562637264,0.99347299538343
2022,4,37.38,0.69,2.09,1.58,40.16,25.41,76.9057142857143,8.634285714285713,33.06888888888889,-3.8377777777777777,1.6055555555555554,1.1366666666666667,30.836666666666677,35.33615384615384,3.6192307692307693,5.0407692307692304,3.7438461538461536,43.996153846153874,22.76871794871795,74.93106227106227,7.064139194139194,29.11173789173789,-2.436296296296296,2.632364672364672,1.9045868945868942,29.307806267806267,34.93533333333333,3.127333333333333,5.871333333333333,4.747333333333333,43.934,22.316,72.58133333333333,13.616761904761905,28.57148148148148,-2.5877777777777777,3.6194814814814817,2.643333333333333,29.603185185185186,37.004843081887856,2.148398547801533,3.536478418717225,3.2804098426784996,42.68972004840657,24.068281565147238,74.71341831383623,10.926473578055667,31.147460983371428,-3.1034152660122802,2.1045423333781548,1.99234592801757,30.14858805073729
2022,5,0.06,37.38,0.69,2.09,38.129999999999995,0.03,74.95285714285716,10.065714285714284,-4.5600000000000005,33.06888888888889,-3.8377777777777777,1.6055555555555554,24.671111111111124,6.742820512820513,35.33615384615384,3.6192307692307693,5.0407692307692304,45.69820512820515,4.337692307692308,72.5210989010989,8.207179487179486,1.4039031339031345,29.11173789173789,-2.436296296296296,2.632364672364672,28.07934472934473,12.086000000000002,34.93533333333333,3.127333333333333,5.871333333333333,50.14866666666667,7.9959999999999996,70.57447619047619,14.677714285714284,6.465185185185187,28.57148148148148,-2.5877777777777777,3.6194814814814817,32.44888888888889,9.132707543364264,37.004843081887856,2.148398547801533,3.536478418717225,48.28594917305361,5.9636224283985495,73.11603538293092,12.13376787875295,3.5522478598001026,31.147460983371428,-3.1034152660122802,2.1045423333781548,31.596293577159237
2022,6,1.46,0.06,37.38,0.69,38.9,1.31,68.27142857142857,11.84142857142857,0.7866666666666666,-4.5600000000000005,33.06888888888889,-3.8377777777777777,29.295555555555566,2.327948717948718,6.742820512820513,35.33615384615384,3.6192307692307693,44.4069230769231,1.7794871794871796,67.86714285714285,9.668974358974358,0.15396011396011478,1.4039031339031345,29.11173789173789,-2.436296296296296,30.66960113960114,1.142,12.086000000000002,34.93533333333333,3.127333333333333,48.163333333333334,0.8933333333333333,63.91561904761905,16.348190476190478,-0.9561481481481486,6.465185185185187,28.57148148148148,-2.5877777777777777,34.080518518518524,1.597950786607503,9.132707543364264,37.004843081887856,2.148398547801533,47.73550141185958,1.3168446954417103,66.85855091338674,13.826159972339077,-0.18322710770472006,3.5522478598001026,31.147460983371428,-3.1034152660122802,34.5164817354668
2022,7,0.66,1.46,0.06,37.38,2.179999999999993,0.43,61.285714285714285,12.627142857142855,-0.35777777777777764,0.7866666666666666,-4.5600000000000005,33.06888888888889,-4.131111111111104,3.3856410256410254,2.327948717948718,6.742820512820513,35.33615384615384,12.456410256410285,1.8771794871794873,64.37703296703296,11.050989010989012,1.6773219373219377,0.15396011396011478,1.4039031339031345,29.11173789173789,3.2351851851851903,1.976,1.142,12.086000000000002,34.93533333333333,15.204000000000002,1.3553333333333333,56.86761904761905,18.598380952380953,1.0678518518518518,-0.9561481481481486,6.465185185185187,28.57148148148148,6.57688888888889,1.4202702702702703,1.597950786607503,9.132707543364264,37.004843081887856,12.150928600241993,0.8793336022589755,59.00812263009278,15.44019708407768,0.3778463538165031,-0.18322710770472006,3.5522478598001026,31.147460983371428,3.746867105911871
2022,8,0.12,0.66,1.46,0.06,2.239999999999993,0.06,51.82,15.324285714285717,-0.9033333333333332,-0.35777777777777764,0.7866666666666666,-4.5600000000000005,-0.4744444444444371,0.5397435897435897,3.3856410256410254,2.327948717948718,6.742820512820513,6.253333333333361,0.248974358974359,54.33846153846154,13.264358974358975,-1.756068376068375,1.6773219373219377,0.15396011396011478,1.4039031339031345,0.07521367521368094,0.2553333333333333,1.976,1.142,12.086000000000002,3.373333333333333,0.12733333333333335,51.5352380952381,20.219142857142856,-1.0251111111111109,1.0678518518518518,-0.9561481481481486,6.465185185185187,-0.9134074074074077,0.2712319483662768,1.4202702702702703,1.597950786607503,9.132707543364264,3.2894530052440074,0.125533682936668,52.26213784360053,17.490807929464644,-0.9219515933844291,0.3778463538165031,-0.18322710770472006,3.5522478598001026,-0.7273323472726603
2022,9,0.0,0.12,0.66,1.46,0.7799999999999929,0.0,45.2,18.738571428571426,-2.4844444444444442,-0.9033333333333332,-0.35777777777777764,0.7866666666666666,-3.7455555555555478,0.0,0.5397435897435897,3.3856410256410254,2.327948717948718,3.9253846153846434,0.0,50.711611721611725,16.575384615384618,-2.808945868945868,-1.756068376068375,1.6773219373219377,0.15396011396011478,-2.8876923076923022,0.0,0.2553333333333333,1.976,1.142,2.231333333333333,0.0,46.762476190476185,23.52695238095238,-2.087333333333333,-1.0251111111111109,1.0678518518518518,-0.9561481481481486,-2.044592592592592,0.0,0.2712319483662768,1.4202702702702703,1.597950786607503,1.6915022186365045,0.0,46.998549069325186,20.817918054515065,-2.3150377840527097,-0.9219515933844291,0.3778463538165031,-0.18322710770472006,-2.85914302362065
2022,10,2.44,0.0,0.12,0.66,2.559999999999993,1.4,49.31142857142857,21.78142857142857,-2.8411111111111116,-2.4844444444444442,-0.9033333333333332,-0.35777777777777764,-6.228888888888882,0.6389743589743591,0.0,0.5397435897435897,3.3856410256410254,1.1787179487179773,0.4258974358974359,52.83142857142857,20.416483516483517,-5.647521367521367,-2.808945868945868,-1.756068376068375,1.6773219373219377,-10.212535612535607,0.32866666666666666,0.0,0.2553333333333333,1.976,0.584,0.2033333333333333,45.32,27.651619047619047,-4.6568148148148145,-2.087333333333333,-1.0251111111111109,1.0678518518518518,-7.769259259259258,1.5041895925776523,0.0,0.2712319483662768,1.4202702702702703,1.7754215409438865,0.857179507866075,47.70472909583357,24.54476159741831,-3.629715118103179,-2.3150377840527097,-0.9219515933844291,0.3778463538165031,-6.866704495540332
2022,11,6.8,2.44,0.0,0.12,9.239999999999993,4.4,43.28285714285714,20.974285714285713,-1.3922222222222222,-2.8411111111111116,-2.4844444444444442,-0.9033333333333332,-6.717777777777771,5.434358974358974,0.6389743589743591,0.0,0.5397435897435897,6.073333333333362,2.5143589743589745,46.9543956043956,19.62069597069597,-3.3662962962962952,-5.647521367521367,-2.808945868945868,-1.756068376068375,-11.822763532763528,3.69,0.32866666666666666,0.0,0.2553333333333333,4.018666666666666,1.608,37.10714285714286,27.269904761904762,-3.952222222222223,-4.6568148148148145,-2.087333333333333,-1.0251111111111109,-10.69637037037037,4.363906413876563,1.5041895925776523,0.0,0.2712319483662768,5.868096006454173,2.665757966922146,40.13354774390595,23.949120843658157,-3.2224871139796525,-3.629715118103179,-2.3150377840527097,-0.9219515933844291,-9.167240016135555
2022,12,8.16,6.8,2.44,0.0,17.39999999999999,3.72,49.021428571428565,21.05857142857143,0.22666666666666746,-1.3922222222222222,-2.8411111111111116,-2.4844444444444442,-4.00666666666666,6.961794871794871,5.434358974358974,0.6389743589743591,0.0,13.035128205128233,3.1451282051282052,46.13809523809524,20.686117216117214,-2.2902279202279194,-3.3662962962962952,-5.647521367521367,-2.808945868945868,-11.304045584045578,5.201333333333333,3.69,0.32866666666666666,0.0,9.22,2.427333333333333,39.38133333333334,28.07647619047619,-2.4265185185185185,-3.952222222222223,-4.6568148148148145,-2.087333333333333,-11.035555555555556,5.471269060104881,4.363906413876563,1.5041895925776523,0.0,11.339365066559054,2.5782202501008467,42.127012389788504,24.617534604967442,-1.7315802070727457,-3.2224871139796525,-3.629715118103179,-2.3150377840527097,-8.583782439155591
2022,13,9.69,8.16,6.8,2.44,24.64999999999999,5.03,41.26571428571429,22.602857142857143,3.0522222222222215,0.22666666666666746,-1.3922222222222222,-2.8411111111111116,1.8866666666666734,13.537692307692309,6.961794871794871,5.434358974358974,0.6389743589743591,25.933846153846183,6.498717948717949,42.84113553113553,21.39761904761905,6.149544159544161,-2.2902279202279194,-3.3662962962962952,-5.647521367521367,0.49301994301994956,9.325999999999999,5.201333333333333,3.69,0.32866666666666666,18.217333333333332,5.002,35.89057142857143,29.059619047619048,3.368148148148147,-2.4265185185185185,-3.952222222222223,-4.6568148148148145,-3.010592592592595,7.821905607099638,5.471269060104881,4.363906413876563,1.5041895925776523,17.65708108108104,3.5161815248083905,36.083856393707144,25.896816458249297,2.1187206310788405,-1.7315802070727457,-3.2224871139796525,-3.629715118103179,-2.835346689973572
2022,14,1.81,9.69,8.16,6.8,19.659999999999993,0.85,35.61142857142857,23.277142857142856,-5.487777777777778,3.0522222222222215,0.22666666666666746,-1.3922222222222222,-2.208888888888882,5.637948717948718,13.537692307692309,6.961794871794871,5.434358974358974,26.137435897435925,3.1256410256410256,39.98106227106227,21.88974358974359,-2.3006837606837607,6.149544159544161,-2.2902279202279194,-3.3662962962962952,1.558632478632484,3.719333333333333,9.325999999999999,5.201333333333333,3.69,18.246666666666666,2.3193333333333332,31.74495238095238,30.05695238095238,-2.9528148148148157,3.368148148148147,-2.4265185185185185,-3.952222222222223,-2.0111851851851874,2.823011698265429,7.821905607099638,5.471269060104881,4.363906413876563,16.116186365469904,1.6069584509883015,32.26209404713882,26.663721085691236,-3.8275007843664572,2.1187206310788405,-1.7315802070727457,-3.2224871139796525,-3.4403603603603767
2022,15,13.25,1.81,9.69,8.16,24.749999999999993,6.78,43.74142857142857,23.111428571428572,2.32111111111111,-5.487777777777778,3.0522222222222215,0.22666666666666746,-0.11444444444443969,10.56128205128205,5.637948717948718,13.537692307692309,6.961794871794871,29.73692307692311,4.72897435897436,43.20967032967033,22.156373626373625,0.04943019943019955,-2.3006837606837607,6.149544159544161,-2.2902279202279194,3.898290598290603,10.807333333333332,3.719333333333333,9.325999999999999,5.201333333333333,23.852666666666664,5.146,35.49447619047619,30.062190476190477,1.604222222222221,-2.9528148148148157,3.368148148148147,-2.4265185185185185,2.019555555555552,12.887915288422752,2.823011698265429,7.821905607099638,5.471269060104881,23.532832593787774,5.8820629286002415,38.54134512764364,26.545835186999362,2.9336296893908838,-3.8275007843664572,2.1187206310788405,-1.7315802070727457,1.2248495361032528
2022,16,12.93,13.25,1.81,9.69,27.989999999999995,8.5,36.17428571428571,24.47571428571429,-6.609999999999999,2.32111111111111,-5.487777777777778,3.0522222222222215,-9.77666666666666,11.49923076923077,10.56128205128205,5.637948717948718,13.537692307692309,27.69846153846157,6.3966666666666665,39.24783882783883,23.29882783882784,-7.814273504273505,0.04943019943019955,-2.3006837606837607,6.149544159544161,-10.065527065527062,10.204,10.807333333333332,3.719333333333333,9.325999999999999,24.730666666666668,6.0520000000000005,30.376285714285714,31.497619047619047,-9.488814814814816,1.604222222222221,-2.9528148148148157,3.368148148148147,-10.837407407407412,11.625869302137962,12.887915288422752,2.823011698265429,7.821905607099638,27.3367962888261,7.891703106091166,31.889610326744652,27.99868276378724,-7.451893774371383,2.9336296893908838,-3.8275007843664572,2.1187206310788405,-8.34576486934697
2022,17,53.44,12.93,13.25,1.81,79.61999999999999,24.21,75.05142857142857,21.072857142857146,31.538888888888888,-6.609999999999999,2.32111111111111,-5.487777777777778,27.250000000000007,40.776666666666664,11.49923076923077,10.56128205128205,5.637948717948718,62.83717948717951,16.292564102564103,65.06410256410257,21.525311355311356,18.647948717948715,-7.814273504273505,0.04943019943019955,-2.3006837606837607,10.883105413105413,45.559333333333335,10.204,10.807333333333332,3.719333333333333,66.57066666666667,18.726,54.4,29.32257142857143,22.145925925925926,-9.488814814814816,1.604222222222221,-2.9528148148148157,14.26133333333333,50.57535699878984,11.625869302137962,12.887915288422752,2.823011698265429,75.08914158935052,23.319206938281564,64.26211917247738,25.13610234541578,28.80624785980011,-7.451893774371383,2.9336296893908838,-3.8275007843664572,24.287983774819594
2022,18,25.28,53.44,12.93,13.25,91.64999999999999,7.11,68.17,23.135714285714283,-1.1400000000000006,31.538888888888888,-6.609999999999999,2.32111111111111,23.788888888888895,27.311025641025637,40.776666666666664,11.49923076923077,10.56128205128205,79.58692307692311,13.447179487179486,62.606446886446896,23.374871794871794,-1.520455840455842,18.647948717948715,-7.814273504273505,0.04943019943019955,9.313219373219372,28.550666666666665,45.559333333333335,10.204,10.807333333333332,84.314,16.343333333333334,51.20961904761905,31.232000000000003,-3.8188888888888926,22.145925925925926,-9.488814814814816,1.604222222222221,8.838222222222216,24.50361113352158,50.57535699878984,11.625869302137962,12.887915288422752,86.70483743444935,10.651018959257765,58.652358785224465,27.152725868725867,-3.810980592532836,28.80624785980011,-7.451893774371383,2.9336296893908838,17.543373492895874
2022,19,31.049999999999997,25.28,53.44,12.93,109.76999999999998,9.7,53.55714285714286,24.264285714285712,-5.574444444444445,-1.1400000000000006,31.538888888888888,-6.609999999999999,24.824444444444445,32.78384615384615,27.311025641025637,40.776666666666664,11.49923076923077,100.87153846153848,11.308461538461538,54.343479853479856,23.53930402930403,-4.449002849002852,-1.520455840455842,18.647948717948715,-7.814273504273505,12.678490028490025,36.190000000000005,28.550666666666665,45.559333333333335,10.204,110.30000000000001,13.412,45.57933333333334,31.778857142857145,-6.779259259259248,-3.8188888888888926,22.145925925925926,-9.488814814814816,11.547777777777782,30.865649858814038,24.50361113352158,50.57535699878984,11.625869302137962,105.94461799112543,11.06698023396531,47.583318734512766,28.038435083270908,-8.398396127470761,-3.810980592532836,28.80624785980011,-7.451893774371383,16.596871139796498
2022,20,42.05,31.049999999999997,25.28,53.44,98.38,16.13,60.472857142857144,22.352857142857143,8.18666666666666,-5.574444444444445,-1.1400000000000006,31.538888888888888,1.4722222222222214,24.392307692307693,32.78384615384615,27.311025641025637,40.776666666666664,84.48717948717952,10.004871794871795,58.8914652014652,22.338351648351647,-10.904159544159544,-4.449002849002852,-1.520455840455842,18.647948717948715,-16.873618233618235,24.453333333333333,36.190000000000005,28.550666666666665,45.559333333333335,89.194,9.919333333333332,46.43066666666667,30.564285714285713,-15.80718518518519,-6.779259259259248,-3.8188888888888926,22.145925925925926,-26.40533333333333,33.45791609519968,30.865649858814038,24.50361113352158,50.57535699878984,88.82717708753526,11.80314078257362,52.26900870166542,26.417806488791566,-3.169526421944333,-8.398396127470761,-3.810980592532836,28.80624785980011,-15.378903141947944
2022,21,22.16,42.05,31.049999999999997,25.28,95.25999999999999,5.36,56.53428571428571,24.75142857142857,-15.340000000000007,8.18666666666666,-5.574444444444445,-1.1400000000000006,-12.727777777777785,23.22230769230769,24.392307692307693,32.78384615384615,27.311025641025637,80.39846153846156,7.454358974358975,53.028168498168505,24.403809523809525,-14.997920227920229,-10.904159544159544,-4.449002849002852,-1.520455840455842,-30.35108262108262,23.176666666666666,24.453333333333333,36.190000000000005,28.550666666666665,83.82000000000001,8.654,45.282666666666664,32.20504761904762,-19.23562962962963,-15.80718518518519,-6.779259259259248,-3.8188888888888926,-41.82207407407407,19.070384832593785,33.45791609519968,30.865649858814038,24.50361113352158,83.39395078660746,5.872861637757161,48.07161804875238,28.589659540137152,-19.59368921159967,-3.169526421944333,-8.398396127470761,-3.810980592532836,-31.16161176101478
2022,22,50.8,22.16,42.05,31.049999999999997,115.00999999999999,15.46,62.29714285714285,24.494285714285716,8.04333333333333,-15.340000000000007,8.18666666666666,-5.574444444444445,0.8899999999999899,52.68769230769231,23.22230769230769,24.392307692307693,32.78384615384615,100.30230769230772,15.827692307692306,57.70307692307693,24.724065934065933,5.971111111111121,-14.997920227920229,-10.904159544159544,-4.449002849002852,-19.93096866096865,53.946000000000005,23.176666666666666,24.453333333333333,36.190000000000005,101.576,15.464,50.10628571428572,32.251238095238094,5.022444444444446,-19.23562962962963,-15.80718518518519,-6.779259259259248,-30.020370370370376,43.909793465106894,19.070384832593785,33.45791609519968,30.865649858814038,96.43809439290033,14.180286405808793,53.279226646689324,28.55875133982597,0.04840652592891104,-19.59368921159967,-3.169526421944333,-8.398396127470761,-22.714809107615107
2022,23,90.58,50.8,22.16,42.05,163.54,22.47,75.74000000000001,23.942857142857143,37.9511111111111,8.04333333333333,-15.340000000000007,8.18666666666666,30.654444444444433,66.98128205128205,52.68769230769231,23.22230769230769,24.392307692307693,142.89128205128208,19.050256410256413,66.85344322344324,24.537692307692307,10.137464387464398,5.971111111111121,-14.997920227920229,-10.904159544159544,1.1106552706552932,72.64533333333334,53.946000000000005,23.176666666666666,24.453333333333333,149.76800000000003,21.36733333333333,58.01704761904762,31.905619047619048,13.124962962962961,5.022444444444446,-19.23562962962963,-15.80718518518519,-1.0882222222222246,76.30889310205728,43.909793465106894,19.070384832593785,33.45791609519968,139.28907139975792,23.304138765631308,64.637856508961,28.132272921108743,21.278136614226163,0.04840652592891104,-19.59368921159967,-3.169526421944333,1.7328539285553894
2022,24,52.61,90.58,50.8,22.16,193.99,12.83,81.20571428571428,22.87857142857143,-13.196666666666673,37.9511111111111,8.04333333333333,-15.340000000000007,32.79777777777777,45.584102564102565,66.98128205128205,52.68769230769231,23.22230769230769,165.25307692307695,16.284871794871794,72.85318681318681,23.523369963369962,-30.34646723646722,10.137464387464398,5.971111111111121,-14.997920227920229,-14.237891737891697,43.096,72.64533333333334,53.946000000000005,23.176666666666666,169.68733333333336,17.970000000000002,64.93485714285714,30.292761904761907,-41.394814814814815,13.124962962962961,5.022444444444446,-19.23562962962963,-23.247407407407408,47.20388463089955,76.30889310205728,43.909793465106894,19.070384832593785,167.42257119806368,14.77756272690601,71.41329441595113,26.716096467469605,-27.32553386222044,21.278136614226163,0.04840652592891104,-19.59368921159967,-5.998990722065379
2022,25,63.29,52.61,90.58,50.8,206.48,18.9,89.05285714285715,22.341428571428573,3.041111111111107,-13.196666666666673,37.9511111111111,8.04333333333333,27.795555555555545,77.15538461538462,45.584102564102565,66.98128205128205,52.68769230769231,189.72076923076926,30.14717948717949,83.32289377289378,22.764761904761905,11.303390313390338,-30.34646723646722,10.137464387464398,5.971111111111121,-8.90561253561248,106.416,43.096,72.64533333333334,53.946000000000005,222.15733333333333,45.31333333333334,78.55114285714285,28.628285714285713,31.980370370370366,-41.394814814814815,13.124962962962961,5.022444444444446,3.710518518518512,78.03170310609116,47.20388463089955,76.30889310205728,43.909793465106894,201.54448083904796,24.63361758773699,83.2540422981617,25.51590214948424,11.658949128232706,-27.32553386222044,21.278136614226163,0.04840652592891104,5.611551880238416
2022,26,45.05,63.29,52.61,90.58,160.95,22.21,86.94714285714285,23.59142857142857,-20.75,3.041111111111107,-13.196666666666673,37.9511111111111,-30.90555555555556,38.880769230769225,77.15538461538462,45.584102564102565,66.98128205128205,161.62025641025645,15.21,80.35564102564102,24.003443223443224,-31.807236467236457,11.303390313390338,-30.34646723646722,10.137464387464398,-50.85031339031333,29.723333333333336,106.416,43.096,72.64533333333334,179.23533333333336,12.676,74.3847619047619,30.03095238095238,-51.82007407407408,31.980370370370366,-41.394814814814815,13.124962962962961,-61.23451851851853,40.63283259378782,78.03170310609116,47.20388463089955,76.30889310205728,165.8684203307785,18.74390722065349,80.23075652624905,26.790972396703737,-30.13247949441979,11.658949128232706,-27.32553386222044,21.278136614226163,-45.79906422840754
2022,27,9.02,45.05,63.29,52.61,117.36,2.88,83.67142857142856,23.889999999999997,-55.55555555555556,-20.75,3.041111111111107,-13.196666666666673,-73.26444444444445,11.289230769230768,38.880769230769225,77.15538461538462,45.584102564102565,127.32538461538464,3.267179487179487,77.72014652014651,24.065421245421245,-52.8673504273504,-31.807236467236457,11.303390313390338,-30.34646723646722,-73.37119658119651,9.142666666666665,29.723333333333336,106.416,43.096,145.282,2.755333333333333,71.73885714285714,30.40304761904762,-58.88296296296297,-51.82007407407408,31.980370370370366,-41.394814814814815,-78.72266666666668,9.23027833803953,40.63283259378782,78.03170310609116,47.20388463089955,127.89481403791848,2.9080822912464703,76.85550233389039,27.172041491384775,-55.26913952758729,-30.13247949441979,11.658949128232706,-27.32553386222044,-73.74266989377439
2022,28,83.85,9.02,45.05,63.29,137.92,19.06,86.9042857142857,23.014285714285712,9.492222222222225,-55.55555555555556,-20.75,3.041111111111107,-66.81333333333333,81.48589743589743,11.289230769230768,38.880769230769225,77.15538461538462,131.65589743589743,27.57179487179487,82.85868131868132,23.23003663003663,8.231111111111119,-52.8673504273504,-31.807236467236457,11.303390313390338,-76.44347578347573,79.12666666666668,9.142666666666665,29.723333333333336,106.416,117.9926666666667,26.013333333333332,77.17714285714285,29.33952380952381,1.8359259259259488,-58.88296296296297,-51.82007407407408,31.980370370370366,-108.8671111111111,80.38131181928198,9.23027833803953,40.63283259378782,78.03170310609116,130.2444227511093,23.3816272690601,81.09792658329971,26.230033423615513,5.362303617049889,-55.26913952758729,-30.13247949441979,11.658949128232706,-80.03931540495721
2022,29,97.95,83.85,9.02,45.05,190.82,21.54,86.59285714285714,22.18,19.13000000000001,9.492222222222225,-55.55555555555556,-20.75,-26.933333333333316,83.60641025641026,81.48589743589743,11.289230769230768,38.880769230769225,176.38153846153847,22.837435897435896,85.5032967032967,22.11981684981685,7.19851851851854,8.231111111111119,-52.8673504273504,-31.807236467236457,-37.437720797720736,85.67,79.12666666666668,9.142666666666665,29.723333333333336,173.93933333333337,23.827333333333335,81.26952380952382,27.94066666666667,6.348740740740752,1.8359259259259488,-58.88296296296297,-51.82007407407408,-50.69829629629627,92.08326583299718,80.38131181928198,9.23027833803953,40.63283259378782,181.69485599031867,23.18298588140379,83.77976234656829,24.968655102864062,11.742333467796158,5.362303617049889,-55.26913952758729,-30.13247949441979,-38.16450244274126
2022,30,63.51,97.95,83.85,9.02,245.30999999999997,22.83,90.33571428571427,22.58285714285714,-20.863333333333337,19.13000000000001,9.492222222222225,-55.55555555555556,7.7588888888889045,93.28333333333333,83.60641025641026,81.48589743589743,11.289230769230768,258.375641025641,37.09051282051282,87.08967032967033,22.492783882783883,11.149401709401715,7.19851851851854,8.231111111111119,-52.8673504273504,26.57903133903138,93.61,85.67,79.12666666666668,9.142666666666665,258.4066666666667,39.294,83.46380952380952,28.265904761904764,4.846518518518508,6.348740740740752,1.8359259259259488,-58.88296296296297,13.031185185185208,85.04818233158531,92.08326583299718,80.38131181928198,9.23027833803953,257.51275998386444,34.35552400161355,86.78608932173111,25.333817553160834,-4.3416277172695175,11.742333467796158,5.362303617049889,-55.26913952758729,12.763009367576515
2022,31,40.77,63.51,97.95,83.85,202.23,14.18,87.39285714285714,23.267142857142854,-27.632222222222218,-20.863333333333337,19.13000000000001,9.492222222222225,-29.365555555555538,38.50410256410257,93.28333333333333,83.60641025641026,81.48589743589743,215.3938461538462,13.584358974358974,83.4921978021978,23.220769230769232,-35.47011396011395,11.149401709401715,7.19851851851854,8.231111111111119,-17.122193732193686,28.300666666666665,93.61,85.67,79.12666666666668,207.5806666666667,12.030666666666667,80.27514285714285,28.831333333333337,-50.73533333333334,4.846518518518508,6.348740740740752,1.8359259259259488,-39.54007407407408,39.32926825332796,85.04818233158531,92.08326583299718,80.38131181928198,216.46071641791045,14.57257200484066,83.75238898173225,25.967373019074508,-37.17837990229035,-4.3416277172695175,11.742333467796158,5.362303617049889,-29.777674151763726
2022,32,36.42,40.77,63.51,97.95,140.7,18.02,87.30714285714285,22.882857142857144,-44.30222222222223,-27.632222222222218,-20.863333333333337,19.13000000000001,-92.79777777777778,34.50615384615384,38.50410256410257,93.28333333333333,83.60641025641026,166.29358974358976,14.74897435897436,84.09703296703297,22.725457875457874,-56.03903133903133,-35.47011396011395,11.149401709401715,7.19851851851854,-80.35974358974356,30.36733333333333,28.300666666666665,93.61,85.67,152.27800000000002,14.896666666666667,79.80152380952381,28.57647619047619,-70.40059259259259,-50.73533333333334,4.846518518518508,6.348740740740752,-116.28940740740742,38.6370568777733,39.32926825332796,85.04818233158531,92.08326583299718,163.01450746268654,19.03598870512303,83.87391690197659,25.54574989915288,-55.12950006723141,-37.17837990229035,-4.3416277172695175,11.742333467796158,-96.6495076867913
2022,33,65.21000000000001,36.42,40.77,63.51,142.40000000000003,22.21,87.84714285714287,22.674285714285713,2.5900000000000034,-44.30222222222223,-27.632222222222218,-20.863333333333337,-69.34444444444443,67.25820512820513,34.50615384615384,38.50410256410257,93.28333333333333,140.26846153846157,26.291794871794874,84.88853479853479,22.86084249084249,-9.53905982905981,-56.03903133903133,-35.47011396011395,11.149401709401715,-101.04820512820508,74.37466666666666,30.36733333333333,28.300666666666665,93.61,133.04266666666666,29.088,80.53495238095238,28.67904761904762,-9.350074074074072,-70.40059259259259,-50.73533333333334,4.846518518518508,-130.486,72.714043565954,38.6370568777733,39.32926825332796,85.04818233158531,150.68036869705523,26.315693424768053,84.22800679997697,25.558277877024146,-1.9355662229393715,-55.12950006723141,-37.17837990229035,-4.3416277172695175,-94.24344619246115
2022,34,47.65,65.21000000000001,36.42,40.77,149.28,18.7,92.22571428571428,22.095714285714283,-17.78666666666667,2.5900000000000034,-44.30222222222223,-27.632222222222218,-59.498888888888885,78.87948717948719,67.25820512820513,34.50615384615384,38.50410256410257,180.6438461538462,26.11974358974359,88.72307692307692,22.10794871794872,7.010085470085485,-9.53905982905981,-56.03903133903133,-35.47011396011395,-58.56800569800565,82.69066666666666,74.37466666666666,30.36733333333333,28.300666666666665,187.43266666666665,26.055333333333333,85.08219047619046,27.76609523809524,3.805333333333323,-9.350074074074072,-70.40059259259259,-50.73533333333334,-75.94533333333334,66.05542234772086,72.714043565954,38.6370568777733,39.32926825332796,177.40652279144814,23.800465510286404,88.5209564916729,24.856530052440494,-7.340697593115493,-1.9355662229393715,-55.12950006723141,-37.17837990229035,-64.40576388328628
2022,35,57.18,47.65,65.21000000000001,36.42,170.04000000000002,17.88,89.92428571428572,21.858571428571427,15.943333333333328,-17.78666666666667,2.5900000000000034,-44.30222222222223,0.7466666666666697,41.67153846153846,78.87948717948719,67.25820512820513,34.50615384615384,187.8092307692308,12.58076923076923,86.03252747252748,21.742051282051282,-9.366752136752126,7.010085470085485,-9.53905982905981,-56.03903133903133,-11.895726495726443,38.535999999999994,82.69066666666666,74.37466666666666,30.36733333333333,195.60133333333332,12.894,82.7417142857143,27.64390476190476,-16.76177777777778,3.805333333333323,-9.350074074074072,-70.40059259259259,-22.306518518518516,44.89222589753933,66.05542234772086,72.714043565954,38.6370568777733,183.66169181121415,14.330433239209356,86.0592314873509,24.714058779461762,-3.56957886244453,-7.340697593115493,-1.9355662229393715,-55.12950006723141,-12.845842678499409
2022,36,35.03,57.18,47.65,65.21000000000001,139.86,10.62,89.26571428571428,21.318571428571428,-5.463333333333331,15.943333333333328,-17.78666666666667,2.5900000000000034,-7.306666666666665,100.18538461538462,41.67153846153846,78.87948717948719,67.25820512820513,220.7364102564103,32.99641025641026,88.85809523809523,20.748058608058606,50.753646723646746,-9.366752136752126,7.010085470085485,-9.53905982905981,48.39698005698011,121.02066666666666,38.535999999999994,82.69066666666666,74.37466666666666,242.2473333333333,38.757333333333335,87.68990476190476,26.288857142857143,65.10807407407407,-16.76177777777778,3.805333333333323,-9.350074074074072,52.151629629629625,75.90529245663575,44.89222589753933,66.05542234772086,72.714043565954,186.85294070189593,26.66627672448568,88.4451721316199,23.69059978101769,29.60693604051813,-3.56957886244453,-7.340697593115493,-1.9355662229393715,18.69665958495809
2022,37,29.52,35.03,57.18,47.65,121.72999999999999,13.19,88.96428571428571,22.115714285714287,-1.3844444444444477,-5.463333333333331,15.943333333333328,-17.78666666666667,9.095555555555556,46.02333333333333,100.18538461538462,41.67153846153846,78.87948717948719,187.88025641025646,17.186666666666667,88.7159706959707,21.27919413919414,3.2035897435897525,50.753646723646746,-9.366752136752126,7.010085470085485,44.59048433048438,47.99333333333333,121.02066666666666,38.535999999999994,82.69066666666666,207.54999999999998,17.174,88.03961904761904,26.92809523809524,-3.5193333333333285,65.10807407407407,-16.76177777777778,3.805333333333323,44.82696296296297,40.592729326341264,75.90529245663575,44.89222589753933,66.05542234772086,161.39024768051632,16.48681161758774,88.25954958796747,24.435327378551257,0.9083545336381107,29.60693604051813,-3.56957886244453,-7.340697593115493,26.945711711711695
2022,38,12.03,29.52,35.03,57.18,76.58,6.54,86.36714285714287,21.354285714285712,-22.926666666666655,-1.3844444444444477,-5.463333333333331,15.943333333333328,-29.774444444444427,14.580512820512821,46.02333333333333,100.18538461538462,41.67153846153846,160.7892307692308,8.019487179487179,84.1007326007326,20.416300366300366,-35.6105128205128,3.2035897435897525,50.753646723646746,-9.366752136752126,18.346723646723703,17.252666666666666,47.99333333333333,121.02066666666666,38.535999999999994,186.26666666666665,10.080666666666668,83.61809523809525,26.27561904761905,-38.37814814814814,-3.5193333333333285,65.10807407407407,-16.76177777777778,23.21059259259261,13.349551432029045,40.592729326341264,75.90529245663575,44.89222589753933,129.84757321500604,7.857902379991931,85.09055068287904,23.632520601625078,-31.65416296893909,0.9083545336381107,29.60693604051813,-3.56957886244453,-1.1388723947828652
2022,39,80.31,12.03,29.52,35.03,121.86,23.73,88.27,20.678571428571427,53.92111111111112,-22.926666666666655,-1.3844444444444477,-5.463333333333331,29.61000000000002,162.51333333333335,14.580512820512821,46.02333333333333,100.18538461538462,223.11717948717953,56.51410256410257,88.50586080586082,19.489706959706957,124.47652421652424,-35.6105128205128,3.2035897435897525,50.753646723646746,92.06960113960119,171.406,17.252666666666666,47.99333333333333,121.02066666666666,236.65200000000002,58.309333333333335,87.60476190476192,25.48095238095238,129.36466666666666,-38.37814814814814,-3.5193333333333285,65.10807407407407,87.4671851851852,133.68253408632512,13.349551432029045,40.592729326341264,75.90529245663575,187.6248148446954,44.1381912061315,87.89462260127931,22.88776534316833,98.8314963919143,-31.65416296893909,0.9083545336381107,29.60693604051813,68.0856879566133
2022,40,7.89,80.31,12.03,29.52,100.23,3.4,80.31857142857143,19.232857142857146,-18.274444444444445,53.92111111111112,-22.926666666666655,-1.3844444444444477,12.720000000000024,21.385641025641025,162.51333333333335,14.580512820512821,46.02333333333333,198.47948717948722,13.246666666666666,83.49424908424909,17.8881684981685,-23.977236467236462,124.47652421652424,-35.6105128205128,3.2035897435897525,64.88877492877496,26.874666666666666,171.406,17.252666666666666,47.99333333333333,215.53333333333333,16.641333333333332,85.28409523809523,23.895904761904763,-20.826444444444444,129.36466666666666,-38.37814814814814,-3.5193333333333285,70.16007407407407,12.599482855990317,133.68253408632512,13.349551432029045,40.592729326341264,159.63156837434445,8.0200338846309,82.91952561516742,21.35268045871031,-23.690636367710994,98.8314963919143,-31.65416296893909,0.9083545336381107,43.48669705526419
2022,41,0.0,7.89,80.31,12.03,88.2,0.0,68.83,17.755714285714287,-10.584444444444445,-18.274444444444445,53.92111111111112,-22.926666666666655,25.062222222222232,0.1382051282051282,21.385641025641025,162.51333333333335,14.580512820512821,184.03717948717954,0.07230769230769231,74.5858608058608,16.547289377289378,-19.09051282051281,-23.977236467236462,124.47652421652424,-35.6105128205128,81.40877492877496,0.10466666666666667,26.874666666666666,171.406,17.252666666666666,198.38533333333334,0.066,76.52580952380953,23.187333333333335,-20.661185185185186,-20.826444444444444,129.36466666666666,-38.37814814814814,87.87703703703704,0.06956111335215812,12.599482855990317,133.68253408632512,13.349551432029045,146.35157805566757,0.04208390480032271,73.83340747997464,20.15877277704143,-13.756059342925015,-23.690636367710994,98.8314963919143,-31.65416296893909,61.384800681278264
2022,42,0.01,0.0,7.89,80.31,7.8999999999999995,0.01,80.0442857142857,17.1,-7.224444444444443,-10.584444444444445,-18.274444444444445,53.92111111111112,-36.08333333333333,0.1287179487179487,0.1382051282051282,21.385641025641025,162.51333333333335,21.65256410256413,0.0858974358974359,77.38413919413918,15.95992673992674,-14.272307692307685,-19.09051282051281,-23.977236467236462,124.47652421652424,-57.34005698005696,0.12333333333333334,0.10466666666666667,26.874666666666666,171.406,27.102666666666668,0.074,77.2347619047619,21.87752380952381,-14.858740740740744,-20.661185185185186,-20.826444444444444,129.36466666666666,-56.34637037037036,0.04128761597418314,0.06956111335215812,12.599482855990317,133.68253408632512,12.710331585316629,0.028877773295683744,79.41726502622025,19.268101308131158,-9.923880238447403,-13.756059342925015,-23.690636367710994,98.8314963919143,-47.37057594908344
2022,43,0.0,0.01,0.0,7.89,0.01,0.0,80.71000000000001,17.12,-0.09333333333333214,-7.224444444444443,-10.584444444444445,-18.274444444444445,-17.902222222222218,0.0007692307692307692,0.1287179487179487,0.1382051282051282,21.385641025641025,0.2676923076923361,0.0007692307692307692,78.8289010989011,15.94970695970696,-0.21544159544158598,-14.272307692307685,-19.09051282051281,-23.977236467236462,-33.578262108262074,0.0,0.12333333333333334,0.10466666666666667,26.874666666666666,0.228,0.0,80.31990476190477,21.839142857142857,-0.17962962962963439,-14.858740740740744,-20.661185185185186,-20.826444444444444,-35.699555555555555,0.0,0.04128761597418314,0.06956111335215812,12.599482855990317,0.11084872932631283,0.0,81.13518653835074,19.17715945369677,-0.12124906996548789,-9.923880238447403,-13.756059342925015,-23.690636367710994,-23.801188651337934
2022,44,0.0,0.0,0.01,0.0,0.01,0.0,79.20714285714287,15.498571428571427,-0.10111111111110993,-0.09333333333333214,-7.224444444444443,-10.584444444444445,-7.4188888888888815,0.08564102564102563,0.0007692307692307692,0.1287179487179487,0.1382051282051282,0.21512820512823352,0.06538461538461539,77.5610989010989,14.17007326007326,-0.08584045584044639,-0.21544159544158598,-14.272307692307685,-19.09051282051281,-14.573589743589716,0.06133333333333334,0.0,0.12333333333333334,0.10466666666666667,0.18466666666666667,0.05533333333333334,79.55561904761905,20.433904761904763,-0.1148888888888936,-0.17962962962963439,-14.858740740740744,-20.661185185185186,-15.153259259259258,0.0168955223880597,0.0,0.04128761597418314,0.06956111335215812,0.058183138362214414,0.01611617587736991,80.4206729672103,17.679631648706273,-0.09539070413697279,-0.12124906996548789,-9.923880238447403,-13.756059342925015,-10.140520012549892
2022,45,0.07,0.0,0.0,0.01,0.07,0.07,73.78857142857143,14.75,-0.026666666666665492,-0.10111111111110993,-0.09333333333333214,-7.224444444444443,-0.22111111111110401,0.5138461538461538,0.08564102564102563,0.0007692307692307692,0.1287179487179487,0.6002564102564387,0.45974358974358975,74.24018315018316,13.212967032967034,0.3339601139601235,-0.08584045584044639,-0.21544159544158598,-14.272307692307685,0.032678062678091147,0.6346666666666666,0.06133333333333334,0.0,0.12333333333333334,0.696,0.5773333333333334,75.60542857142858,18.77466666666667,0.43481481481481,-0.1148888888888936,-0.17962962962963439,-14.858740740740744,0.1402962962962962,0.07063574021782978,0.0168955223880597,0.0,0.04128761597418314,0.08753126260586105,0.06604114562323518,76.14391943756122,16.424346222555176,-0.03978826587781811,-0.09539070413697279,-0.12124906996548789,-9.923880238447403,-0.2564280399803072
2022,46,0.0,0.07,0.0,0.0,0.07,0.0,70.99285714285715,15.03,-0.13555555555555437,-0.026666666666665492,-0.10111111111110993,-0.09333333333333214,-0.26333333333332626,0.0,0.5138461538461538,0.08564102564102563,0.0007692307692307692,0.599487179487208,0.0,68.05681318681319,13.54098901098901,-0.8016239316239221,0.3339601139601235,-0.08584045584044639,-0.21544159544158598,-0.553504273504245,0.0,0.6346666666666666,0.06133333333333334,0.0,0.696,0.0,74.91495238095239,18.267999999999997,-0.25940740740741214,0.43481481481481,-0.1148888888888936,-0.17962962962963439,0.06051851851851847,0.0,0.07063574021782978,0.0168955223880597,0.0,0.08753126260586105,0.0,73.80241572062468,16.29390134270731,-0.18866648738290526,-0.03978826587781811,-0.09539070413697279,-0.12124906996548789,-0.3238454573977246
2022,47,0.0,0.0,0.07,0.0,0.07,0.0,68.16142857142857,14.34,-0.48555555555555435,-0.13555555555555437,-0.026666666666665492,-0.10111111111110993,-0.6477777777777707,0.0,0.0,0.5138461538461538,0.08564102564102563,0.5138461538461823,0.0,67.62739926739927,12.92974358974359,-1.2066096866096772,-0.8016239316239221,0.3339601139601235,-0.08584045584044639,-1.6742735042734755,0.0,0.0,0.6346666666666666,0.06133333333333334,0.6346666666666666,0.0,73.12552380952381,17.928952380952378,-0.6122222222222269,-0.25940740740741214,0.43481481481481,-0.1148888888888936,-0.4368148148148148,0.0,0.0,0.07063574021782978,0.0168955223880597,0.07063574021780136,0.0,71.77896075606523,15.777841064945541,-0.5195050871767289,-0.18866648738290526,-0.03978826587781811,-0.09539070413697279,-0.7479598404374808
2022,48,0.0,0.0,0.0,0.07,0.0,0.0,67.00571428571429,13.541428571428572,-0.48666666666666547,-0.48555555555555435,-0.13555555555555437,-0.026666666666665492,-1.1077777777777706,0.0,0.0,0.0,0.5138461538461538,0.0,0.0,63.41659340659341,11.940183150183149,-1.314529914529905,-1.2066096866096772,-0.8016239316239221,0.3339601139601235,-3.322763532763504,0.0,0.0,0.0,0.6346666666666666,0.0,0.0,73.36790476190477,16.81295238095238,-0.6730370370370418,-0.6122222222222269,-0.25940740740741214,0.43481481481481,-1.5446666666666666,0.0,0.0,0.0,0.07063574021782978,0.0,0.0,70.77071918400277,14.836735089033594,-0.5727359598404375,-0.5195050871767289,-0.18866648738290526,-0.03978826587781811,-1.2809075344001002
2022,49,0.0,0.0,0.0,0.0,0.0,0.0,68.47,13.007142857142856,-0.4366666666666655,-0.48666666666666547,-0.48555555555555435,-0.13555555555555437,-1.4088888888888818,0.9117948717948718,0.0,0.0,0.0,0.9117948717949003,0.8571794871794872,62.34571428571428,11.517216117216117,0.2719658119658215,-1.314529914529905,-1.2066096866096772,-0.8016239316239221,-2.2491737891737604,0.8126666666666666,0.0,0.0,0.0,0.8126666666666666,0.7233333333333333,70.58638095238096,15.98695238095238,0.2744444444444397,-0.6730370370370418,-0.6122222222222269,-0.25940740740741214,-1.0108148148148146,0.47773295683743444,0.0,0.0,0.0,0.477732956837406,0.4578233158531666,69.8533987206823,14.176388059701491,0.041906682802205164,-0.5727359598404375,-0.5195050871767289,-0.18866648738290526,-1.0503343642149898
2022,50,0.01,0.0,0.0,0.0,0.01,0.01,66.25285714285714,12.584285714285716,-3.0988888888888884,-0.4366666666666655,-0.48666666666666547,-0.48555555555555435,-4.022222222222216,0.013076923076923078,0.9117948717948718,0.0,0.0,0.9248717948718234,0.011538461538461539,63.303663003663004,10.637399267399267,-2.410512820512811,0.2719658119658215,-1.314529914529905,-1.2066096866096772,-3.4530769230768943,0.027333333333333334,0.8126666666666666,0.0,0.0,0.84,0.02333333333333333,67.42209523809524,16.231238095238094,-2.1931851851851905,0.2744444444444397,-0.6730370370370418,-0.6122222222222269,-2.591777777777778,0.023707139975796692,0.47773295683743444,0.0,0.0,0.5014400968132027,0.022916498588140377,66.83752573042125,14.084316487062758,-2.878237730267581,0.041906682802205164,-0.5727359598404375,-0.5195050871767289,-3.4090670073058416
2022,51,0.0,0.01,0.0,0.0,0.01,0.0,66.7957142857143,9.971428571428572,-3.1433333333333326,-3.0988888888888884,-0.4366666666666655,-0.48666666666666547,-6.678888888888883,0.06666666666666667,0.013076923076923078,0.9117948717948718,0.0,0.99153846153849,0.05307692307692307,69.25164835164836,8.813369963369963,-3.0271509971509873,-2.410512820512811,0.2719658119658215,-1.314529914529905,-5.165698005697976,0.04666666666666667,0.027333333333333334,0.8126666666666666,0.0,0.8866666666666666,0.029333333333333333,67.09095238095237,14.311904761904763,-2.940296296296301,-2.1931851851851905,0.2744444444444397,-0.6730370370370418,-4.859037037037037,0.003081081081081081,0.023707139975796692,0.47773295683743444,0.0,0.5045211778942837,0.0022178297700685763,67.42258018786377,11.839257419466374,-3.3462339653085915,-2.878237730267581,0.041906682802205164,-0.5727359598404375,-6.1825650127739955
2022,52,0.0,0.0,0.01,0.0,0.01,0.0,46.527142857142856,10.80714285714286,-3.28111111111111,-3.1433333333333326,-3.0988888888888884,-0.4366666666666655,-9.523333333333328,0.0,0.06666666666666667,0.013076923076923078,0.9117948717948718,0.07974358974361817,0.0,57.00054945054946,8.425128205128205,-3.4876638176638077,-3.0271509971509873,-2.410512820512811,0.2719658119658215,-8.925327635327605,0.0,0.04666666666666667,0.027333333333333334,0.8126666666666666,0.07400000000000001,0.0,63.49171428571428,13.34952380952381,-3.511703703703709,-2.940296296296301,-2.1931851851851905,0.2744444444444397,-8.645185185185186,0.0,0.003081081081081081,0.023707139975796692,0.47773295683743444,0.026788221056849353,0.0,56.315588428513806,11.674516798248144,-3.698355878266326,-3.3462339653085915,-2.878237730267581,0.041906682802205164,-9.922827573842527
2023,1,0.0,0.0,0.0,0.01,0.0,0.0,53.79714285714285,11.577142857142857,-0.44333333333333336,-3.28111111111111,-3.1433333333333326,-3.0988888888888884,-6.867777777777773,0.08153846153846155,0.0,0.06666666666666667,0.013076923076923078,0.14820512820515663,0.04948717948717949,59.72435897435897,9.614102564102565,-1.7577207977207978,-3.4876638176638077,-3.0271509971509873,-2.410512820512811,-8.272535612535593,0.12133333333333333,0.0,0.04666666666666667,0.027333333333333334,0.16799999999999998,0.07933333333333334,60.37247619047619,14.917142857142858,-1.9826666666666664,-3.511703703703709,-2.940296296296301,-2.1931851851851905,-8.434666666666661,0.05358370310609117,0.0,0.003081081081081081,0.023707139975796692,0.056664784187143824,0.039435256151674064,58.21591782400738,12.95347571025183,-1.2344802115548386,-3.698355878266326,-3.3462339653085915,-2.878237730267581,-8.279070055129786
2023,2,0.0,0.0,0.0,0.0,0.0,0.0,56.25714285714286,10.778571428571428,-0.48444444444444446,-0.44333333333333336,-3.28111111111111,-3.1433333333333326,-4.208888888888884,0.15871794871794873,0.08153846153846155,0.0,0.06666666666666667,0.24025641025643868,0.12076923076923077,58.380549450549445,8.573003663003663,-2.2496866096866097,-1.7577207977207978,-3.4876638176638077,-3.0271509971509873,-7.495071225071214,0.21933333333333332,0.12133333333333333,0.0,0.04666666666666667,0.3406666666666667,0.18333333333333332,56.00923809523809,14.261428571428572,-2.0325185185185184,-1.9826666666666664,-3.511703703703709,-2.940296296296301,-7.526888888888879,0.1881823315853167,0.05358370310609117,0.0,0.003081081081081081,0.24176603469137944,0.16598305768455024,56.41145992047484,12.29519529764306,-1.2437537537537537,-1.2344802115548386,-3.698355878266326,-3.3462339653085915,-6.176589843574947
2023,3,0.0,0.0,0.0,0.0,0.0,0.0,48.50857142857143,14.54,-4.527777777777778,-0.48444444444444446,-0.44333333333333336,-3.28111111111111,-5.455555555555552,8.744102564102564,0.15871794871794873,0.08153846153846155,0.0,8.984358974359003,4.503076923076923,56.732234432234435,11.821868131868131,2.6885754985754984,-2.2496866096866097,-1.7577207977207978,-3.4876638176638077,-1.3188319088319087,5.924666666666667,0.21933333333333332,0.12133333333333333,0.0,6.265333333333333,3.186,58.46666666666667,18.30590476190476,0.20955555555555616,-2.0325185185185184,-1.9826666666666664,-3.511703703703709,-3.805629629629615,3.6658297700685765,0.1881823315853167,0.05358370310609117,0.0,3.9075958047599557,1.8328584106494554,53.849849593730184,16.18299671526537,-1.5859840437452366,-1.2437537537537537,-1.2344802115548386,-3.698355878266326,-4.0642180090538575
2023,4,0.0,0.0,0.0,0.0,0.0,0.0,47.04714285714285,13.947142857142856,-4.311111111111111,-4.527777777777778,-0.48444444444444446,-0.44333333333333336,-9.323333333333329,0.18666666666666668,8.744102564102564,0.15871794871794873,0.08153846153846155,9.08948717948721,0.17333333333333334,50.92721611721612,11.704175824175824,-6.037749287749286,2.6885754985754984,-2.2496866096866097,-1.7577207977207978,-5.598860398860397,0.178,5.924666666666667,0.21933333333333332,0.12133333333333333,6.322,0.17266666666666666,53.75561904761904,17.314285714285713,-6.185851851851852,0.20955555555555616,-2.0325185185185184,-1.9826666666666664,-8.0088148148148,0.044852763210972174,3.6658297700685765,0.1881823315853167,0.05358370310609117,3.8988648648648367,0.03678983461073014,50.88694127816515,15.27877058721835,-5.812529335305455,-1.5859840437452366,-1.2437537537537537,-1.2344802115548386,-8.642267132804474
2023,5,0.0,0.0,0.0,0.0,0.0,0.0,53.34571428571429,13.387142857142855,-4.62,-4.311111111111111,-4.527777777777778,-0.48444444444444446,-13.458888888888886,0.19153846153846155,0.18666666666666668,8.744102564102564,0.15871794871794873,9.12230769230772,0.10743589743589742,56.239340659340655,11.791282051282051,-5.1473789173789175,-6.037749287749286,2.6885754985754984,-2.2496866096866097,-8.496552706552706,0.07933333333333333,0.178,5.924666666666667,0.21933333333333332,6.182,0.05466666666666667,47.51133333333333,18.68647619047619,-5.5414814814814815,-6.185851851851852,0.20955555555555616,-2.0325185185185184,-11.517777777777763,0.007345703912868091,0.044852763210972174,3.6658297700685765,0.1881823315853167,3.7180282371923883,0.004399354578459056,50.61146614418256,15.835783438022244,-5.573113979651293,-5.812529335305455,-1.5859840437452366,-1.2437537537537537,-12.971627358702014
2023,6,0.0,0.0,0.0,0.0,0.0,0.0,41.94142857142857,14.194285714285714,-0.6733333333333333,-4.62,-4.311111111111111,-4.527777777777778,-9.60444444444444,0.02897435897435897,0.19153846153846155,0.18666666666666668,8.744102564102564,0.40717948717951563,0.02666666666666667,44.92611721611721,13.646117216117217,-2.145014245014244,-5.1473789173789175,-6.037749287749286,2.6885754985754984,-13.33014245014245,0.012,0.07933333333333333,0.178,5.924666666666667,0.2693333333333333,0.011333333333333334,42.145714285714284,19.191904761904762,-2.0861481481481485,-5.5414814814814815,-6.185851851851852,0.20955555555555616,-13.813481481481467,0.001199677289229528,0.007345703912868091,0.044852763210972174,3.6658297700685765,0.053398144413041373,0.001137555465913675,41.867371059759115,16.48660231660232,-1.7799782170229934,-5.573113979651293,-5.812529335305455,-1.5859840437452366,-13.16562153197977
2023,7,1.68,0.0,0.0,0.0,1.68,1.52,43.17857142857143,16.164285714285715,0.6622222222222223,-0.6733333333333333,-4.62,-4.311111111111111,-4.631111111111107,3.6915384615384617,0.02897435897435897,0.19153846153846155,0.18666666666666668,3.9120512820513107,2.9612820512820512,47.01135531135531,14.729816849816851,1.983219373219374,-2.145014245014244,-5.1473789173789175,-6.037749287749286,-5.309173789173788,1.7613333333333334,0.012,0.07933333333333333,0.178,1.8526666666666667,1.4466666666666668,38.75590476190476,21.923333333333336,0.8531851851851853,-2.0861481481481485,-5.5414814814814815,-6.185851851851852,-6.7744444444444305,1.9756659943525612,0.001199677289229528,0.007345703912868091,0.044852763210972174,1.9842113755546305,1.8189060104881,40.75862571313317,18.825445744251716,0.933242077898794,-1.7799782170229934,-5.573113979651293,-5.812529335305455,-6.419850118775521
2023,8,1.44,1.68,0.0,0.0,3.12,1.29,42.48714285714285,16.94,0.41666666666666674,0.6622222222222223,-0.6733333333333333,-4.62,0.4055555555555601,1.3361538461538462,3.6915384615384617,0.02897435897435897,0.19153846153846155,5.056666666666695,0.8969230769230768,48.424945054945056,15.433333333333334,-0.9596581196581184,1.983219373219374,-2.145014245014244,-5.1473789173789175,-1.1214529914529887,0.7506666666666667,1.7613333333333334,0.012,0.07933333333333333,2.524,0.5126666666666667,39.003142857142855,23.039809523809524,-0.5297777777777776,0.8531851851851853,-2.0861481481481485,-5.5414814814814815,-1.7627407407407265,1.1658797902379991,1.9756659943525612,0.001199677289229528,0.007345703912868091,3.1427454618797617,0.9163170633319887,40.75407053535412,19.813289921051116,-0.02730375151270681,0.933242077898794,-1.7799782170229934,-5.573113979651293,-0.8740398906369355
2023,9,0.7300000000000001,1.44,1.68,0.0,3.85,0.55,40.82571428571429,17.71,-1.7544444444444443,0.41666666666666674,0.6622222222222223,-0.6733333333333333,-0.6755555555555508,0.7571794871794872,1.3361538461538462,3.6915384615384617,0.02897435897435897,5.784871794871824,0.4430769230769231,46.99641025641025,16.27835164835165,-2.051766381766381,-0.9596581196581184,1.983219373219374,-2.145014245014244,-1.0282051282051254,0.38066666666666665,0.7506666666666667,1.7613333333333334,0.012,2.892666666666667,0.292,36.74838095238095,23.867809523809523,-1.7066666666666663,-0.5297777777777776,0.8531851851851853,-2.0861481481481485,-1.3832592592592445,0.5197256958450988,1.1658797902379991,1.9756659943525612,0.001199677289229528,3.661271480435631,0.404932634126664,39.73433665648591,20.50669624848729,-1.795312088207611,-0.02730375151270681,0.933242077898794,-1.7799782170229934,-0.8893737618215531
2023,10,12.92,0.7300000000000001,1.44,1.68,15.09,6.53,54.76857142857143,17.305714285714284,7.638888888888888,-1.7544444444444443,0.41666666666666674,0.6622222222222223,6.3011111111111155,11.331794871794871,0.7571794871794872,1.3361538461538462,3.6915384615384617,13.425128205128233,4.737948717948718,57.14128205128205,16.18080586080586,5.045299145299145,-2.051766381766381,-0.9596581196581184,1.983219373219374,2.033874643874646,10.883999999999999,0.38066666666666665,0.7506666666666667,1.7613333333333334,12.015333333333333,5.0520000000000005,44.93390476190476,24.249714285714287,5.898518518518517,-1.7066666666666663,-0.5297777777777776,0.8531851851851853,3.6620740740740874,11.644202501008474,0.5197256958450988,1.1658797902379991,1.9756659943525612,13.329807987091543,5.754532472771279,50.33777629228375,20.537499798305763,6.510297790327643,-1.795312088207611,-0.02730375151270681,0.933242077898794,4.6876819506072955
2023,11,21.61,12.92,0.7300000000000001,1.44,35.26,11.44,62.722857142857144,16.357142857142858,13.417777777777777,7.638888888888888,-1.7544444444444443,0.41666666666666674,19.302222222222227,28.103076923076923,11.331794871794871,0.7571794871794872,1.3361538461538462,40.19205128205131,11.755897435897436,65.52377289377289,15.05,19.302421652421653,5.045299145299145,-2.051766381766381,-0.9596581196581184,22.29595441595442,23.742,10.883999999999999,0.38066666666666665,0.7506666666666667,35.00666666666667,11.973999999999998,55.44485714285714,22.87752380952381,16.099777777777778,5.898518518518517,-1.7066666666666663,-0.5297777777777776,20.291629629629643,23.484927793465104,11.644202501008474,0.5197256958450988,1.1658797902379991,35.64885599031865,11.286136345300525,59.62926836858181,19.391011813519274,15.898534265608887,6.510297790327643,-1.795312088207611,-0.02730375151270681,20.61351996772889
2023,12,12.73,21.61,12.92,0.7300000000000001,47.260000000000005,7.9,44.151428571428575,17.888571428571428,4.796666666666668,13.417777777777777,7.638888888888888,-1.7544444444444443,25.85333333333334,21.19025641025641,28.103076923076923,11.331794871794871,0.7571794871794872,60.625128205128235,12.115384615384615,54.09673992673992,16.207289377289378,11.93823361823362,19.302421652421653,5.045299145299145,-2.051766381766381,36.285954415954414,21.944000000000003,23.742,10.883999999999999,0.38066666666666665,56.57000000000001,13.868666666666666,43.84466666666666,24.406380952380953,14.316148148148152,16.099777777777778,5.898518518518517,-1.7066666666666663,36.31444444444446,15.802880193626462,23.484927793465104,11.644202501008474,0.5197256958450988,50.93201048810001,9.67102218636547,44.47954405578287,20.91479306171843,8.600030926448836,15.898534265608887,6.510297790327643,-1.795312088207611,31.008862982385338
2023,13,3.21,12.73,21.61,12.92,37.55,1.51,38.73571428571428,20.342857142857145,-3.427777777777778,4.796666666666668,13.417777777777777,7.638888888888888,14.78666666666667,2.70051282051282,21.19025641025641,28.103076923076923,11.331794871794871,51.993846153846185,1.383076923076923,44.53197802197802,18.301025641025642,-4.687635327635328,11.93823361823362,19.302421652421653,5.045299145299145,26.55301994301994,1.4966666666666666,21.944000000000003,23.742,10.883999999999999,47.18266666666667,0.756,34.32609523809524,26.402380952380952,-4.461185185185185,14.316148148148152,16.099777777777778,5.898518518518517,25.95474074074076,2.091117386042759,15.802880193626462,23.484927793465104,11.644202501008474,41.3789253731343,1.0492343686970553,36.764915922318906,23.122889990203422,-3.6120675899780386,8.600030926448836,15.898534265608887,6.510297790327643,20.886497602079658
2023,14,0.0,3.21,12.73,21.61,15.940000000000001,0.0,29.9,23.231428571428573,-7.297777777777777,-3.427777777777778,4.796666666666668,13.417777777777777,-5.928888888888884,0.14384615384615382,2.70051282051282,21.19025641025641,28.103076923076923,24.034615384615414,0.0887179487179487,37.1429304029304,21.452564102564104,-7.794786324786325,-4.687635327635328,11.93823361823362,19.302421652421653,-0.5441880341880339,0.05733333333333333,1.4966666666666666,21.944000000000003,23.742,23.497999999999998,0.04533333333333333,27.116,29.401238095238096,-6.614814814814816,-4.461185185185185,14.316148148148152,16.099777777777778,3.2401481481481653,0.004780960064542155,2.091117386042759,15.802880193626462,23.484927793465104,17.898778539733737,0.003352964905203711,28.652900247795767,26.16282371924163,-6.645731522567345,-3.6120675899780386,8.600030926448836,15.898534265608887,-1.6577681860965754
2023,15,7.75,0.0,3.21,12.73,10.96,3.28,35.31428571428571,23.99857142857143,-3.17888888888889,-7.297777777777777,-3.427777777777778,4.796666666666668,-13.904444444444442,7.455384615384615,0.14384615384615382,2.70051282051282,21.19025641025641,10.299743589743617,4.217435897435897,40.77117216117217,22.247728937728937,-3.0564672364672365,-7.794786324786325,-4.687635327635328,11.93823361823362,-15.53888888888889,7.195333333333334,0.05733333333333333,1.4966666666666666,21.944000000000003,8.74933333333333,4.059333333333333,29.526380952380954,31.027904761904765,-2.007777777777777,-6.614814814814816,-4.461185185185185,14.316148148148152,-13.083777777777764,5.243235175473982,0.004780960064542155,2.091117386042759,15.802880193626462,7.339133521581255,2.729789431222267,32.15813680631591,27.37561966230623,-4.711050423557886,-6.645731522567345,-3.6120675899780386,8.600030926448836,-14.968849536103297
2023,16,20.62,7.75,0.0,3.21,28.37,7.79,49.93285714285714,20.43285714285714,1.0800000000000018,-3.17888888888889,-7.297777777777777,-3.427777777777778,-9.396666666666661,20.667435897435897,7.455384615384615,0.14384615384615382,2.70051282051282,28.266666666666694,9.349487179487179,54.82446886446887,19.290952380952383,1.3539316239316221,-3.0564672364672365,-7.794786324786325,-4.687635327635328,-9.497321937321939,17.738,7.195333333333334,0.05733333333333333,1.4966666666666666,24.990666666666662,9.284666666666665,42.141333333333336,27.916761904761906,-1.9548148148148172,-2.007777777777777,-6.614814814814816,-4.461185185185185,-10.577407407407396,19.24098426784994,5.243235175473982,0.004780960064542155,2.091117386042759,24.489000403388435,8.056912464703508,45.77379876678384,24.030661672333313,0.1632211913405932,-4.711050423557886,-6.645731522567345,-3.6120675899780386,-11.193560754784666
2023,17,12.32,20.62,7.75,0.0,40.69,11.28,56.75285714285714,20.284285714285716,-9.58111111111111,1.0800000000000018,-3.17888888888889,-7.297777777777777,-11.679999999999994,11.436666666666667,20.667435897435897,7.455384615384615,0.14384615384615382,39.559487179487206,6.087948717948718,59.51516483516483,19.343919413919412,-10.692051282051281,1.3539316239316221,-3.0564672364672365,-7.794786324786325,-12.394586894586896,9.080000000000002,17.738,7.195333333333334,0.05733333333333333,34.013333333333335,5.100666666666666,47.76704761904762,27.522666666666666,-14.333407407407407,-1.9548148148148172,-2.007777777777777,-6.614814814814816,-18.295999999999985,10.363338442920533,19.24098426784994,5.243235175473982,0.004780960064542155,34.847557886244424,7.742455022186366,52.57534604967441,23.634344263239786,-11.405770696069201,0.1632211913405932,-4.711050423557886,-6.645731522567345,-15.953599928286522
2023,18,3.28,12.32,20.62,7.75,36.22,3.17,34.46714285714286,23.75428571428571,-23.14,-9.58111111111111,1.0800000000000018,-3.17888888888889,-31.641111111111105,3.431282051282051,11.436666666666667,20.667435897435897,7.455384615384615,35.53538461538464,2.594102564102564,36.838644688644685,22.511391941391942,-25.40019943019943,-10.692051282051281,1.3539316239316221,-3.0564672364672365,-34.73831908831909,2.7326666666666664,9.080000000000002,17.738,7.195333333333334,29.55066666666666,2.265333333333333,26.47904761904762,31.157238095238096,-29.63688888888889,-14.333407407407407,-1.9548148148148172,-2.007777777777777,-45.9251111111111,2.9276546994755948,10.363338442920533,19.24098426784994,5.243235175473982,32.531977410246036,2.815549818475191,30.236221978908546,27.267695614591137,-25.38693702657882,-11.405770696069201,0.1632211913405932,-4.711050423557886,-36.62948653130746
2023,19,32.75,3.28,12.32,20.62,48.349999999999994,13.32,52.221428571428575,22.971428571428568,-3.8744444444444426,-23.14,-9.58111111111111,1.0800000000000018,-36.59555555555555,25.25076923076923,3.431282051282051,11.436666666666667,20.667435897435897,40.11871794871797,8.742820512820513,51.276776556776554,22.738717948717948,-11.982079772079771,-25.40019943019943,-10.692051282051281,1.3539316239316221,-48.07433048433048,22.374666666666666,2.7326666666666664,9.080000000000002,17.738,34.18733333333333,7.688666666666666,39.54914285714286,31.141523809523807,-20.594592592592587,-29.63688888888889,-14.333407407407407,-1.9548148148148172,-64.56488888888887,25.080801936264624,2.9276546994755948,10.363338442920533,19.24098426784994,38.371795078660725,9.861858814037921,44.70837826312454,27.059345358151326,-14.183244050020175,-25.38693702657882,-11.405770696069201,0.1632211913405932,-50.975951772668225
2023,20,29.02,32.75,3.28,12.32,65.05,11.68,58.114285714285714,22.805714285714288,-4.843333333333337,-3.8744444444444426,-23.14,-9.58111111111111,-31.857777777777777,41.23871794871795,25.25076923076923,3.431282051282051,11.436666666666667,69.92076923076925,15.718974358974359,60.10684981684981,22.032930402930404,5.942250712250711,-11.982079772079771,-25.40019943019943,-10.692051282051281,-31.44002849002849,46.12133333333333,22.374666666666666,2.7326666666666664,9.080000000000002,71.22866666666665,16.36,49.45085714285714,30.060761904761907,5.860814814814809,-20.594592592592587,-29.63688888888889,-14.333407407407407,-44.37066666666665,34.0428164582493,25.080801936264624,2.9276546994755948,10.363338442920533,62.051273093989494,12.59421379588544,52.73071100097966,26.37867734685645,-2.584626058894713,-14.183244050020175,-25.38693702657882,-11.405770696069201,-42.15480713549374
2023,21,0.14,29.02,32.75,3.28,61.90999999999999,0.08,41.705714285714286,25.868571428571425,-37.36000000000001,-4.843333333333337,-3.8744444444444426,-23.14,-46.07777777777778,1.2376923076923076,41.23871794871795,25.25076923076923,3.431282051282051,67.72717948717951,0.6525641025641026,47.642967032967036,24.314175824175823,-36.982535612535614,5.942250712250711,-11.982079772079771,-25.40019943019943,-43.022364672364674,0.7073333333333333,46.12133333333333,22.374666666666666,2.7326666666666664,69.20333333333333,0.3973333333333333,37.09733333333334,32.481809523809524,-41.704962962962966,5.860814814814809,-20.594592592592587,-29.63688888888889,-56.43874074074073,0.5552682533279547,34.0428164582493,25.080801936264624,2.9276546994755948,59.67888664784184,0.31337152077450586,39.09818890105457,29.035634875813976,-38.1088057908655,-2.584626058894713,-14.183244050020175,-25.38693702657882,-54.87667589978042
2023,22,5.26,0.14,29.02,32.75,34.419999999999995,3.82,41.65428571428571,27.22571428571429,-37.49666666666667,-37.36000000000001,-4.843333333333337,-3.8744444444444426,-79.70000000000002,6.6269230769230765,1.2376923076923076,41.23871794871795,25.25076923076923,49.10333333333336,4.277179487179487,47.24263736263736,25.824468864468866,-40.08965811965811,-36.982535612535614,5.942250712250711,-11.982079772079771,-71.12994301994301,5.398,0.7073333333333333,46.12133333333333,22.374666666666666,52.22666666666667,3.814,35.85838095238095,34.29876190476191,-43.525555555555556,-41.704962962962966,5.860814814814809,-20.594592592592587,-79.36970370370369,3.4958547801532873,0.5552682533279547,34.0428164582493,25.080801936264624,38.0939394917305,2.470740621218233,36.686627672448566,30.818286982078032,-40.365532159024696,-38.1088057908655,-2.584626058894713,-14.183244050020175,-81.05896400878494
2023,23,86.36,5.26,0.14,29.02,91.75999999999999,23.53,61.392857142857146,26.237142857142857,33.731111111111105,-37.49666666666667,-37.36000000000001,-4.843333333333337,-41.12555555555557,53.285384615384615,6.6269230769230765,1.2376923076923076,41.23871794871795,61.15000000000003,13.875641025641025,58.73586080586081,26.194578754578753,-3.558433048433038,-40.08965811965811,-36.982535612535614,5.942250712250711,-80.63062678062676,44.084666666666664,5.398,0.7073333333333333,46.12133333333333,50.18999999999999,12.280000000000001,45.05114285714286,34.61371428571429,-15.435703703703716,-43.525555555555556,-41.704962962962966,5.860814814814809,-100.66622222222222,58.037035094796295,3.4958547801532873,0.5552682533279547,34.0428164582493,62.088158128277506,15.868067769261799,51.166833054803206,30.63404437273094,3.006278606965175,-40.365532159024696,-38.1088057908655,-2.584626058894713,-75.46805934292505
2023,24,10.59,86.36,5.26,0.14,102.21,6.06,66.32857142857142,25.552857142857142,-55.21666666666667,33.731111111111105,-37.49666666666667,-37.36000000000001,-58.98222222222223,26.582564102564103,53.285384615384615,6.6269230769230765,1.2376923076923076,86.49487179487183,11.73025641025641,67.01428571428572,25.51820512820513,-49.34800569800568,-3.558433048433038,-40.08965811965811,-36.982535612535614,-92.99609686609682,28.647333333333332,44.084666666666664,5.398,0.7073333333333333,78.13,10.975333333333333,55.95628571428571,32.906666666666666,-55.843481481481476,-15.435703703703716,-43.525555555555556,-41.704962962962966,-114.80474074074073,17.579674868898753,58.037035094796295,3.4958547801532873,0.5552682533279547,79.11256474384831,8.566870512303348,58.53195689506137,29.543752204229815,-56.94974362422124,3.006278606965175,-40.365532159024696,-38.1088057908655,-94.3089971762808
2023,25,51.29,10.59,86.36,5.26,148.23999999999998,17.57,79.87571428571428,23.84,-8.958888888888893,-55.21666666666667,33.731111111111105,-37.49666666666667,-30.44444444444445,105.37897435897435,26.582564102564103,53.285384615384615,6.6269230769230765,185.2469230769231,35.23897435897436,80.17161172161173,23.338827838827836,39.526980056980065,-49.34800569800568,-3.558433048433038,-40.08965811965811,-13.379458689458652,128.97666666666666,28.647333333333332,44.084666666666664,5.398,201.70866666666666,46.165333333333336,74.37342857142858,29.533619047619045,54.54103703703703,-55.843481481481476,-15.435703703703716,-43.525555555555556,-16.73814814814815,85.25286244453407,17.579674868898753,58.037035094796295,3.4958547801532873,160.8695724082291,30.37214037918515,76.0083539445629,26.761872990261054,18.880108466675622,-56.94974362422124,3.006278606965175,-40.365532159024696,-35.06335655058047
2023,26,62.400000000000006,51.29,10.59,86.36,124.27999999999999,34.34,86.80714285714285,23.391428571428573,-3.3999999999999915,-8.958888888888893,-55.21666666666667,33.731111111111105,-67.57555555555554,63.379230769230766,105.37897435897435,26.582564102564103,53.285384615384615,195.34076923076927,23.105384615384615,84.70384615384614,23.149597069597068,-7.308774928774916,39.526980056980065,-49.34800569800568,-3.558433048433038,-17.12980056980053,79.78933333333333,128.97666666666666,28.647333333333332,44.084666666666664,237.41333333333333,31.888666666666666,80.52942857142857,29.038857142857143,-1.754074074074083,54.54103703703703,-55.843481481481476,-15.435703703703716,-3.0565185185185157,64.70129487696653,85.25286244453407,17.579674868898753,58.037035094796295,167.53383219039932,30.504003227107706,82.80963637411398,26.2356764824526,-6.0640172112410795,18.880108466675622,-56.94974362422124,3.006278606965175,-44.13365236878673
2023,27,87.84,62.400000000000006,51.29,10.59,201.52999999999997,25.14,88.72571428571429,23.557142857142857,23.26444444444445,-3.3999999999999915,-8.958888888888893,-55.21666666666667,10.905555555555573,89.49102564102564,63.379230769230766,105.37897435897435,26.582564102564103,258.2492307692308,29.94589743589744,86.4462271062271,23.321245421245422,25.334444444444472,-7.308774928774916,39.526980056980065,-49.34800569800568,57.55264957264962,100.71266666666666,79.78933333333333,128.97666666666666,28.647333333333332,309.47866666666664,32.77466666666667,82.99847619047618,29.05371428571429,32.68703703703703,-1.754074074074083,54.54103703703703,-55.843481481481476,85.47399999999999,87.98506655909641,64.70129487696653,85.25286244453407,17.579674868898753,237.939223880597,28.029270673658733,84.9739393764767,26.333918630784307,23.485648693469585,-6.0640172112410795,18.880108466675622,-56.94974362422124,36.3017399489041
2023,28,63.95,87.84,62.400000000000006,51.29,214.19,18.55,83.43285714285715,23.83857142857143,-10.407777777777767,23.26444444444445,-3.3999999999999915,-8.958888888888893,9.456666666666699,51.54051282051282,89.49102564102564,63.379230769230766,105.37897435897435,204.41076923076926,15.836666666666666,83.69124542124541,23.333699633699634,-21.714273504273493,25.334444444444472,-7.308774928774916,39.526980056980065,-3.688603988603937,38.74066666666667,100.71266666666666,79.78933333333333,128.97666666666666,219.24266666666665,12.613333333333333,80.58876190476191,29.102095238095234,-38.55007407407406,32.68703703703703,-1.754074074074083,54.54103703703703,-7.6171111111111,52.522223477208556,87.98506655909641,64.70129487696653,85.25286244453407,205.20858491327147,15.806012101653891,81.22574252290671,26.49292329856509,-22.49678472502353,23.485648693469585,-6.0640172112410795,18.880108466675622,-5.075153242795054
2023,29,97.4,63.95,87.84,62.400000000000006,249.19,32.43,88.54714285714286,22.795714285714286,18.580000000000013,-10.407777777777767,23.26444444444445,-3.3999999999999915,31.436666666666703,74.89128205128205,51.54051282051282,89.49102564102564,63.379230769230766,215.92282051282052,24.042820512820512,86.16274725274725,22.77970695970696,-1.5166096866096694,-21.714273504273493,25.334444444444472,-7.308774928774916,2.1035612535613097,72.588,38.74066666666667,100.71266666666666,79.78933333333333,212.04133333333334,21.824666666666666,82.15761904761904,28.707809523809523,-6.733259259259256,-38.55007407407406,32.68703703703703,-1.754074074074083,-12.596296296296273,92.41653166599434,52.522223477208556,87.98506655909641,64.70129487696653,232.92382170229928,33.35846389673256,85.11370137728346,25.736619719933152,12.075599300793314,-22.49678472502353,23.485648693469585,-6.0640172112410795,13.06446326923934
2023,30,49.78,97.4,63.95,87.84,211.13,17.82,87.34,23.544285714285714,-34.593333333333334,18.580000000000013,-10.407777777777767,23.26444444444445,-26.42111111111108,57.717948717948715,74.89128205128205,51.54051282051282,89.49102564102564,184.1497435897436,17.52025641025641,86.76663003663003,23.323846153846155,-24.4159829059829,-1.5166096866096694,-21.714273504273493,25.334444444444472,-47.64686609686606,64.06733333333334,72.588,38.74066666666667,100.71266666666666,175.39600000000002,20.15266666666667,83.0827619047619,29.00085714285714,-24.696148148148154,-6.733259259259256,-38.55007407407406,32.68703703703703,-69.97948148148146,55.27297458652683,92.41653166599434,52.522223477208556,87.98506655909641,200.21172972972968,19.639983057684553,85.01600852878464,26.18702748804241,-34.116835462328,12.075599300793314,-22.49678472502353,23.485648693469585,-44.53802088655824
2023,31,149.04,49.78,97.4,63.95,296.22,44.27,93.28571428571428,22.804285714285715,80.63777777777777,-34.593333333333334,18.580000000000013,-10.407777777777767,64.62444444444446,157.29615384615386,57.717948717948715,74.89128205128205,51.54051282051282,289.9053846153846,45.98307692307693,91.5847619047619,22.426190476190477,83.32193732193734,-24.4159829059829,-1.5166096866096694,-21.714273504273493,57.38934472934477,175.43933333333334,64.06733333333334,72.588,38.74066666666667,312.0946666666666,50.215333333333334,90.09104761904763,27.63761904761905,96.40333333333334,-24.696148148148154,-6.733259259259256,-38.55007407407406,64.97392592592594,164.60877853973375,55.27297458652683,92.41653166599434,52.522223477208556,312.2982847922549,45.66723194836628,91.61098657292686,25.123254653374055,88.10113038411544,-34.116835462328,12.075599300793314,-22.49678472502353,66.05989422258072
2023,32,36.07,149.04,49.78,97.4,234.88999999999996,9.31,89.91714285714285,23.15,-44.65222222222223,80.63777777777777,-34.593333333333334,18.580000000000013,1.392222222222209,55.396153846153844,157.29615384615386,57.717948717948715,74.89128205128205,270.4102564102564,21.02769230769231,88.17750915750915,22.720366300366297,-35.14903133903133,83.32193732193734,-24.4159829059829,-1.5166096866096694,23.75692307692311,58.27466666666667,175.43933333333334,64.06733333333334,72.588,297.78133333333335,24.982000000000003,86.26285714285714,28.118761904761907,-42.493259259259254,96.40333333333334,-24.696148148148154,-6.733259259259256,29.213925925925942,50.37049778136346,164.60877853973375,55.27297458652683,92.41653166599434,270.252250907624,19.276488906817264,88.16317697228145,25.500112833515818,-43.39605916364125,88.10113038411544,-34.116835462328,12.075599300793314,10.588235758146162
2023,33,132.38,36.07,149.04,49.78,317.48999999999995,34.84,93.10571428571428,22.412857142857145,69.75999999999999,-44.65222222222223,80.63777777777777,-34.593333333333334,105.74555555555554,125.59615384615384,55.396153846153844,157.29615384615386,57.717948717948715,338.28846153846155,37.31179487179487,91.20161172161173,21.902380952380952,48.7988888888889,-35.14903133903133,83.32193732193734,-24.4159829059829,96.97179487179491,156.14333333333335,58.27466666666667,175.43933333333334,64.06733333333334,389.8573333333333,47.81733333333333,90.16266666666667,27.091714285714282,72.41859259259262,-42.493259259259254,96.40333333333334,-24.696148148148154,126.32866666666672,136.70105284388865,50.37049778136346,164.60877853973375,55.27297458652683,351.68032916498584,38.710638967325536,91.45471203826428,24.676123667377396,62.051443054995275,-43.39605916364125,88.10113038411544,-34.116835462328,106.75651427546944
2023,34,17.740000000000002,132.38,36.07,149.04,186.19,6.69,91.27428571428572,22.494285714285716,-47.696666666666665,69.75999999999999,-44.65222222222223,80.63777777777777,-22.588888888888896,19.173589743589744,125.59615384615384,55.396153846153844,157.29615384615386,200.16589743589742,7.4861538461538455,88.6158608058608,22.37717948717949,-52.695811965811956,48.7988888888889,-35.14903133903133,83.32193732193734,-39.04595441595439,20.176,156.14333333333335,58.27466666666667,175.43933333333334,234.594,8.418,87.2392380952381,27.68952380952381,-58.70933333333333,72.41859259259262,-42.493259259259254,96.40333333333334,-28.783999999999963,20.56895925776523,136.70105284388865,50.37049778136346,164.60877853973375,207.64050988301733,7.566068576038724,89.20888584106494,25.03675848556445,-52.82716068307113,62.051443054995275,-43.39605916364125,88.10113038411544,-34.17177679171713
2023,35,36.7,17.740000000000002,132.38,36.07,186.82,14.5,86.30571428571429,22.714285714285715,-4.536666666666669,-47.696666666666665,69.75999999999999,-44.65222222222223,17.526666666666664,41.71102564102564,19.173589743589744,125.59615384615384,55.396153846153844,186.48076923076923,18.862051282051283,85.12399267399267,21.877838827838826,-9.327264957264944,-52.695811965811956,48.7988888888889,-35.14903133903133,-13.224188034188003,52.682,20.176,156.14333333333335,58.27466666666667,229.00133333333335,22.872,85.53514285714286,27.450095238095237,-2.6157777777777724,-58.70933333333333,72.41859259259262,-42.493259259259254,11.093481481481518,44.24224687373941,20.56895925776523,136.70105284388865,50.37049778136346,201.51225897539325,17.40518515530456,85.95143663919784,24.935719356883535,-4.219557886244452,-52.82716068307113,62.051443054995275,-43.39605916364125,5.004724485679667
2023,36,50.42,36.7,17.740000000000002,132.38,104.86000000000001,17.84,89.03428571428572,22.68,9.92666666666667,-4.536666666666669,-47.696666666666665,69.75999999999999,-42.30666666666666,29.466410256410256,41.71102564102564,19.173589743589744,125.59615384615384,90.35102564102564,12.53923076923077,86.77344322344322,22.246153846153845,-19.96532763532762,-9.327264957264944,-52.695811965811956,48.7988888888889,-81.98840455840451,32.654,52.682,20.176,156.14333333333335,105.512,16.082,86.20085714285715,27.65342857142857,-23.258592592592592,-2.6157777777777724,-58.70933333333333,72.41859259259262,-84.58370370370369,42.062105687777326,44.24224687373941,20.56895925776523,136.70105284388865,106.87331181928194,16.597073013311817,87.77957263873682,25.075352619143665,-4.236250728340295,-4.219557886244452,-52.82716068307113,62.051443054995275,-61.2829692976559
2023,37,44.66,50.42,36.7,17.740000000000002,131.78,11.24,88.16571428571429,21.75142857142857,13.75555555555555,9.92666666666667,-4.536666666666669,-47.696666666666665,19.145555555555557,71.54871794871795,29.466410256410256,41.71102564102564,19.173589743589744,142.72615384615386,28.210256410256413,87.82212454212454,21.141978021978023,28.72897435897437,-19.96532763532762,-9.327264957264944,-52.695811965811956,-0.5636182336181932,92.98533333333333,32.654,52.682,20.176,178.3213333333333,40.87266666666667,86.9692380952381,26.680380952380954,41.47266666666667,-23.258592592592592,-2.6157777777777724,-58.70933333333333,15.598296296296311,48.71597741024606,42.062105687777326,44.24224687373941,20.56895925776523,135.02032997176278,15.952901169826543,87.12815778251598,24.210901285080386,9.031602617542909,-4.236250728340295,-4.219557886244452,-52.82716068307113,0.5757940029581334
2023,38,17.72,44.66,50.42,36.7,112.80000000000001,5.34,88.87857142857142,21.935714285714283,-17.236666666666657,13.75555555555555,9.92666666666667,-4.536666666666669,6.445555555555568,14.818461538461538,71.54871794871795,29.466410256410256,41.71102564102564,115.83358974358974,8.019487179487179,85.33794871794872,21.146410256410256,-35.372564102564084,28.72897435897437,-19.96532763532762,-9.327264957264944,-26.608917378917333,18.306,92.98533333333333,32.654,52.682,143.94533333333334,10.56,86.36685714285713,26.78952380952381,-37.324814814814815,41.47266666666667,-23.258592592592592,-2.6157777777777724,-19.11074074074073,17.28962565550625,48.71597741024606,42.062105687777326,44.24224687373941,108.0677087535296,7.504862444534086,87.13268437734109,24.298602777617706,-27.714088745461886,9.031602617542909,-4.236250728340295,-4.219557886244452,-22.9187368562593
2023,39,36.23,17.72,44.66,50.42,98.60999999999999,12.06,90.24571428571429,21.09714285714286,9.841111111111111,-17.236666666666657,13.75555555555555,9.92666666666667,6.36000000000001,49.54769230769231,14.818461538461538,71.54871794871795,29.466410256410256,135.9148717948718,16.87717948717949,86.89666666666668,20.260659340659338,11.510883190883206,-35.372564102564084,28.72897435897437,-19.96532763532762,4.867293447293491,50.464000000000006,18.306,92.98533333333333,32.654,161.75533333333334,18.371333333333332,85.3729523809524,25.782095238095238,8.422666666666672,-37.324814814814815,41.47266666666667,-23.258592592592592,12.570518518518533,44.47286002420331,17.28962565550625,48.71597741024606,42.062105687777326,110.4784630899556,14.344104881000405,87.29400115253846,23.379400679997698,9.62182232979248,-27.714088745461886,9.031602617542909,-4.236250728340295,-9.060663798126527
2023,40,3.5,36.23,17.72,44.66,57.449999999999996,1.38,80.97285714285714,19.877142857142857,-22.664444444444445,9.841111111111111,-17.236666666666657,13.75555555555555,-30.059999999999985,5.371794871794871,49.54769230769231,14.818461538461538,71.54871794871795,69.73794871794873,2.364871794871795,77.12564102564103,18.916666666666668,-39.99108262108262,11.510883190883206,-35.372564102564084,28.72897435897437,-63.8527635327635,5.242,50.464000000000006,18.306,92.98533333333333,74.01200000000001,2.0386666666666664,75.39200000000001,25.09542857142857,-42.45911111111111,8.422666666666672,-37.324814814814815,41.47266666666667,-71.36125925925924,4.128983461073013,44.47286002420331,17.28962565550625,48.71597741024606,65.89146914078255,1.6378031464300118,77.28890831556504,22.397552815075205,-32.1611357626283,9.62182232979248,-27.714088745461886,9.031602617542909,-50.25340217829773
2023,41,5.5600000000000005,3.5,36.23,17.72,45.29,3.45,75.67999999999999,17.837142857142858,-5.024444444444445,-22.664444444444445,9.841111111111111,-17.236666666666657,-17.84777777777777,6.322564102564102,5.371794871794871,49.54769230769231,14.818461538461538,61.24205128205129,4.618205128205129,75.01699633699634,16.65380952380952,-12.906153846153838,-39.99108262108262,11.510883190883206,-35.372564102564084,-41.38635327635325,7.356,5.242,50.464000000000006,18.306,63.06200000000001,5.106,74.33990476190476,23.326571428571427,-13.409851851851853,-42.45911111111111,8.422666666666672,-37.324814814814815,-47.44629629629629,7.372714804356595,4.128983461073013,44.47286002420331,17.28962565550625,55.97455828963289,5.092871319080275,74.68996334927678,20.37842436466317,-6.452905651920578,-32.1611357626283,9.62182232979248,-27.714088745461886,-28.992219084756425
2023,42,0.0,5.5600000000000005,3.5,36.23,9.06,0.0,72.78571428571429,17.652857142857144,-7.234444444444443,-5.024444444444445,-22.664444444444445,9.841111111111111,-34.923333333333325,0.2620512820512821,6.322564102564102,5.371794871794871,49.54769230769231,11.956410256410255,0.13512820512820514,71.81930402930404,16.613736263736264,-14.138974358974352,-12.906153846153838,-39.99108262108262,11.510883190883206,-67.0362108262108,0.05,7.356,5.242,50.464000000000006,12.648,0.029333333333333333,69.85819047619047,23.28447619047619,-14.932074074074077,-13.409851851851853,-42.45911111111111,8.422666666666672,-70.80103703703703,0.034788221056877774,7.372714804356595,4.128983461073013,44.47286002420331,11.536486486486458,0.01785074626865672,70.82197199331527,20.341127067365875,-9.930379633364707,-6.452905651920578,-32.1611357626283,9.62182232979248,-48.544421047913616
2023,43,0.04,0.0,5.5600000000000005,3.5,5.6000000000000005,0.04,74.38428571428572,17.50857142857143,-0.05333333333333214,-7.234444444444443,-5.024444444444445,-22.664444444444445,-12.312222222222212,0.158974358974359,0.2620512820512821,6.322564102564102,5.371794871794871,6.743589743589743,0.1392307692307692,69.72358974358974,16.489670329670332,-0.057236467236457755,-14.138974358974352,-12.906153846153838,-39.99108262108262,-27.102364672364647,0.06333333333333334,0.05,7.356,5.242,7.469333333333333,0.06066666666666667,67.74057142857143,23.15295238095238,-0.11629629629630105,-14.932074074074077,-13.409851851851853,-42.45911111111111,-28.458222222222222,0.030600242033077853,0.034788221056877774,7.372714804356595,4.128983461073013,7.438103267446522,0.029961274707543367,69.96220203999309,20.28298899325765,-0.09064882793241003,-9.930379633364707,-6.452905651920578,-32.1611357626283,-16.47393411321772
2023,44,0.0,0.04,0.0,5.5600000000000005,0.04,0.0,73.17428571428572,16.017142857142858,-0.10111111111110993,-0.05333333333333214,-7.234444444444443,-5.024444444444445,-7.388888888888878,0.6020512820512821,0.158974358974359,0.2620512820512821,6.322564102564102,1.0230769230769232,0.41871794871794865,69.72820512820513,14.92128205128205,0.4305698005698101,-0.057236467236457755,-14.138974358974352,-12.906153846153838,-13.765641025641,0.7080000000000001,0.06333333333333334,0.05,7.356,0.8213333333333335,0.5066666666666666,65.44419047619049,21.449809523809524,0.5317777777777731,-0.11629629629630105,-14.932074074074077,-13.409851851851853,-14.516592592592598,0.4242751109318274,0.030600242033077853,0.034788221056877774,7.372714804356595,0.4896635740217546,0.2909124647035095,68.51152319483663,18.659435486659365,0.3119888844067949,-0.09064882793241003,-9.930379633364707,-6.452905651920578,-9.709039576890348
2023,45,0.0,0.0,0.04,0.0,0.04,0.0,74.78999999999999,16.927142857142858,-0.0966666666666655,-0.10111111111110993,-0.05333333333333214,-7.234444444444443,-0.25111111111110046,0.0033333333333333305,0.6020512820512821,0.158974358974359,0.2620512820512821,0.7643589743589744,0.0028205128205128207,70.47505494505494,15.812747252747252,-0.17655270655269706,0.4305698005698101,-0.057236467236457755,-14.138974358974352,0.19678062678065528,0.006666666666666659,0.7080000000000001,0.06333333333333334,0.05,0.7780000000000001,0.006,67.29390476190477,22.003809523809526,-0.19318518518518993,0.5317777777777731,-0.11629629629630105,-14.932074074074077,0.2222962962962893,0.00031464300121016503,0.4242751109318274,0.030600242033077853,0.034788221056877774,0.45518999596608695,0.00028317870108914884,70.16416469774678,19.38209082003112,-0.11010936309443774,0.3119888844067949,-0.09064882793241003,-9.930379633364707,0.11123069337992227
2023,46,0.0,0.0,0.0,0.04,0.0,0.0,72.96428571428571,15.802857142857144,-0.13555555555555437,-0.0966666666666655,-0.10111111111110993,-0.05333333333333214,-0.3333333333333227,0.001282051282051282,0.0033333333333333305,0.6020512820512821,0.158974358974359,0.6066666666666667,0.001282051282051282,67.67223443223443,14.576227106227106,-0.8003418803418708,-0.17655270655269706,0.4305698005698101,-0.057236467236457755,-0.5463247863247578,0.0,0.006666666666666659,0.7080000000000001,0.06333333333333334,0.7146666666666668,0.0,65.93428571428572,20.56419047619048,-0.25940740740741214,-0.19318518518518993,0.5317777777777731,-0.11629629629630105,0.0791851851851782,3.065752319483663e-05,0.00031464300121016503,0.4242751109318274,0.030600242033077853,0.424620411456204,3.065752319483663e-05,68.27166242148331,18.062732207687432,-0.18863582985971042,-0.11010936309443774,0.3119888844067949,-0.09064882793241003,0.013243691452621859
2023,47,0.0,0.0,0.0,0.0,0.0,0.0,67.23714285714286,15.728571428571428,-0.48555555555555435,-0.13555555555555437,-0.0966666666666655,-0.10111111111110993,-0.7177777777777671,0.5838461538461538,0.001282051282051282,0.0033333333333333305,0.6020512820512821,0.5884615384615384,0.48871794871794866,65.76406593406594,14.201794871794872,-0.6227635327635234,-0.8003418803418708,-0.17655270655269706,0.4305698005698101,-1.5996581196580912,0.502,0.0,0.006666666666666659,0.7080000000000001,0.5086666666666668,0.374,65.52628571428572,20.972761904761906,-0.11022222222222688,-0.25940740740741214,-0.19318518518518993,0.5317777777777731,-0.5628148148148218,0.3205921742638161,3.065752319483663e-05,0.00031464300121016503,0.4242751109318274,0.3209374747881927,0.27793787817668414,65.2104415374863,18.28364697746787,-0.19891291291291285,-0.18863582985971042,-0.11010936309443774,0.3119888844067949,-0.49765810586708586
2023,48,3.48,0.0,0.0,0.0,3.48,2.52,67.07857142857144,13.981428571428571,2.9933333333333345,-0.48555555555555435,-0.13555555555555437,-0.0966666666666655,2.372222222222233,3.2838461538461536,0.5838461538461538,0.001282051282051282,0.0033333333333333305,3.868974358974359,2.567948717948718,66.10593406593406,12.484798534798534,1.9693162393162487,-0.6227635327635234,-0.8003418803418708,-0.17655270655269706,0.5462108262108545,3.5073333333333334,0.502,0.0,0.006666666666666659,4.009333333333333,2.8393333333333333,65.182,19.154380952380954,2.8342962962962917,-0.11022222222222688,-0.25940740740741214,-0.19318518518518993,2.46466666666666,2.9153561920129087,0.3205921742638161,3.065752319483663e-05,0.00031464300121016503,3.2359790237998913,2.055827349737798,64.93333521581285,16.42857719126376,2.342620232172471,-0.19891291291291285,-0.18863582985971042,-0.11010936309443774,1.9550714893998231
2023,49,0.01,3.48,0.0,0.0,3.4899999999999998,0.01,60.19714285714286,11.924285714285714,-0.4266666666666655,2.9933333333333345,-0.48555555555555435,-0.13555555555555437,2.081111111111122,0.29717948717948717,3.2838461538461536,0.5838461538461538,0.001282051282051282,4.164871794871795,0.22358974358974357,57.65091575091575,10.434761904761904,-0.3426495726495632,1.9693162393162487,-0.6227635327635234,-0.8003418803418708,1.003903133903162,0.010666666666666666,3.5073333333333334,0.502,0.0,4.0200000000000005,0.008,55.541809523809526,16.063333333333333,-0.5275555555555602,2.8342962962962917,-0.11022222222222688,-0.25940740740741214,2.196518518518512,0.015314239612747076,2.9153561920129087,0.3205921742638161,3.065752319483663e-05,3.2512626058894436,0.012258975393303752,56.85834045986285,13.824326629401254,-0.4205120344224822,2.342620232172471,-0.19891291291291285,-0.18863582985971042,1.7231952848370513
2023,50,0.0,0.01,3.48,0.0,3.4899999999999998,0.0,62.80285714285714,12.975714285714286,-3.108888888888888,-0.4266666666666655,2.9933333333333345,-0.48555555555555435,-0.542222222222212,0.0,0.29717948717948717,3.2838461538461536,0.5838461538461538,3.581025641025641,0.0,55.69461538461539,11.914871794871795,-2.423589743589734,-0.3426495726495632,1.9693162393162487,-0.6227635327635234,-0.7969230769230484,0.0,0.010666666666666666,3.5073333333333334,0.502,3.5180000000000007,0.0,58.758761904761904,17.169142857142855,-2.220518518518524,-0.5275555555555602,2.8342962962962917,-0.11022222222222688,0.08622222222221465,0.0,0.015314239612747076,2.9153561920129087,0.3205921742638161,2.9306704316256273,0.0,59.260829020918585,14.948661211317928,-2.9019448702433777,-0.4205120344224822,2.342620232172471,-0.19891291291291285,-0.9798366724934136
2023,51,0.0,0.0,0.01,3.48,0.01,0.0,65.03714285714285,12.882857142857144,-3.1433333333333326,-3.108888888888888,-0.4266666666666655,2.9933333333333345,-6.6788888888888795,0.007692307692307692,0.0,0.29717948717948717,3.2838461538461536,0.30487179487179483,0.007692307692307692,59.63483516483517,11.806886446886447,-3.0861253561253466,-2.423589743589734,-0.3426495726495632,1.9693162393162487,-5.852364672364644,0.012,0.0,0.010666666666666666,3.5073333333333334,0.022666666666667112,0.012,61.50495238095238,17.494190476190475,-2.9749629629629677,-2.220518518518524,-0.5275555555555602,2.8342962962962917,-5.723037037037045,0.0005663574021782977,0.0,0.015314239612747076,2.9153561920129087,0.01588059701489695,0.0005663574021782977,61.96027741600876,14.980115138592751,-3.3487486889874947,-2.9019448702433777,-0.4205120344224822,2.342620232172471,-6.671205593653379
2023,52,0.0,0.0,0.0,0.01,0.0,0.0,57.93428571428571,11.597142857142858,-3.28111111111111,-3.1433333333333326,-3.108888888888888,-0.4266666666666655,-9.533333333333324,0.11358974358974358,0.007692307692307692,0.0,0.29717948717948717,0.12128205128205127,0.08538461538461539,56.916813186813194,9.821831501831502,-3.374074074074064,-3.0861253561253466,-2.423589743589734,-0.3426495726495632,-8.883789173789145,0.21466666666666667,0.012,0.0,0.010666666666666666,0.22666666666666713,0.14933333333333335,59.924952380952384,16.12295238095238,-3.2970370370370423,-2.9749629629629677,-2.220518518518524,-0.5275555555555602,-8.492518518518526,0.06356514723678904,0.0005663574021782977,0.0,0.015314239612747076,0.06413150463893891,0.0459798305768455,58.42968800783726,13.665256036420217,-3.634790731029537,-3.3487486889874947,-2.9019448702433777,-0.4205120344224822,-9.885484290260434
2024,1,0.0,0.0,0.0,0.0,0.0,0.0,56.01142857142857,11.444285714285714,-0.44333333333333336,-3.28111111111111,-3.1433333333333326,-3.108888888888888,-6.867777777777769,0.0,0.11358974358974358,0.007692307692307692,0.0,0.12128205128205127,0.0,51.35758241758242,10.117692307692307,-1.8392592592592594,-3.374074074074064,-3.0861253561253466,-2.423589743589734,-8.299458689458671,0.0,0.21466666666666667,0.012,0.0,0.22666666666666713,0.0,55.25180952380952,15.086666666666668,-2.1039999999999996,-3.2970370370370423,-2.9749629629629677,-2.220518518518524,-8.376000000000001,0.0,0.06356514723678904,0.0005663574021782977,0.0,0.06413150463893891,0.0,54.479897078314984,13.12619846712384,-1.2880639146609296,-3.634790731029537,-3.3487486889874947,-2.9019448702433777,-8.271603334677986
2024,2,0.0,0.0,0.0,0.0,0.0,0.0,57.01857142857143,9.672857142857142,-0.48444444444444446,-0.44333333333333336,-3.28111111111111,-3.1433333333333326,-4.208888888888881,0.05435897435897436,0.0,0.11358974358974358,0.007692307692307692,0.16794871794871793,0.023846153846153843,58.59142857142857,8.357435897435897,-2.354045584045584,-1.8392592592592594,-3.374074074074064,-3.0861253561253466,-7.567378917378908,0.02066666666666666,0.0,0.21466666666666667,0.012,0.23533333333333378,0.01,53.65047619047619,14.279904761904762,-2.231185185185185,-2.1039999999999996,-3.2970370370370423,-2.9749629629629677,-7.63222222222222,0.002233158531665994,0.0,0.06356514723678904,0.0005663574021782977,0.0657983057684266,0.0010044372730939896,54.42804183714631,11.78257304212528,-1.4297029268074044,-1.2880639146609296,-3.634790731029537,-3.3487486889874947,-6.352557572497896
2024,3,0.0,0.0,0.0,0.0,0.0,0.0,52.05,9.185714285714283,-4.527777777777778,-0.48444444444444446,-0.44333333333333336,-3.28111111111111,-5.455555555555549,0.06,0.05435897435897436,0.0,0.11358974358974358,0.11435897435897435,0.04641025641025641,53.050805860805866,7.88117216117216,-5.995527065527066,-2.354045584045584,-1.8392592592592594,-3.374074074074064,-10.18883190883191,0.020666666666666663,0.02066666666666666,0.0,0.21466666666666667,0.04133333333333376,0.014666666666666666,48.22980952380952,13.916952380952381,-5.694444444444444,-2.231185185185185,-2.1039999999999996,-3.2970370370370423,-10.029629629629621,0.002472771278741428,0.002233158531665994,0.0,0.06356514723678904,0.004705929810379,0.0018128277531262605,49.98452048637122,11.328954301849825,-5.249341042535072,-1.4297029268074044,-1.2880639146609296,-3.634790731029537,-7.967107884003431
2024,4,0.2,0.0,0.0,0.0,0.2,0.19,51.55285714285714,10.552857142857144,-4.111111111111111,-4.527777777777778,-0.48444444444444446,-0.44333333333333336,-9.123333333333324,4.74,0.06,0.05435897435897436,0.0,4.854358974358974,2.8364102564102565,55.904615384615376,9.057582417582417,-1.4844159544159528,-5.995527065527066,-2.354045584045584,-1.8392592592592594,-9.833988603988603,4.3580000000000005,0.020666666666666663,0.02066666666666666,0.0,4.399333333333335,2.582666666666667,48.48104761904762,15.743333333333334,-2.005851851851851,-5.694444444444444,-2.231185185185185,-2.1039999999999996,-9.931481481481473,2.4687866075030254,0.002472771278741428,0.002233158531665994,0.0,2.4734925373134042,1.493076240419524,49.94784705814556,12.951225609404714,-3.388595491013402,-5.249341042535072,-1.4297029268074044,-1.2880639146609296,-10.067639460355903
2024,5,0.01,0.2,0.0,0.0,0.21000000000000002,0.01,43.25714285714286,11.467142857142855,-4.61,-4.111111111111111,-4.527777777777778,-0.48444444444444446,-13.248888888888882,0.2592307692307692,4.74,0.06,0.05435897435897436,5.059230769230769,0.22487179487179487,46.52487179487179,9.514395604395604,-5.079686609686609,-1.4844159544159528,-5.995527065527066,-2.354045584045584,-12.559629629629628,0.398,4.3580000000000005,0.020666666666666663,0.02066666666666666,4.776666666666667,0.3733333333333333,44.44114285714286,15.89447619047619,-5.222814814814815,-2.005851851851851,-5.694444444444444,-2.231185185185185,-12.923111111111103,0.2035094796288826,2.4687866075030254,0.002472771278741428,0.002233158531665994,2.674768858410621,0.2017426381605486,43.625253270327896,13.460703394225781,-5.376950203935278,-3.388595491013402,-5.249341042535072,-1.4297029268074044,-14.014886737483778
2024,6,1.01,0.01,0.2,0.0,1.22,0.55,44.75571428571429,13.797142857142855,0.33666666666666667,-4.61,-4.111111111111111,-4.527777777777778,-8.384444444444437,0.9951282051282052,0.2592307692307692,4.74,0.06,5.994358974358975,0.47846153846153844,46.15201465201466,12.366703296703296,-1.1788603988603978,-5.079686609686609,-1.4844159544159528,-5.995527065527066,-7.7429629629629595,1.044,0.398,4.3580000000000005,0.020666666666666663,5.800000000000002,0.5373333333333333,41.456571428571436,18.874666666666666,-1.0541481481481485,-5.222814814814815,-2.005851851851851,-5.694444444444444,-8.282814814814806,1.2165639370713999,0.2035094796288826,2.4687866075030254,0.002472771278741428,3.8888600242032796,0.5831101250504236,42.134948769665186,16.163978101769143,-0.5646139572408231,-5.376950203935278,-3.388595491013402,-5.249341042535072,-9.33015965218953
2024,7,1.25,1.01,0.01,0.2,2.27,0.95,42.972857142857144,13.355714285714283,0.23222222222222233,0.33666666666666667,-4.61,-4.111111111111111,-4.041111111111103,1.5064102564102564,0.9951282051282052,0.2592307692307692,4.74,2.760769230769231,0.9689743589743589,47.338754578754575,11.546373626373626,-0.20190883190883135,-1.1788603988603978,-5.079686609686609,-1.4844159544159528,-6.460455840455839,1.6106666666666667,1.044,0.398,4.3580000000000005,3.052666666666668,1.0133333333333332,37.38057142857143,19.449809523809524,0.7025185185185185,-1.0541481481481485,-5.222814814814815,-2.005851851851851,-5.574444444444437,1.4372940701895924,1.2165639370713999,0.2035094796288826,2.4687866075030254,2.8573674868898467,1.0386760790641387,39.61321396876621,16.25155212355212,0.39487015373582524,-0.5646139572408231,-5.376950203935278,-3.388595491013402,-5.546694007440301
2024,8,1.97,1.25,1.01,0.01,4.2299999999999995,1.95,43.05714285714286,15.447142857142856,0.9466666666666668,0.23222222222222233,0.33666666666666667,-4.61,1.5155555555555638,16.885128205128204,1.5064102564102564,0.9951282051282052,0.2592307692307692,19.386666666666667,10.227179487179487,49.232344322344325,13.501941391941392,14.58931623931624,-0.20190883190883135,-1.1788603988603978,-5.079686609686609,13.208547008547011,14.332666666666666,1.6106666666666667,1.044,0.398,16.987333333333336,9.134666666666668,40.70514285714286,20.580571428571428,13.052222222222222,0.7025185185185185,-1.0541481481481485,-5.222814814814815,12.7005925925926,9.130330778539735,1.4372940701895924,1.2165639370713999,0.2035094796288826,11.784188785800698,5.956143606292859,41.957017576211605,17.87305641675791,7.937147236789029,0.39487015373582524,-0.5646139572408231,-5.376950203935278,7.767403433284006
2024,9,0.06,1.97,1.25,1.01,3.28,0.06,37.65,15.842857142857143,-2.424444444444444,0.9466666666666668,0.23222222222222233,0.33666666666666667,-1.245555555555547,0.47615384615384615,16.885128205128204,1.5064102564102564,0.9951282051282052,18.86769230769231,0.4748717948717949,42.22175824175824,13.497545787545787,-2.332792022792022,14.58931623931624,-0.20190883190883135,-1.1788603988603978,12.054615384615387,0.5473333333333333,14.332666666666666,1.6106666666666667,1.044,16.490666666666666,0.5453333333333333,36.601619047619046,20.399619047619048,-1.5399999999999996,13.052222222222222,0.7025185185185185,-1.0541481481481485,12.214740740740748,0.5978547801532876,9.130330778539735,1.4372940701895924,1.2165639370713999,11.165479628882588,0.5977603872529247,37.410131274131274,17.872357747939837,-1.717183003899422,7.937147236789029,0.39487015373582524,-0.5646139572408231,6.614834386625407
2024,10,0.01,0.06,1.97,1.25,2.04,0.01,32.62428571428571,17.94857142857143,-5.271111111111112,-2.424444444444444,0.9466666666666668,0.23222222222222233,-6.748888888888882,0.10641025641025642,0.47615384615384615,16.885128205128204,1.5064102564102564,17.467692307692307,0.0558974358974359,37.776483516483516,16.21717948717949,-6.18008547008547,-2.332792022792022,14.58931623931624,-0.20190883190883135,6.076438746438748,0.09533333333333333,0.5473333333333333,14.332666666666666,1.6106666666666667,14.975333333333333,0.058666666666666666,29.31409523809524,23.842190476190474,-4.890148148148148,-1.5399999999999996,13.052222222222222,0.7025185185185185,6.6220740740740816,0.022801129487696654,0.5978547801532876,9.130330778539735,1.4372940701895924,9.750986688180692,0.01923840258168616,31.1468857258111,20.680790987149194,-5.1111035811931345,-1.717183003899422,7.937147236789029,0.39487015373582524,1.1088606516964479
2024,11,39.73,0.01,0.06,1.97,39.8,32.52,53.95428571428572,16.424285714285713,31.537777777777777,-5.271111111111112,-2.424444444444444,0.9466666666666668,23.842222222222226,26.5,0.10641025641025642,0.47615384615384615,16.885128205128204,27.082564102564103,16.66076923076923,51.97501831501831,15.772564102564102,17.69934472934473,-6.18008547008547,-2.332792022792022,14.58931623931624,9.186467236467237,30.07333333333333,0.09533333333333333,0.5473333333333333,14.332666666666666,30.715999999999998,19.896,44.79571428571429,23.212380952380954,22.431111111111107,-4.890148148148148,-1.5399999999999996,13.052222222222222,16.000962962962966,31.787151270673654,0.022801129487696654,0.5978547801532876,9.130330778539735,32.40780718031461,25.93218555869302,48.143697343398834,19.748053823546357,24.200757742817437,-5.1111035811931345,-1.717183003899422,7.937147236789029,17.372471157724856
2024,12,0.5800000000000001,39.73,0.01,0.06,40.31999999999999,0.54,49.34142857142857,19.634285714285713,-7.353333333333333,31.537777777777777,-5.271111111111112,-2.424444444444444,18.913333333333338,2.333589743589744,26.5,0.10641025641025642,0.47615384615384615,28.94,1.6525641025641027,50.467069597069596,19.214688644688643,-6.918433048433046,17.69934472934473,-6.18008547008547,-2.332792022792022,4.600826210826213,2.0460000000000003,30.07333333333333,0.09533333333333333,0.5473333333333333,32.214666666666666,1.4040000000000001,40.13885714285714,26.904,-5.581851851851852,22.431111111111107,-4.890148148148148,-1.5399999999999996,11.959111111111113,0.40564582492940715,31.787151270673654,0.022801129487696654,0.5978547801532876,32.21559822509073,0.33939088342073415,43.53178897020688,23.264721719587385,-6.797203442248219,24.200757742817437,-5.1111035811931345,-1.717183003899422,12.29245071937606
2024,13,0.0,0.5800000000000001,39.73,0.01,40.309999999999995,0.0,31.88714285714286,22.28142857142857,-6.637777777777778,-7.353333333333333,31.537777777777777,-5.271111111111112,17.546666666666674,0.01358974358974359,2.333589743589744,26.5,0.10641025641025642,28.84717948717949,0.008974358974358974,35.86,20.562637362637364,-7.374558404558405,-6.918433048433046,17.69934472934473,-6.18008547008547,3.4063532763532773,0.0033333333333333335,2.0460000000000003,30.07333333333333,0.09533333333333333,32.12266666666667,0.002,26.759999999999998,28.462095238095237,-5.954518518518519,-5.581851851851852,22.431111111111107,-4.890148148148148,10.894740740740744,0.0003106091165792659,0.40564582492940715,31.787151270673654,0.022801129487696654,32.193107704719615,0.0001863654699475595,28.934237999193225,25.237927274822795,-5.702874366904219,-6.797203442248219,24.200757742817437,-5.1111035811931345,11.700679933664976
2024,14,4.13,0.0,0.5800000000000001,39.73,4.71,3.34,28.117142857142856,21.552857142857142,-3.1677777777777774,-6.637777777777778,-7.353333333333333,31.537777777777777,-17.15888888888888,3.6310256410256407,0.01358974358974359,2.333589743589744,26.5,5.978205128205128,2.2923076923076926,32.71245421245421,20.425384615384615,-4.307606837606838,-7.374558404558405,-6.918433048433046,17.69934472934473,-18.600598290598292,3.5253333333333337,0.0033333333333333335,2.0460000000000003,30.07333333333333,5.574666666666667,2.5260000000000002,23.877428571428574,28.880285714285716,-3.146814814814815,-5.954518518518519,-5.581851851851852,22.431111111111107,-14.68318518518518,2.424743848325938,0.0003106091165792659,0.40564582492940715,31.787151270673654,2.8307002823718994,1.9183098023396532,24.68573468564513,25.152990261049965,-4.225768634305949,-5.702874366904219,-6.797203442248219,24.200757742817437,-16.725846443458412
2024,15,1.83,4.13,0.0,0.5800000000000001,5.96,1.06,32.971428571428575,24.332857142857144,-9.09888888888889,-3.1677777777777774,-6.637777777777778,-7.353333333333333,-18.90444444444444,2.463076923076923,3.6310256410256407,0.01358974358974359,2.333589743589744,6.107692307692307,1.2261538461538461,36.238351648351646,22.937875457875457,-8.048774928774929,-4.307606837606838,-7.374558404558405,-6.918433048433046,-19.730940170940173,1.5986666666666667,3.5253333333333337,0.0033333333333333335,2.0460000000000003,5.1273333333333335,0.7013333333333333,26.013333333333332,31.070095238095238,-7.604444444444445,-3.146814814814815,-5.954518518518519,-5.581851851851852,-16.705777777777772,1.033646631706333,2.424743848325938,0.0003106091165792659,0.40564582492940715,3.4587010891488252,0.5835417507059298,28.12836316487063,27.775747824583647,-8.920638967325536,-4.225768634305949,-5.702874366904219,-6.797203442248219,-18.849281968535728
2024,16,0.0,1.83,4.13,0.0,5.96,0.0,26.521428571428572,24.87142857142857,-19.54,-9.09888888888889,-3.1677777777777774,-6.637777777777778,-31.80666666666666,0.3315384615384615,2.463076923076923,3.6310256410256407,0.01358974358974359,6.425641025641026,0.25435897435897437,29.33849816849817,23.457399267399268,-18.981965811965814,-8.048774928774929,-4.307606837606838,-7.374558404558405,-31.33834757834758,0.13666666666666666,1.5986666666666667,3.5253333333333337,0.0033333333333333335,5.260666666666667,0.10800000000000001,19.898857142857143,32.20742857142857,-19.55614814814815,-7.604444444444445,-3.146814814814815,-5.954518518518519,-30.307407407407403,0.11369019766034692,1.033646631706333,2.424743848325938,0.0003106091165792659,3.572080677692593,0.09024122630092782,22.736206880654645,28.467577133636834,-18.964072878849,-8.920638967325536,-4.225768634305949,-5.702874366904219,-32.110480480480504
2024,17,0.15,0.0,1.83,4.13,1.98,0.15,21.374285714285715,24.611428571428572,-21.75111111111111,-19.54,-9.09888888888889,-3.1677777777777774,-50.38999999999999,0.7094871794871795,0.3315384615384615,2.463076923076923,3.6310256410256407,3.5041025641025643,0.6023076923076923,23.9107326007326,23.384981684981685,-21.41923076923077,-18.981965811965814,-8.048774928774929,-4.307606837606838,-48.44997150997151,0.5333333333333333,0.13666666666666666,1.5986666666666667,3.5253333333333337,2.2686666666666664,0.48333333333333334,15.025142857142859,31.774761904761906,-22.880074074074074,-19.55614814814815,-7.604444444444445,-3.146814814814815,-50.04066666666667,0.12367325534489713,0.11369019766034692,1.033646631706333,2.424743848325938,1.2710100847115522,0.11974828559903186,17.73584832593788,28.079981098369156,-21.645435883644836,-18.964072878849,-8.920638967325536,-4.225768634305949,-49.53014772981939
2024,18,42.16,0.15,0.0,1.83,42.309999999999995,11.82,66.66714285714286,21.025714285714287,15.739999999999995,-21.75111111111111,-19.54,-9.09888888888889,-25.551111111111112,37.12230769230769,0.7094871794871795,0.3315384615384615,2.463076923076923,38.163333333333334,12.865128205128205,61.89553113553113,21.262893772893772,8.290826210826214,-21.41923076923077,-18.981965811965814,-8.048774928774929,-32.110370370370376,36.888000000000005,0.5333333333333333,0.13666666666666666,1.5986666666666667,37.55800000000001,13.111333333333333,51.191047619047616,29.089809523809524,4.518444444444448,-22.880074074074074,-19.55614814814815,-7.604444444444445,-37.91777777777777,37.696853569987894,0.12367325534489713,0.11369019766034692,1.033646631706333,37.93421702299311,10.75877289229528,58.18212666397741,25.088310609116583,9.382261843933478,-21.645435883644836,-18.964072878849,-8.920638967325536,-31.227246918560386
2024,19,13.54,42.16,0.15,0.0,55.849999999999994,6.55,52.33714285714286,24.681428571428572,-23.084444444444443,15.739999999999995,-21.75111111111111,-19.54,-29.095555555555553,10.466153846153846,37.12230769230769,0.7094871794871795,0.3315384615384615,48.297948717948714,6.345897435897436,47.160549450549446,24.43959706959707,-26.766695156695157,8.290826210826214,-21.41923076923077,-18.981965811965814,-39.89509971509971,8.231333333333334,36.888000000000005,0.5333333333333333,0.13666666666666666,45.652666666666676,5.421333333333333,36.79666666666667,32.58857142857143,-34.73792592592592,4.518444444444448,-22.880074074074074,-19.55614814814815,-53.09955555555554,10.069324727712782,37.696853569987894,0.12367325534489713,0.11369019766034692,47.889851553045546,5.464040338846309,43.533452083213284,28.627883017345702,-29.194721258572017,9.382261843933478,-21.645435883644836,-18.964072878849,-41.457895298283404
2024,20,26.22,13.54,42.16,0.15,81.91999999999999,8.63,61.79857142857143,24.99285714285714,-7.643333333333338,-23.084444444444443,15.739999999999995,-21.75111111111111,-14.98777777777778,17.994358974358974,10.466153846153846,37.12230769230769,0.7094871794871795,65.58282051282052,8.298461538461538,59.20285714285714,24.8485347985348,-17.302108262108263,-26.766695156695157,8.290826210826214,-21.41923076923077,-35.7779772079772,21.434666666666665,8.231333333333334,36.888000000000005,0.5333333333333333,66.554,11.072666666666667,48.18304761904762,32.602000000000004,-18.82585185185186,-34.73792592592592,4.518444444444448,-22.880074074074074,-49.045333333333325,22.470705123033483,10.069324727712782,37.696853569987894,0.12367325534489713,70.23688342073413,9.60602339653086,54.479502564398096,28.72634472425517,-14.156737394110529,-29.194721258572017,9.382261843933478,-21.645435883644836,-33.96919680874909
2024,21,16.4,26.22,13.54,42.16,56.16,4.32,53.71714285714285,26.604285714285712,-21.10000000000001,-7.643333333333338,-23.084444444444443,15.739999999999995,-51.82777777777778,25.902820512820515,17.994358974358974,10.466153846153846,37.12230769230769,54.36333333333333,10.36051282051282,48.8229304029304,26.23007326007326,-12.317407407407405,-17.302108262108263,-26.766695156695157,8.290826210826214,-56.38621082621082,30.416,21.434666666666665,8.231333333333334,36.888000000000005,60.081999999999994,12.710666666666667,40.94466666666666,34.40285714285714,-11.996296296296297,-18.82585185185186,-34.73792592592592,4.518444444444448,-65.56007407407407,18.665887051230335,22.470705123033483,10.069324727712782,37.696853569987894,51.20591690197657,6.1804364663170634,45.26994882729211,30.619961735722928,-19.99818699296312,-14.156737394110529,-29.194721258572017,9.382261843933478,-63.349645645645694
2024,22,25.66,16.4,26.22,13.54,68.28,11.3,52.09,25.461428571428577,-17.096666666666668,-21.10000000000001,-7.643333333333338,-23.084444444444443,-45.84,31.24923076923077,25.902820512820515,17.994358974358974,10.466153846153846,75.14641025641026,12.405897435897435,52.43413919413919,24.93930402930403,-15.467350427350418,-12.317407407407405,-17.302108262108263,-26.766695156695157,-45.08686609686609,23.268666666666665,30.416,21.434666666666665,8.231333333333334,75.11933333333333,9.363333333333335,42.412857142857135,32.981142857142856,-25.654888888888895,-11.996296296296297,-18.82585185185186,-34.73792592592592,-56.47703703703704,22.093843485276324,18.665887051230335,22.470705123033483,10.069324727712782,63.23043565954011,9.33688664784187,44.92003768800784,29.36104062698093,-21.76754345390166,-19.99818699296312,-14.156737394110529,-29.194721258572017,-55.92246784097533
2024,23,9.88,25.66,16.4,26.22,51.94,5.53,50.970000000000006,27.364285714285717,-42.74888888888889,-17.096666666666668,-21.10000000000001,-7.643333333333338,-80.94555555555556,27.297948717948714,31.24923076923077,25.902820512820515,17.994358974358974,84.45,7.79051282051282,48.92989010989011,26.885641025641025,-29.54586894586894,-15.467350427350418,-12.317407407407405,-17.302108262108263,-57.33062678062676,25.65,23.268666666666665,30.416,21.434666666666665,79.33466666666666,7.849333333333334,42.69285714285715,34.574285714285715,-33.87037037037038,-25.654888888888895,-11.996296296296297,-18.82585185185186,-71.52155555555557,9.450302541347318,22.093843485276324,18.665887051230335,22.470705123033483,50.21003307785395,4.269810407422347,43.096350256439806,31.32877773295684,-45.5804539464838,-21.76754345390166,-19.99818699296312,-14.156737394110529,-87.34618439334861
2024,24,54.78,9.88,25.66,16.4,90.32,15.45,68.76571428571428,26.08,-11.02666666666667,-42.74888888888889,-17.096666666666668,-21.10000000000001,-70.87222222222223,57.91,27.297948717948714,31.24923076923077,25.902820512820515,116.45717948717949,18.135128205128204,64.61120879120878,26.133956043956044,-18.02056980056979,-29.54586894586894,-15.467350427350418,-12.317407407407405,-63.033789173789145,59.00333333333333,25.65,23.268666666666665,30.416,107.922,22.176666666666666,56.15104761904762,33.48657142857143,-25.48748148148148,-33.87037037037038,-25.654888888888895,-11.996296296296297,-85.01274074074075,48.861292456635745,9.450302541347318,22.093843485276324,18.665887051230335,80.40543848325936,15.394609923356192,59.1943386158013,30.191436178182443,-25.668126036484246,-45.5804539464838,-21.76754345390166,-19.99818699296312,-93.01612343686972
2024,25,290.12,54.78,9.88,25.66,354.78,114.32,87.30571428571429,23.81,229.8711111111111,-11.02666666666667,-42.74888888888889,-17.096666666666668,176.09555555555553,164.08153846153846,57.91,27.297948717948714,31.24923076923077,249.28948717948717,64.54512820512821,79.75787545787546,24.45021978021978,98.22954415954418,-18.02056980056979,-29.54586894586894,-15.467350427350418,50.663105413105455,123.94066666666666,59.00333333333333,25.65,23.268666666666665,208.594,47.746,71.5987619047619,31.097142857142856,49.50503703703703,-25.48748148148148,-33.87037037037038,-25.654888888888895,-9.852814814814828,192.38655828963292,48.861292456635745,9.450302541347318,22.093843485276324,250.69815328761595,78.93251956434045,77.9329651357114,27.626371117386043,126.01380431177446,-25.668126036484246,-45.5804539464838,-21.76754345390166,54.7652243288064
2024,26,166.51,290.12,54.78,9.88,511.40999999999997,55.36,92.22,22.964285714285715,100.71,229.8711111111111,-11.02666666666667,-42.74888888888889,319.5544444444444,223.02948717948718,164.08153846153846,57.91,27.297948717948714,445.02102564102563,61.599487179487184,89.62663003663003,22.564945054945053,152.34148148148148,98.22954415954418,-18.02056980056979,-29.54586894586894,232.55045584045587,251.956,123.94066666666666,59.00333333333333,25.65,434.9,67.15066666666667,87.34447619047619,28.175238095238097,170.41259259259257,49.50503703703703,-25.48748148148148,-33.87037037037038,194.43014814814813,219.89911819281966,192.38655828963292,48.861292456635745,9.450302541347318,461.1469689390883,64.11700363049617,89.57630311761655,25.500894946118827,149.13380610461206,126.01380431177446,-25.668126036484246,-45.5804539464838,249.47948437990226
2024,27,72.62,166.51,290.12,54.78,529.25,19.74,91.43714285714286,23.06142857142857,8.044444444444451,100.71,229.8711111111111,-11.02666666666667,338.6255555555556,117.86333333333333,223.02948717948718,164.08153846153846,57.91,504.974358974359,39.215384615384615,88.57322344322344,23.217142857142857,53.70675213675216,152.34148148148148,98.22954415954418,-18.02056980056979,304.2777777777778,124.368,251.956,123.94066666666666,59.00333333333333,500.26466666666664,44.73066666666667,85.93828571428571,28.82552380952381,56.34237037037036,170.41259259259257,49.50503703703703,-25.48748148148148,276.26,101.69512384025816,219.89911819281966,192.38655828963292,48.861292456635745,513.9808003227107,34.56352803549818,88.50237699533221,25.92788336310724,37.19570597463134,149.13380610461206,126.01380431177446,-25.668126036484246,312.3433163910178
2024,28,47.03,72.62,166.51,290.12,286.15999999999997,15.15,90.26285714285714,23.89428571428571,-27.32777777777777,8.044444444444451,100.71,229.8711111111111,81.42666666666668,38.74641025641025,117.86333333333333,223.02948717948718,164.08153846153846,379.6392307692308,12.186410256410255,87.4469597069597,23.54117216117216,-34.50837606837606,53.70675213675216,152.34148148148148,98.22954415954418,171.53985754985757,34.52133333333334,124.368,251.956,123.94066666666666,410.8453333333333,11.94,85.21771428571428,29.08047619047619,-42.76940740740739,56.34237037037036,170.41259259259257,49.50503703703703,183.98555555555558,38.81408955223881,101.69512384025816,219.89911819281966,192.38655828963292,360.40833158531655,13.072662363856395,87.56338235463609,26.424704662018097,-36.204918649993274,37.19570597463134,149.13380610461206,126.01380431177446,150.1245934292501
2024,29,44.26,47.03,72.62,166.51,163.90999999999994,12.27,86.71571428571428,24.232857142857146,-34.559999999999995,-27.32777777777777,8.044444444444451,100.71,-53.84333333333331,43.43948717948717,38.74641025641025,117.86333333333333,223.02948717948718,200.04923076923075,15.323333333333334,85.23578754578755,23.742014652014653,-32.96840455840454,-34.50837606837606,53.70675213675216,152.34148148148148,-13.770028490028444,32.013333333333335,34.52133333333334,124.368,251.956,190.90266666666668,13.803333333333335,83.55419047619048,29.308,-47.307925925925915,-42.76940740740739,56.34237037037036,170.41259259259257,-33.734962962962946,31.2829737797499,38.81408955223881,101.69512384025816,219.89911819281966,171.79218717224686,9.623198063735376,84.7138018786377,26.70906402351179,-49.05795858545113,-36.204918649993274,37.19570597463134,149.13380610461206,-48.0671712608131
2024,30,94.12,44.26,47.03,72.62,185.40999999999994,40.67,88.5657142857143,23.454285714285714,9.74666666666667,-34.559999999999995,-27.32777777777777,8.044444444444451,-52.141111111111094,75.48256410256411,43.43948717948717,38.74641025641025,117.86333333333333,157.66846153846154,30.886666666666663,86.76882783882785,23.363260073260072,-6.651367521367504,-32.96840455840454,-34.50837606837606,53.70675213675216,-74.1281481481481,83.92733333333334,32.013333333333335,34.52133333333334,124.368,150.46200000000002,35.532000000000004,85.11571428571429,28.730666666666664,-4.836148148148155,-47.307925925925915,-42.76940740740739,56.34237037037036,-94.91348148148147,87.66215409439289,31.2829737797499,38.81408955223881,101.69512384025816,157.75921742638155,39.82050826946349,86.40281968535699,26.09316095199677,-1.7276559544619374,-49.05795858545113,-36.204918649993274,37.19570597463134,-86.99053318990637
2024,31,150.73000000000002,94.12,44.26,47.03,289.10999999999996,52.07,92.41285714285712,22.52428571428571,82.3277777777778,9.74666666666667,-34.559999999999995,-27.32777777777777,57.51444444444447,109.68230769230769,75.48256410256411,43.43948717948717,38.74641025641025,228.60435897435895,34.230000000000004,89.47714285714285,22.255641025641026,35.70809116809117,-6.651367521367504,-32.96840455840454,-34.50837606837606,-3.9116809116808753,127.85666666666665,83.92733333333334,32.013333333333335,34.52133333333334,243.79733333333334,40.812,87.93028571428572,27.720190476190474,48.820666666666654,-4.836148148148155,-47.307925925925915,-42.76940740740739,-3.323407407407416,137.34151674062122,87.66215409439289,31.2829737797499,38.81408955223881,256.286644614764,46.58563856393707,90.02979945830691,25.050444188324786,60.833868585002904,-1.7276559544619374,-49.05795858545113,-36.204918649993274,10.048254045089806
2024,32,84.33999999999999,150.73000000000002,94.12,44.26,329.18999999999994,32.44,89.24571428571429,23.125714285714285,3.6177777777777607,82.3277777777778,9.74666666666667,-34.559999999999995,95.69222222222223,77.35615384615384,109.68230769230769,75.48256410256411,43.43948717948717,262.52102564102563,29.12923076923077,87.98076923076923,22.95084249084249,-13.189031339031331,35.70809116809117,-6.651367521367504,-32.96840455840454,15.867692307692337,87.84533333333333,127.85666666666665,83.92733333333334,32.013333333333335,299.6293333333333,34.058,86.17885714285714,28.418190476190478,-12.922592592592594,48.820666666666654,-4.836148148148155,-47.307925925925915,31.061925925925905,85.72440580879386,137.34151674062122,87.66215409439289,31.2829737797499,310.7280766438079,32.879241629689396,87.58169630611422,25.71072448567971,-8.042151136210848,60.833868585002904,-1.7276559544619374,-49.05795858545113,51.06406149433009
2024,33,10.99,84.33999999999999,150.73000000000002,94.12,246.05999999999995,4.57,86.19285714285715,22.765714285714285,-51.63,3.6177777777777607,82.3277777777778,9.74666666666667,34.315555555555555,19.451282051282053,77.35615384615384,109.68230769230769,75.48256410256411,206.48974358974357,8.081538461538461,86.82732600732601,22.10593406593407,-57.34598290598289,-13.189031339031331,35.70809116809117,-6.651367521367504,-34.82692307692305,25.976666666666667,87.84533333333333,127.85666666666665,83.92733333333334,241.67866666666666,10.894666666666666,85.45971428571428,27.662666666666667,-57.74807407407406,-12.922592592592594,48.820666666666654,-4.836148148148155,-21.85,16.075271480435656,85.72440580879386,137.34151674062122,87.66215409439289,239.1411940298507,6.592975393303751,85.5946299775255,25.162332507347436,-58.57433830845771,-8.042151136210848,60.833868585002904,-1.7276559544619374,-5.782620859665684
2024,34,17.990000000000002,10.99,84.33999999999999,150.73000000000002,113.31999999999994,5.57,90.00714285714285,22.868571428571425,-47.446666666666665,-51.63,3.6177777777777607,82.3277777777778,-95.45888888888891,25.45230769230769,19.451282051282053,77.35615384615384,109.68230769230769,122.25974358974358,8.865897435897436,86.91080586080587,22.527655677655677,-46.41709401709401,-57.34598290598289,-13.189031339031331,35.70809116809117,-116.95210826210823,26.208000000000002,25.976666666666667,87.84533333333333,127.85666666666665,140.03,8.895333333333333,86.71752380952381,27.90457142857143,-52.67733333333334,-57.74807407407406,-12.922592592592594,48.820666666666654,-123.34799999999998,19.394275917708757,16.075271480435656,85.72440580879386,137.34151674062122,121.19395320693825,6.199645824929408,88.01105860658099,25.36614833170057,-54.0018440231276,-58.57433830845771,-8.042151136210848,60.833868585002904,-120.61833346779619
2024,35,25.72,17.990000000000002,10.99,84.33999999999999,54.699999999999946,13.17,88.98571428571428,22.722857142857144,-15.516666666666673,-47.446666666666665,-51.63,3.6177777777777607,-114.59333333333333,31.078974358974357,25.45230769230769,19.451282051282053,77.35615384615384,75.98256410256408,14.025897435897436,86.9010989010989,22.41018315018315,-19.95931623931623,-46.41709401709401,-57.34598290598289,-13.189031339031331,-123.72239316239313,25.262,26.208000000000002,25.976666666666667,87.84533333333333,77.44666666666667,10.316666666666666,84.85266666666666,28.095047619047616,-30.035777777777774,-52.67733333333334,-57.74807407407406,-12.922592592592594,-140.46118518518517,24.901863654699476,19.394275917708757,16.075271480435656,85.72440580879386,60.37141105284386,12.50725453812021,86.74898138650376,25.332380913963004,-23.559941105284388,-54.0018440231276,-58.57433830845771,-8.042151136210848,-136.13612343686972
2024,36,23.19,25.72,17.990000000000002,10.99,66.89999999999995,9.41,87.68714285714285,22.967142857142857,-17.30333333333333,-15.516666666666673,-47.446666666666665,-51.63,-80.26666666666667,61.56564102564102,31.078974358974357,25.45230769230769,19.451282051282053,118.09692307692306,28.563076923076924,87.53553113553113,22.051025641025642,12.133903133903146,-19.95931623931623,-46.41709401709401,-57.34598290598289,-54.24250712250709,75.53933333333333,25.262,26.208000000000002,25.976666666666667,127.00933333333333,36.06466666666667,87.52761904761905,27.669238095238093,19.626740740740736,-30.035777777777774,-52.67733333333334,-57.74807407407406,-63.086370370370375,46.41061234368697,24.901863654699476,19.394275917708757,16.075271480435656,90.70675191609519,20.61369665187576,87.88155811675215,25.16821944332392,0.11225592756935043,-23.559941105284388,-54.0018440231276,-58.57433830845771,-77.44952920084268
2024,37,5.49,23.19,25.72,17.990000000000002,54.39999999999994,2.73,81.5942857142857,23.255714285714284,-25.41444444444445,-17.30333333333333,-15.516666666666673,-47.446666666666665,-58.23444444444445,11.602820512820513,61.56564102564102,31.078974358974357,25.45230769230769,104.24743589743588,6.1923076923076925,83.36300366300367,22.354578754578753,-31.216923076923067,12.133903133903146,-19.95931623931623,-46.41709401709401,-39.04233618233615,10.602666666666666,75.53933333333333,25.262,26.208000000000002,111.404,6.118666666666667,82.55257142857143,27.85295238095238,-40.91,19.626740740740736,-30.035777777777774,-52.67733333333334,-51.319037037037035,7.430622025010084,46.41061234368697,24.901863654699476,19.394275917708757,78.7430980233965,4.426338846308995,81.86475456693367,25.455033596496285,-32.25375276769307,0.11225592756935043,-23.559941105284388,-54.0018440231276,-55.70143794540814
2024,38,290.54,5.49,23.19,25.72,319.21999999999997,93.26,90.00571428571428,21.261428571428574,255.58333333333337,-25.41444444444445,-17.30333333333333,-15.516666666666673,212.8655555555556,201.65435897435896,11.602820512820513,61.56564102564102,31.078974358974357,274.8228205128205,74.54923076923077,88.5807326007326,20.972380952380952,151.46333333333334,-31.216923076923067,12.133903133903146,-19.95931623931623,132.3803133903134,211.42000000000002,10.602666666666666,75.53933333333333,25.262,297.562,84.07733333333334,87.72923809523809,26.60352380952381,155.7891851851852,-40.91,19.626740740740736,-30.035777777777774,134.50592592592594,241.01642597821703,7.430622025010084,46.41061234368697,24.901863654699476,294.85766034691403,90.49254538120209,88.78107992854262,23.828918688411225,196.0127115772489,-32.25375276769307,0.11225592756935043,-23.559941105284388,163.87121473712514
2024,39,15.36,290.54,5.49,23.19,311.39,6.95,91.06857142857145,21.75142857142857,-11.028888888888886,255.58333333333337,-25.41444444444445,-17.30333333333333,219.14000000000004,16.283846153846156,201.65435897435896,11.602820512820513,61.56564102564102,229.54102564102564,7.5548717948717945,87.53791208791209,20.995164835164836,-21.752962962962947,151.46333333333334,-31.216923076923067,12.133903133903146,98.49344729344733,14.709333333333335,211.42000000000002,10.602666666666666,75.53933333333333,236.73200000000003,6.976666666666666,87.95857142857143,26.46809523809524,-27.332,155.7891851851852,-40.91,19.626740740740736,87.54718518518521,10.841303751512706,241.01642597821703,7.430622025010084,46.41061234368697,259.2883517547398,4.77076240419524,88.98844303578632,24.106266351639484,-24.009733942898123,196.0127115772489,-32.25375276769307,0.11225592756935043,139.74922486665767
2024,40,0.58,15.36,290.54,5.49,306.47999999999996,0.29,87.75428571428571,20.541428571428572,-25.584444444444447,-11.028888888888886,255.58333333333337,-25.41444444444445,218.97000000000003,3.0084615384615385,16.283846153846156,201.65435897435896,11.602820512820513,220.94666666666666,1.544102564102564,83.86959706959706,19.39974358974359,-42.35441595441595,-21.752962962962947,151.46333333333334,-31.216923076923067,87.35595441595447,2.9466666666666668,14.709333333333335,211.42000000000002,10.602666666666666,229.07600000000002,1.4993333333333334,85.72419047619047,25.058190476190475,-44.754444444444445,-27.332,155.7891851851852,-40.91,83.70274074074075,0.990668818071803,10.841303751512706,241.01642597821703,7.430622025010084,252.8483985478015,0.6161815248083905,86.3068899902034,22.67417518584683,-35.29945040562951,-24.009733942898123,196.0127115772489,-32.25375276769307,136.70352722872124
2024,41,7.55,0.58,15.36,290.54,23.48999999999994,5.26,85.87571428571428,18.85,-3.0344444444444454,-25.584444444444447,-11.028888888888886,255.58333333333337,-39.647777777777776,9.802820512820514,3.0084615384615385,16.283846153846156,201.65435897435896,29.09512820512821,4.182307692307693,83.63238095238096,17.99032967032967,-9.425897435897426,-42.35441595441595,-21.752962962962947,151.46333333333334,-73.53327635327632,7.061333333333334,2.9466666666666668,14.709333333333335,211.42000000000002,24.717333333333336,3.8373333333333335,81.42980952380952,23.938761904761904,-13.704518518518519,-44.754444444444445,-27.332,155.7891851851852,-85.79096296296296,9.16713594191206,0.990668818071803,10.841303751512706,241.01642597821703,20.99910851149654,6.060424364663171,83.00261845214084,21.259014694865442,-4.658484514365114,-35.29945040562951,-24.009733942898123,196.0127115772489,-63.96766886289277
2024,42,0.5700000000000001,7.55,0.58,15.36,8.699999999999942,0.29,82.97142857142856,19.44,-6.664444444444443,-3.0344444444444454,-25.584444444444447,-11.028888888888886,-35.28333333333333,0.9866666666666666,9.802820512820514,3.0084615384615385,16.283846153846156,13.797948717948719,0.4382051282051282,80.36677655677656,18.47084249084249,-13.414358974358967,-9.425897435897426,-42.35441595441595,-21.752962962962947,-65.19467236467234,1.5693333333333332,7.061333333333334,2.9466666666666668,14.709333333333335,11.577333333333334,0.58,80.27171428571428,24.57857142857143,-13.412740740740745,-13.704518518518519,-44.754444444444445,-27.332,-71.8717037037037,0.4197103670835014,9.16713594191206,0.990668818071803,10.841303751512706,10.577515127067336,0.21424041952400158,81.0960316948078,22.01354451679825,-9.545457487338084,-4.658484514365114,-35.29945040562951,-24.009733942898123,-49.50339240733273
2024,43,0.11,0.5700000000000001,7.55,0.58,8.229999999999944,0.06,88.91714285714285,19.287142857142857,0.016666666666667856,-6.664444444444443,-3.0344444444444454,-25.584444444444447,-9.68222222222222,1.291794871794872,0.9866666666666666,9.802820512820514,3.0084615384615385,12.081282051282052,0.8456410256410256,82.50483516483516,18.57091575091575,1.0755840455840553,-13.414358974358967,-9.425897435897426,-42.35441595441595,-21.764672364672336,0.7793333333333333,1.5693333333333332,7.061333333333334,2.9466666666666668,9.41,0.43466666666666665,80.26009523809525,24.267333333333333,0.599703703703699,-13.412740740740745,-13.704518518518519,-44.754444444444445,-26.517555555555564,0.10992093586123437,0.4197103670835014,9.16713594191206,0.990668818071803,9.696767244856767,0.06515127067365872,83.54359776407537,21.701299141358845,-0.011328134104253512,-9.545457487338084,-4.658484514365114,-35.29945040562951,-14.21527013580748
2024,44,0.5499999999999999,0.11,0.5700000000000001,7.55,1.2299999999999431,0.3,87.19428571428571,17.524285714285714,0.44888888888889,0.016666666666667856,-6.664444444444443,-3.0344444444444454,-6.1988888888888845,0.19025641025641024,1.291794871794872,0.9866666666666666,9.802820512820514,2.468717948717949,0.13538461538461538,81.46578754578755,17.180659340659343,0.01877492877493822,1.0755840455840553,-13.414358974358967,-9.425897435897426,-12.319999999999974,0.13,0.7793333333333333,1.5693333333333332,7.061333333333334,2.4786666666666664,0.10600000000000001,77.88304761904762,23.067714285714285,-0.04622222222222694,0.599703703703699,-13.412740740740745,-13.704518518518519,-12.859259259259273,0.27567567567567564,0.10992093586123437,0.4197103670835014,9.16713594191206,0.805306978620383,0.15468898749495766,81.35025424998558,20.35838229700916,0.16338944915064313,-0.011328134104253512,-9.545457487338084,-4.658484514365114,-9.393396172291723
2024,45,0.03,0.5499999999999999,0.11,0.5700000000000001,0.6899999999999431,0.02,83.30285714285715,16.53,-0.0666666666666655,0.44888888888889,0.016666666666667856,-6.664444444444443,0.39888888888889235,0.11820512820512818,0.19025641025641024,1.291794871794872,0.9866666666666666,1.6002564102564103,0.09076923076923077,74.32014652014651,15.437252747252746,-0.0616809116809022,0.01877492877493822,1.0755840455840553,-13.414358974358967,1.0326780626780914,0.058666666666666666,0.13,0.7793333333333333,1.5693333333333332,0.968,0.050666666666666665,74.53866666666666,21.259333333333334,-0.1411851851851899,-0.04622222222222694,0.599703703703699,-13.412740740740745,0.4122962962962821,0.06631787010891488,0.27567567567567564,0.10992093586123437,0.4197103670835014,0.45191448164579645,0.052851956434045985,77.86658675733302,18.825686970552646,-0.04410613598673302,0.16338944915064313,-0.011328134104253512,-9.545457487338084,0.10795517905962818
2024,46,0.06,0.03,0.5499999999999999,0.11,0.6399999999999431,0.06,79.61428571428571,14.438571428571429,-0.07555555555555438,-0.0666666666666655,0.44888888888889,0.016666666666667856,0.3066666666666701,0.015384615384615384,0.11820512820512818,0.19025641025641024,1.291794871794872,0.3238461538461538,0.013076923076923078,73.40399267399266,13.355128205128207,-0.7862393162393068,-0.0616809116809022,0.01877492877493822,1.0755840455840553,-0.8291452991452708,0.009333333333333332,0.058666666666666666,0.13,0.7793333333333333,0.198,0.009333333333333332,68.89304761904762,19.384571428571427,-0.2500740740740788,-0.1411851851851899,-0.04622222222222694,0.599703703703699,-0.4374814814814956,0.027749899152884228,0.06631787010891488,0.27567567567567564,0.10992093586123437,0.3697434449374463,0.027679709560306576,72.9293719817899,16.752487869532647,-0.16091658823002103,-0.04410613598673302,0.16338944915064313,-0.011328134104253512,-0.04163327506613934
2024,47,0.0,0.06,0.03,0.5499999999999999,0.08999999999994315,0.0,82.10857142857142,14.008571428571427,-0.48555555555555435,-0.07555555555555438,-0.0666666666666655,0.44888888888889,-0.6277777777777742,0.0007692307692307693,0.015384615384615384,0.11820512820512818,0.19025641025641024,0.13435897435897434,0.0007692307692307693,72.12443223443223,12.727838827838829,-1.2058404558404463,-0.7862393162393068,-0.0616809116809022,0.01877492877493822,-2.0537606837606552,0.0006666666666666666,0.009333333333333332,0.058666666666666666,0.13,0.06866666666666667,0.0006666666666666666,68.76657142857144,18.731428571428573,-0.6115555555555602,-0.2500740740740788,-0.1411851851851899,-0.04622222222222694,-1.0028148148148288,3.146430012101654e-05,0.027749899152884228,0.06631787010891488,0.27567567567567564,0.0940992335618917,3.146430012101654e-05,74.60244660865557,16.34666985535642,-0.5194736228766079,-0.16091658823002103,-0.04410613598673302,0.16338944915064313,-0.7244963470933904
2024,48,0.0,0.0,0.06,0.03,0.059999999999943154,0.0,69.21714285714286,12.907142857142857,-0.48666666666666547,-0.48555555555555435,-0.07555555555555438,-0.0666666666666655,-1.0477777777777741,0.025897435897435896,0.0007692307692307693,0.015384615384615384,0.11820512820512818,0.04205128205128205,0.025384615384615384,63.68051282051282,11.432930402930404,-1.288632478632469,-1.2058404558404463,-0.7862393162393068,-0.0616809116809022,-3.280712250712222,0.015333333333333332,0.0006666666666666666,0.009333333333333332,0.058666666666666666,0.025333333333333333,0.014666666666666666,64.05895238095238,17.278380952380953,-0.6577037037037085,-0.6115555555555602,-0.2500740740740788,-0.1411851851851899,-1.5193333333333474,0.00836224283985478,3.146430012101654e-05,0.027749899152884228,0.06631787010891488,0.0361436062928316,0.008330778539733763,65.05684469544173,15.030420676540079,-0.5643737170005827,-0.5194736228766079,-0.16091658823002103,-0.04410613598673302,-1.24476392810724
2024,49,0.0,0.0,0.0,0.06,0.0,0.0,62.815714285714286,10.948571428571428,-0.4366666666666655,-0.48666666666666547,-0.48555555555555435,-0.07555555555555438,-1.4088888888888853,0.34769230769230763,0.025897435897435896,0.0007692307692307693,0.015384615384615384,0.3743589743589743,0.33974358974358976,57.26227106227106,9.737472527472526,-0.29213675213674273,-1.288632478632469,-1.2058404558404463,-0.7862393162393068,-2.786609686609658,0.2653333333333333,0.015333333333333332,0.0006666666666666666,0.009333333333333332,0.2813333333333333,0.246,59.607904761904756,14.981809523809524,-0.2728888888888936,-0.6577037037037085,-0.6115555555555602,-0.2500740740740788,-1.5421481481481623,0.15713594191206134,0.00836224283985478,3.146430012101654e-05,0.027749899152884228,0.16552964905200873,0.1506696248487293,59.37368212989109,12.86302933210396,-0.27869033212316796,-0.5643737170005827,-0.5194736228766079,-0.16091658823002103,-1.362537672000387
2024,50,0.0,0.0,0.0,0.0,0.0,0.0,68.42142857142856,12.781428571428572,-3.108888888888888,-0.4366666666666655,-0.48666666666666547,-0.48555555555555435,-4.032222222222219,0.027692307692307693,0.34769230769230763,0.025897435897435896,0.0007692307692307693,0.40128205128205124,0.02435897435897436,57.43736263736264,11.616520146520147,-2.3958974358974263,-0.29213675213674273,-1.288632478632469,-1.2058404558404463,-3.976666666666638,0.010666666666666666,0.2653333333333333,0.015333333333333332,0.0006666666666666666,0.29133333333333333,0.008666666666666666,59.178761904761906,17.27895238095238,-2.209851851851857,-0.2728888888888936,-0.6577037037037085,-0.6115555555555602,-3.1404444444444595,0.0009140782573618395,0.15713594191206134,0.00836224283985478,3.146430012101654e-05,0.16641226300924952,0.0008196853569987899,62.133680631591076,15.023646862214026,-2.901030791986016,-0.27869033212316796,-0.5643737170005827,-0.5194736228766079,-3.7440948411097947
2024,51,0.0,0.0,0.0,0.0,0.0,0.0,69.03428571428572,12.72,-3.1433333333333326,-3.108888888888888,-0.4366666666666655,-0.48666666666666547,-6.688888888888886,2.0317948717948715,0.027692307692307693,0.34769230769230763,0.025897435897435896,2.4071794871794867,1.182820512820513,65.58032967032968,11.298205128205128,-1.0620227920227827,-2.3958974358974263,-0.29213675213674273,-1.288632478632469,-3.750056980056952,1.6113333333333333,0.010666666666666666,0.2653333333333333,0.015333333333333332,1.8873333333333333,0.998,64.97495238095239,17.81009523809524,-1.3756296296296344,-2.209851851851857,-0.2728888888888936,-0.6577037037037085,-3.8583703703703858,0.8763485276321098,0.0009140782573618395,0.15713594191206134,0.00836224283985478,1.0343985478015045,0.5178394513916902,65.5667044315104,15.221807180314643,-2.472966518757563,-2.901030791986016,-0.27869033212316796,-0.5643737170005827,-5.652687642866775
2024,52,0.0,0.0,0.0,0.0,0.0,0.0,70.48571428571428,11.705714285714285,-3.28111111111111,-3.1433333333333326,-3.108888888888888,-0.4366666666666655,-9.533333333333331,0.0002564102564102564,2.0317948717948715,0.027692307692307693,0.34769230769230763,2.0597435897435896,0.0002564102564102564,57.29758241758242,11.347032967032968,-3.4874074074073973,-1.0620227920227827,-2.3958974358974263,-0.29213675213674273,-6.945327635327606,0.0006666666666666666,1.6113333333333333,0.010666666666666666,0.2653333333333333,1.6226666666666665,0.0006666666666666666,60.99076190476191,16.006761904761905,-3.5110370370370423,-1.3756296296296344,-2.209851851851857,-0.2728888888888936,-7.096518518518534,0.0,0.8763485276321098,0.0009140782573618395,0.15713594191206134,0.8772626058894432,0.0,64.40010845386965,13.67674580764133,-3.698355878266326,-2.472966518757563,-2.901030791986016,-0.27869033212316796,-9.072353189009933
2025,1,1.42,0.0,0.0,0.0,1.419999999999943,1.2,69.8157142857143,11.247142857142858,0.9766666666666666,-3.28111111111111,-3.1433333333333326,-3.108888888888888,-5.447777777777777,0.7287179487179487,0.0002564102564102564,2.0317948717948715,0.027692307692307693,2.76076923076923,0.5953846153846154,62.07747252747253,10.063040293040293,-1.1105413105413107,-3.4874074074073973,-1.0620227920227827,-2.3958974358974263,-5.6599715099714905,0.5993333333333334,0.0006666666666666666,1.6113333333333333,0.010666666666666666,2.211333333333333,0.47,60.98714285714286,15.775333333333332,-1.5046666666666662,-3.5110370370370423,-1.3756296296296344,-2.209851851851857,-6.391333333333343,0.8872561516740622,0.0,0.8763485276321098,0.0009140782573618395,1.7636046793061437,0.7594764017749092,64.11337809024377,13.40019339595459,-0.4008077629868674,-3.698355878266326,-2.472966518757563,-2.901030791986016,-6.572130160010785
2025,2,0.0,1.42,0.0,0.0,1.419999999999943,0.0,62.27285714285714,12.645714285714286,-0.48444444444444446,0.9766666666666666,-3.28111111111111,-3.1433333333333326,-2.788888888888888,0.9766666666666666,0.7287179487179487,0.0002564102564102564,2.0317948717948715,1.7056410256410255,0.9207692307692307,58.68787545787546,11.24047619047619,-1.431737891737892,-1.1105413105413107,-3.4874074074073973,-1.0620227920227827,-6.0296866096866,0.5793333333333333,0.5993333333333334,0.0006666666666666666,1.6113333333333333,1.1793333333333333,0.5333333333333333,58.77028571428571,16.92590476190476,-1.6725185185185183,-1.5046666666666662,-3.5110370370370423,-1.3756296296296344,-6.688222222222227,0.34341750705929813,0.8872561516740622,0.0,0.8763485276321098,1.230673658733332,0.3150843081887859,60.10037791736298,14.655447242551721,-1.0885185782797722,-0.4008077629868674,-3.698355878266326,-2.472966518757563,-5.187682219532994
2025,3,0.0,0.0,1.42,0.0,1.419999999999943,0.0,50.92142857142857,13.415714285714284,-4.527777777777778,-0.48444444444444446,0.9766666666666666,-3.28111111111111,-4.035555555555556,0.00641025641025641,0.9766666666666666,0.7287179487179487,0.0002564102564102564,1.7117948717948717,0.0041025641025641026,49.9603663003663,11.795421245421245,-6.049116809116809,-1.431737891737892,-1.1105413105413107,-3.4874074074073973,-8.59139601139601,0.004666666666666667,0.5793333333333333,0.5993333333333334,0.0006666666666666666,1.1833333333333333,0.0026666666666666666,50.03057142857143,16.850380952380952,-5.710444444444444,-1.6725185185185183,-1.5046666666666662,-3.5110370370370423,-8.887629629629629,0.00028156514723678906,0.34341750705929813,0.8872561516740622,0.0,1.2309552238805688,0.00015651472367890279,49.47941381893621,15.057829424307034,-5.251532248666576,-1.0885185782797722,-0.4008077629868674,-3.698355878266326,-6.740858589933244
2025,4,0.0,0.0,0.0,1.42,0.0,0.0,48.90571428571428,12.751428571428573,-4.311111111111111,-4.527777777777778,-0.48444444444444446,0.9766666666666666,-9.323333333333332,0.016923076923076923,0.00641025641025641,0.9766666666666666,0.7287179487179487,0.9999999999999999,0.008205128205128205,46.01959706959707,11.456446886446887,-6.207492877492876,-6.049116809116809,-1.431737891737892,-1.1105413105413107,-13.688347578347578,0.006,0.004666666666666667,0.5793333333333333,0.5993333333333334,0.59,0.0033333333333333335,41.99371428571428,17.566,-6.357851851851851,-5.710444444444444,-1.6725185185185183,-1.5046666666666662,-13.740814814814815,0.0005502218636546996,0.00028156514723678906,0.34341750705929813,0.8872561516740622,0.3442492940701612,0.0002710770471964502,43.97410441998502,15.070767821126031,-5.856831876652772,-5.251532248666576,-1.0885185782797722,-0.4008077629868674,-12.196882703599147
2025,5,0.0,0.0,0.0,0.0,0.0,0.0,42.49285714285714,14.274285714285714,-4.62,-4.311111111111111,-4.527777777777778,-0.48444444444444446,-13.45888888888889,0.22769230769230772,0.016923076923076923,0.00641025641025641,0.9766666666666666,0.25102564102564107,0.1794871794871795,43.52871794871795,12.484285714285715,-5.111225071225071,-6.207492877492876,-6.049116809116809,-1.431737891737892,-17.367834757834757,0.07200000000000001,0.006,0.004666666666666667,0.5793333333333333,0.08266666666666668,0.056666666666666664,41.39961904761905,18.122857142857143,-5.548814814814815,-6.357851851851851,-5.710444444444444,-1.6725185185185183,-17.61711111111111,0.0448511496571198,0.0005502218636546996,0.00028156514723678906,0.34341750705929813,0.04568293666798287,0.03985800726099233,41.0564625136864,16.098967671296027,-5.535608533907041,-5.856831876652772,-5.251532248666576,-1.0885185782797722,-16.643972659226417
2025,6,0.0,0.0,0.0,0.0,0.0,0.0,40.14571428571429,13.344285714285714,-0.6733333333333333,-4.62,-4.311111111111111,-4.527777777777778,-9.604444444444443,0.2361538461538462,0.22769230769230772,0.016923076923076923,0.00641025641025641,0.48076923076923084,0.1264102564102564,43.02864468864469,11.66025641025641,-1.937834757834757,-5.111225071225071,-6.207492877492876,-6.049116809116809,-13.256552706552704,0.10933333333333332,0.07200000000000001,0.006,0.004666666666666667,0.18733333333333335,0.07066666666666667,36.57819047619047,18.32695238095238,-1.9888148148148153,-5.548814814814815,-6.357851851851851,-5.710444444444444,-13.895481481481482,0.011386849536103267,0.0448511496571198,0.0005502218636546996,0.00028156514723678906,0.056788221056849345,0.007770068576038725,37.43141439520544,15.737518815190457,-1.7697910447761196,-5.535608533907041,-5.856831876652772,-5.251532248666576,-13.162231455335961
2025,7,0.5599999999999999,0.0,0.0,0.0,0.5599999999999431,0.35,48.471428571428575,14.20142857142857,-0.45777777777777773,-0.6733333333333333,-4.62,-4.311111111111111,-5.75111111111111,1.7992307692307692,0.2361538461538462,0.22769230769230772,0.016923076923076923,2.263076923076923,0.9446153846153845,51.03051282051282,12.755421245421246,0.09091168091168145,-1.937834757834757,-5.111225071225071,-6.207492877492876,-6.958148148148147,1.2633333333333332,0.10933333333333332,0.07200000000000001,0.006,1.4446666666666665,0.84,41.15914285714286,20.387428571428572,0.35518518518518505,-1.9888148148148153,-5.548814814814815,-6.357851851851851,-7.182444444444446,0.6443186768858411,0.011386849536103267,0.0448511496571198,0.0005502218636546996,0.7005566760790357,0.39754255748285594,43.23999124070766,17.253943295107476,-0.3981052395679261,-1.7697910447761196,-5.535608533907041,-5.856831876652772,-7.703504818251115
2025,8,237.2,0.5599999999999999,0.0,0.0,237.75999999999993,233.66,56.90428571428571,14.14,236.17666666666665,-0.45777777777777773,-0.6733333333333333,-4.62,235.04555555555555,69.64999999999999,1.7992307692307692,0.2361538461538462,0.22769230769230772,71.6853846153846,61.91717948717949,56.07882783882784,13.621208791208792,67.35418803418803,0.09091168091168145,-1.937834757834757,-5.111225071225071,65.50726495726495,48.928,1.2633333333333332,0.10933333333333332,0.07200000000000001,50.300666666666665,45.48666666666667,45.73409523809524,21.360857142857142,47.647555555555556,0.35518518518518505,-1.9888148148148153,-5.548814814814815,46.013925925925925,128.30593707139974,0.6443186768858411,0.011386849536103267,0.0448511496571198,128.96164259782165,124.87775151270672,50.56497493228837,17.7070311761655,127.11275352964904,-0.3981052395679261,-1.7697910447761196,-5.535608533907041,124.94485724530497
2025,9,0.1,237.2,0.5599999999999999,0.0,237.85999999999993,0.1,49.80285714285714,14.254285714285714,-2.384444444444444,236.17666666666665,-0.45777777777777773,-0.6733333333333333,233.33444444444442,1.4153846153846152,69.64999999999999,1.7992307692307692,0.2361538461538462,72.86461538461538,1.327179487179487,44.90897435897436,13.792197802197803,-1.393561253561253,67.35418803418803,0.09091168091168145,-1.937834757834757,66.05153846153844,0.8773333333333333,48.928,1.2633333333333332,0.10933333333333332,51.068666666666665,0.782,35.800285714285714,21.30457142857143,-1.2099999999999997,47.647555555555556,0.35518518518518505,-1.9888148148148153,46.79274074074074,0.4989237595804761,128.30593707139974,0.6443186768858411,0.011386849536103267,129.449179507866,0.4723775716014522,42.125188843427644,17.646093586123435,-1.8161140244722336,127.11275352964904,-0.3981052395679261,-1.7697910447761196,124.89853426560886
2025,10,3.42,0.1,237.2,0.5599999999999999,240.71999999999994,1.99,48.24857142857143,18.56571428571429,-1.8611111111111116,-2.384444444444444,236.17666666666665,-0.45777777777777773,231.93111111111108,7.1805128205128215,1.4153846153846152,69.64999999999999,1.7992307692307692,78.24589743589743,4.609999999999999,48.87117216117216,17.388388278388277,0.8940170940170953,-1.393561253561253,67.35418803418803,0.09091168091168145,66.85464387464387,2.8073333333333332,0.8773333333333333,48.928,1.2633333333333332,52.61266666666666,1.66,36.8292380952381,25.596,-2.178148148148148,-1.2099999999999997,47.647555555555556,0.35518518518518505,44.25940740740741,2.937836224283985,0.4989237595804761,128.30593707139974,0.6443186768858411,131.74269705526416,1.648371117386043,41.584648187633256,22.038746153402872,-2.196068486396846,-1.8161140244722336,127.11275352964904,-0.3981052395679261,123.10057101877993
2025,11,5.74,3.42,0.1,237.2,9.259999999999943,5.17,46.27,17.767142857142858,-2.452222222222222,-1.8611111111111116,-2.384444444444444,236.17666666666665,-6.697777777777778,4.4253846153846155,7.1805128205128215,1.4153846153846152,69.64999999999999,13.021282051282052,2.9833333333333334,43.050073260073255,16.60783882783883,-4.375270655270654,0.8940170940170953,-1.393561253561253,67.35418803418803,-4.874814814814812,5.1433333333333335,2.8073333333333332,0.8773333333333333,48.928,8.828,3.3953333333333333,33.105714285714285,24.991047619047617,-2.4988888888888896,-2.178148148148148,-1.2099999999999997,47.647555555555556,-5.887037037037038,5.118881000403389,2.937836224283985,0.4989237595804761,128.30593707139974,8.555640984267821,4.644803549818475,38.36807560652338,21.296529937186655,-2.4675125274528265,-2.196068486396846,-1.8161140244722336,127.11275352964904,-6.4796950383219345
2025,12,0.15,5.74,3.42,0.1,9.309999999999944,0.08,38.712857142857146,20.65,-7.783333333333332,-2.452222222222222,-1.8611111111111116,-2.384444444444444,-12.096666666666666,0.46153846153846156,4.4253846153846155,7.1805128205128215,1.4153846153846152,12.067435897435898,0.2053846153846154,34.84849816849817,19.662417582417582,-8.790484330484329,-4.375270655270654,0.8940170940170953,-1.393561253561253,-12.271737891737889,0.08600000000000001,5.1433333333333335,2.8073333333333332,0.8773333333333333,8.036666666666667,0.048,27.004571428571428,27.169142857142855,-7.541851851851852,-2.4988888888888896,-2.178148148148148,-1.2099999999999997,-12.21888888888889,0.0856304961678096,5.118881000403389,2.937836224283985,0.4989237595804761,8.142347720855156,0.04543041549011699,31.150661096064084,23.91044280527863,-7.117218771009817,-2.4675125274528265,-2.196068486396846,-1.8161140244722336,-11.780799784859518
2025,13,0.0,0.15,5.74,3.42,5.889999999999944,0.0,29.785714285714285,21.041428571428572,-6.637777777777778,-7.783333333333332,-2.452222222222222,-1.8611111111111116,-16.87333333333333,0.001794871794871795,0.46153846153846156,4.4253846153846155,7.1805128205128215,4.888717948717948,0.001794871794871795,27.074322344322344,19.97120879120879,-7.386353276353276,-8.790484330484329,-4.375270655270654,0.8940170940170953,-20.55210826210826,0.0,0.08600000000000001,5.1433333333333335,2.8073333333333332,5.229333333333334,0.0,18.435714285714287,28.083047619047615,-5.957851851851852,-7.541851851851852,-2.4988888888888896,-2.178148148148148,-15.998592592592594,3.065752319483663e-05,0.0856304961678096,5.118881000403389,2.937836224283985,5.204542154094366,3.065752319483663e-05,22.17496836281911,24.61821229758543,-5.703154318497603,-7.117218771009817,-2.4675125274528265,-2.196068486396846,-15.287885616960274
2025,14,32.07,0.0,0.15,5.74,32.21999999999994,17.63,64.60714285714286,20.021428571428572,24.772222222222222,-6.637777777777778,-7.783333333333332,-2.452222222222222,10.351111111111113,31.946153846153848,0.001794871794871795,0.46153846153846156,4.4253846153846155,32.40948717948718,20.306410256410256,56.94692307692307,19.93838827838828,24.00752136752137,-7.386353276353276,-8.790484330484329,-4.375270655270654,7.830683760683765,31.954666666666665,0.0,0.08600000000000001,5.1433333333333335,32.04066666666667,19.934666666666665,46.38219047619047,27.903333333333332,25.282518518518515,-5.957851851851852,-7.541851851851852,-2.4988888888888896,11.78281481481481,30.479811214199277,3.065752319483663e-05,0.0856304961678096,5.118881000403389,30.56547236789025,18.430598628479224,53.81028421598572,24.0751278741428,23.82929873156739,-5.703154318497603,-7.117218771009817,-2.4675125274528265,11.008925642059943
2025,15,12.43,32.07,0.0,0.15,44.49999999999994,6.75,69.95,20.064285714285713,1.5011111111111095,24.772222222222222,-6.637777777777778,-7.783333333333332,19.635555555555555,23.313076923076924,31.946153846153848,0.001794871794871795,0.46153846153846156,55.26102564102564,10.313589743589745,60.88014652014652,20.49827838827839,12.801225071225073,24.00752136752137,-7.386353276353276,-8.790484330484329,29.422393162393167,21.924,31.954666666666665,0.0,0.08600000000000001,53.87866666666666,10.159333333333333,50.98304761904762,28.257238095238097,12.720888888888888,25.282518518518515,-5.957851851851852,-7.541851851851852,32.04555555555555,17.301679709560304,30.479811214199277,3.065752319483663e-05,0.0856304961678096,47.781521581282746,7.606891488503428,59.314981962773004,24.249269982135655,7.347394110528436,23.82929873156739,-5.703154318497603,-7.117218771009817,25.473538523598194
2025,16,4.07,12.43,32.07,0.0,48.56999999999994,3.92,34.53285714285715,24.48,-15.469999999999999,1.5011111111111095,24.772222222222222,-6.637777777777778,10.803333333333333,4.266923076923077,23.313076923076924,31.946153846153848,0.001794871794871795,59.526153846153846,2.421025641025641,35.83172161172161,22.851904761904763,-15.046581196581197,12.801225071225073,24.00752136752137,-7.386353276353276,21.762165242165242,4.602666666666667,21.924,31.954666666666665,0.0,58.48133333333333,3.2633333333333336,28.288190476190476,30.99142857142857,-15.090148148148149,12.720888888888888,25.282518518518515,-5.957851851851852,22.91325925925925,3.499252117789431,17.301679709560304,30.479811214199277,3.065752319483663e-05,51.28074304154898,3.3410391286809196,29.97523021955858,27.757471215351813,-15.578510958719914,7.347394110528436,23.82929873156739,-5.703154318497603,15.598181883375885
2025,17,18.16,4.07,12.43,32.07,34.65999999999994,8.72,65.75428571428571,19.422857142857143,-3.7411111111111097,-15.469999999999999,1.5011111111111095,24.772222222222222,-17.71,13.704358974358975,4.266923076923077,23.313076923076924,31.946153846153848,41.28435897435897,8.426153846153847,57.79300366300366,20.115714285714287,-8.424358974358974,-15.046581196581197,12.801225071225073,24.00752136752137,-10.669715099715098,14.401333333333334,4.602666666666667,21.924,31.954666666666665,40.928,9.201333333333334,48.082095238095235,27.912666666666667,-9.012074074074075,-15.090148148148149,12.720888888888888,25.282518518518515,-11.381333333333336,16.07463816054861,3.499252117789431,17.301679709560304,30.479811214199277,36.87556998789832,8.82973134328358,55.60757471330606,23.72255160490981,-5.6944709784411245,-15.578510958719914,7.347394110528436,23.82929873156739,-13.925587826632631
2025,18,5.28,18.16,4.07,12.43,27.509999999999945,2.72,56.06714285714286,22.65142857142857,-21.14,-3.7411111111111097,-15.469999999999999,1.5011111111111095,-40.35111111111111,13.358717948717949,13.704358974358975,4.266923076923077,23.313076923076924,31.33,7.074102564102564,55.02761904761905,22.62824175824176,-15.47276353276353,-8.424358974358974,-15.046581196581197,12.801225071225073,-38.943703703703704,10.792666666666666,14.401333333333334,4.602666666666667,21.924,29.796666666666667,6.359333333333334,42.22361904761905,30.862952380952382,-21.57688888888889,-9.012074074074075,-15.090148148148149,12.720888888888888,-45.67911111111111,6.07755223880597,16.07463816054861,3.499252117789431,17.301679709560304,25.651442517143987,3.951072206534893,48.33390894946119,26.764011525384657,-22.237039487248445,-5.6944709784411245,-15.578510958719914,7.347394110528436,-43.510021424409516
2025,19,26.02,5.28,18.16,4.07,49.459999999999944,13.57,56.56571428571429,23.885714285714283,-10.604444444444443,-21.14,-3.7411111111111097,-15.469999999999999,-35.48555555555555,34.923589743589744,13.358717948717949,13.704358974358975,4.266923076923077,61.986666666666665,12.572820512820513,54.76153846153847,23.35827838827839,-2.3092592592592567,-15.47276353276353,-8.424358974358974,-15.046581196581197,-26.20638176638176,31.091333333333335,10.792666666666666,14.401333333333334,4.602666666666667,56.285333333333334,12.717333333333332,43.7412380952381,31.44057142857143,-11.877925925925918,-21.57688888888889,-9.012074074074075,-15.090148148148149,-42.46688888888889,23.842226704316253,6.07755223880597,16.07463816054861,3.499252117789431,45.99441710367081,11.535334409035901,47.29415858929293,28.02237330720913,-15.421819281968546,-22.237039487248445,-5.6944709784411245,-15.578510958719914,-43.353329747658144
2025,20,42.33,26.02,5.28,18.16,73.62999999999994,15.39,72.73,22.354285714285712,8.466666666666661,-10.604444444444443,-21.14,-3.7411111111111097,-23.277777777777782,53.820256410256405,34.923589743589744,13.358717948717949,13.704358974358975,102.10256410256409,19.898205128205127,69.61465201465201,22.297435897435896,18.52378917378917,-2.3092592592592567,-15.47276353276353,-8.424358974358974,0.7417663817663822,49.916666666666664,31.091333333333335,10.792666666666666,14.401333333333334,91.80066666666667,17.112000000000002,60.60838095238095,29.523809523809526,9.65614814814814,-11.877925925925918,-21.57688888888889,-9.012074074074075,-23.798666666666666,48.77429447357805,23.842226704316253,6.07755223880597,16.07463816054861,78.69407341670026,16.605757160145224,65.2357543940529,26.09281081081081,12.146851956434041,-15.421819281968546,-22.237039487248445,-5.6944709784411245,-25.512006812782978
2025,21,25.11,42.33,26.02,5.28,93.45999999999994,9.31,69.46285714285715,24.514285714285712,-12.390000000000008,8.466666666666661,-10.604444444444443,-21.14,-14.52777777777779,34.327179487179485,53.820256410256405,34.923589743589744,13.358717948717949,123.07102564102563,10.334615384615384,66.3641391941392,24.012234432234433,-3.8930484330484347,18.52378917378917,-2.3092592592592567,-15.47276353276353,12.321481481481477,29.798000000000002,49.916666666666664,31.091333333333335,10.792666666666666,110.80600000000001,9.992666666666668,55.78038095238095,31.409904761904762,-12.614296296296295,9.65614814814814,-11.877925925925918,-21.57688888888889,-14.836074074074073,26.96948446954417,48.77429447357805,23.842226704316253,6.07755223880597,99.58600564743847,9.800122630092778,61.29178793292227,28.05563003515242,-11.694589574649285,12.146851956434041,-15.421819281968546,-22.237039487248445,-14.969556900183818
2025,22,26.92,25.11,42.33,26.02,94.35999999999994,16.66,60.49285714285714,23.511428571428574,-15.836666666666666,-12.390000000000008,8.466666666666661,-10.604444444444443,-19.760000000000012,17.616666666666667,34.327179487179485,53.820256410256405,34.923589743589744,105.76410256410256,9.294358974358975,57.723736263736264,22.944285714285712,-29.09991452991452,-3.8930484330484347,18.52378917378917,-2.3092592592592567,-14.469173789173787,14.432,29.798000000000002,49.916666666666664,31.091333333333335,94.14666666666666,5.913333333333333,47.5792380952381,31.039809523809527,-34.49155555555556,-12.614296296296295,9.65614814814814,-11.877925925925918,-37.44970370370371,20.331741024606696,26.96948446954417,48.77429447357805,23.842226704316253,96.0755199677289,10.971410246066961,52.65093747478822,27.288761251656773,-23.529645914571287,-11.694589574649285,12.146851956434041,-15.421819281968546,-23.07738353278656
2025,23,43.33,26.92,25.11,42.33,95.35999999999994,18.96,72.85142857142857,24.72714285714286,-9.298888888888897,-15.836666666666666,-12.390000000000008,8.466666666666661,-37.52555555555557,60.32410256410256,17.616666666666667,34.327179487179485,53.820256410256405,112.26794871794871,40.08923076923077,67.91857142857144,25.347985347985347,3.4802849002849072,-29.09991452991452,-3.8930484330484347,18.52378917378917,-29.51267806267805,78.85133333333333,14.432,29.798000000000002,49.916666666666664,123.08133333333333,61.483333333333334,56.645428571428575,32.695523809523806,19.33096296296295,-34.49155555555556,-12.614296296296295,9.65614814814814,-27.774888888888903,47.269963695038314,20.331741024606696,26.96948446954417,48.77429447357805,94.57118918918916,26.088764017749096,63.03916440961216,28.840659367256382,-7.760792792792806,-23.529645914571287,-11.694589574649285,12.146851956434041,-42.98502828201341
2025,24,75.59,43.33,26.92,25.11,145.83999999999995,18.49,83.51285714285714,23.68857142857143,9.783333333333331,-9.298888888888897,-15.836666666666666,-12.390000000000008,-15.352222222222231,82.90846153846154,60.32410256410256,17.616666666666667,34.327179487179485,160.84923076923076,25.434615384615388,78.63424908424909,24.006007326007328,6.977891737891753,3.4802849002849072,-29.09991452991452,-3.8930484330484347,-18.64173789173786,91.07933333333334,78.85133333333333,14.432,29.798000000000002,184.36266666666666,27.779333333333334,71.76257142857142,30.25914285714286,6.588518518518526,19.33096296296295,-34.49155555555556,-12.614296296296295,-8.57207407407408,85.26456555062526,47.269963695038314,20.331741024606696,26.96948446954417,152.86627027027026,21.699014118596203,76.07369423154498,27.165297873566534,10.735147057505273,-7.760792792792806,-23.529645914571287,-11.694589574649285,-20.555291649858848
2025,25,62.58,75.59,43.33,26.92,181.49999999999994,19.1,85.44714285714285,23.52285714285714,2.331111111111106,9.783333333333331,-9.298888888888897,-15.836666666666666,2.815555555555541,60.506410256410255,82.90846153846154,60.32410256410256,17.616666666666667,203.73897435897433,24.976153846153846,82.16520146520146,23.62688644688645,-5.345584045584026,6.977891737891753,3.4802849002849072,-29.09991452991452,5.112592592592634,61.38666666666667,91.07933333333334,78.85133333333333,14.432,231.31733333333335,28.453333333333333,76.38514285714285,29.644285714285715,-13.04896296296296,6.588518518518526,19.33096296296295,-34.49155555555556,12.870518518518516,61.142650262202494,85.26456555062526,47.269963695038314,20.331741024606696,193.67717950786607,23.02499717628076,79.32236627672448,26.76887373941105,-5.230103715655957,10.735147057505273,-7.760792792792806,-23.529645914571287,-2.2557494509435188
2025,26,31.04,62.58,75.59,43.33,169.20999999999995,7.9,83.84714285714287,23.645714285714288,-34.76,2.331111111111106,9.783333333333331,-9.298888888888897,-22.64555555555556,44.86538461538461,60.506410256410255,82.90846153846154,60.32410256410256,188.28025641025638,17.493589743589745,80.9048717948718,23.574468864468866,-25.82262108262107,-5.345584045584026,6.977891737891753,3.4802849002849072,-24.190313390313342,44.845333333333336,61.38666666666667,91.07933333333334,78.85133333333333,197.31133333333332,19.074666666666666,76.83733333333333,29.50095238095238,-36.69807407407408,-13.04896296296296,6.588518518518526,19.33096296296295,-43.15851851851851,39.49669382815651,61.142650262202494,85.26456555062526,47.269963695038314,185.90390964098424,13.406212989108512,79.04549403561346,26.717218463666224,-31.2686182600511,-5.230103715655957,10.735147057505273,-7.760792792792806,-25.76357491820181
2025,27,57.26,31.04,62.58,75.59,150.87999999999994,23.15,85.39142857142858,23.305714285714284,-7.315555555555555,-34.76,2.331111111111106,9.783333333333331,-39.74444444444445,53.162564102564104,44.86538461538461,60.506410256410255,82.90846153846154,158.53435897435895,19.203333333333337,81.6308424908425,23.39842490842491,-10.994017094017067,-25.82262108262107,-5.345584045584026,6.977891737891753,-42.16222222222216,55.07333333333334,44.845333333333336,61.38666666666667,91.07933333333334,161.30533333333332,20.791999999999998,75.92104761904763,29.42304761904762,-12.952296296296296,-36.69807407407408,-13.04896296296296,6.588518518518526,-62.699333333333335,58.36579830576845,39.49669382815651,61.142650262202494,85.26456555062526,159.00514239612744,22.620676885841064,79.58581789892239,26.457936264622827,-6.133619559858374,-31.2686182600511,-5.230103715655957,10.735147057505273,-42.63234153556546
2025,28,71.71,57.26,31.04,62.58,160.00999999999993,24.57,85.41428571428571,22.958571428571425,-2.647777777777776,-7.315555555555555,-34.76,2.331111111111106,-44.72333333333333,64.46410256410256,53.162564102564104,44.86538461538461,60.506410256410255,162.49205128205128,21.293846153846154,83.66626373626374,22.871355311355313,-8.790683760683748,-10.994017094017067,-25.82262108262107,-5.345584045584026,-45.607321937321885,66.33333333333333,55.07333333333334,44.845333333333336,61.38666666666667,166.252,19.336666666666666,80.1087619047619,28.52857142857143,-10.957407407407402,-12.952296296296296,-36.69807407407408,-13.04896296296296,-60.60777777777778,60.909596611536905,58.36579830576845,39.49669382815651,61.142650262202494,158.77208874546184,19.941284388866478,81.62034460900131,25.814489713594188,-14.109411590695181,-6.133619559858374,-31.2686182600511,-5.230103715655957,-51.51164941060468
2025,29,28.51,71.71,57.26,31.04,157.47999999999993,10.04,85.28428571428572,24.035714285714285,-50.30999999999999,-2.647777777777776,-7.315555555555555,-34.76,-60.27333333333332,35.51461538461538,64.46410256410256,53.162564102564104,44.86538461538461,153.14128205128205,11.622051282051283,81.5945054945055,24.021282051282054,-40.893276353276335,-8.790683760683748,-10.994017094017067,-25.82262108262107,-60.67797720797715,32.00266666666667,66.33333333333333,55.07333333333334,44.845333333333336,153.40933333333334,10.066666666666666,76.05542857142858,30.023809523809526,-47.31859259259258,-10.957407407407402,-12.952296296296296,-36.69807407407408,-71.22829629629628,31.63654296087132,60.909596611536905,58.36579830576845,39.49669382815651,150.91193787817664,10.98702864058088,79.55646043911717,27.120327205670485,-48.7043894043297,-14.109411590695181,-6.133619559858374,-31.2686182600511,-68.94742055488328
2025,30,61.79,28.51,71.71,57.26,162.00999999999993,24.96,88.81000000000002,23.06714285714286,-22.583333333333336,-50.30999999999999,-2.647777777777776,-7.315555555555555,-75.54111111111109,82.35615384615384,35.51461538461538,64.46410256410256,53.162564102564104,182.3348717948718,28.297179487179484,87.50175824175824,22.842307692307692,0.22222222222222854,-40.893276353276335,-8.790683760683748,-10.994017094017067,-49.461737891737855,97.80533333333332,32.00266666666667,66.33333333333333,55.07333333333334,196.1413333333333,37.406666666666666,84.71019047619048,28.437523809523807,9.041851851851831,-47.31859259259258,-10.957407407407402,-12.952296296296296,-49.23414814814815,81.69999031867688,31.63654296087132,60.909596611536905,58.36579830576845,174.24612989108508,35.01588221056878,86.04033008701667,25.795174206189134,-7.689819730177945,-48.7043894043297,-14.109411590695181,-6.133619559858374,-70.50362072520286
2025,31,56.96,61.79,28.51,71.71,147.25999999999993,18.03,91.88571428571429,22.40857142857143,-11.44222222222222,-22.583333333333336,-50.30999999999999,-2.647777777777776,-84.33555555555554,79.42025641025641,82.35615384615384,35.51461538461538,64.46410256410256,197.29102564102564,23.783076923076923,90.07864468864469,22.261501831501832,5.446039886039898,0.22222222222222854,-40.893276353276335,-8.790683760683748,-35.22501424501421,92.58466666666666,97.80533333333332,32.00266666666667,66.33333333333333,222.39266666666663,30.41466666666667,88.54914285714285,27.485142857142858,13.548666666666662,9.041851851851831,-47.31859259259258,-10.957407407407402,-24.728074074074087,80.10401774909238,81.69999031867688,31.63654296087132,60.909596611536905,193.44055102864056,29.0917410246067,90.3400185558693,24.876559903186767,3.5963695934740656,-7.689819730177945,-48.7043894043297,-14.109411590695181,-52.79783954103361
2025,32,60.22,56.96,61.79,28.51,178.96999999999994,25.01,90.58142857142856,22.744285714285716,-20.50222222222223,-11.44222222222222,-22.583333333333336,-50.30999999999999,-54.527777777777786,71.35974358974359,79.42025641025641,82.35615384615384,35.51461538461538,233.13615384615383,29.334871794871795,88.91959706959706,22.633736263736264,-19.18544159544159,5.446039886039898,0.22222222222222854,-40.893276353276335,-13.517179487179462,76.65533333333333,92.58466666666666,97.80533333333332,32.00266666666667,267.0453333333333,30.721999999999998,86.73428571428572,28.064666666666668,-24.11259259259259,13.548666666666662,9.041851851851831,-47.31859259259258,-1.522074074074098,68.42367244856797,80.10401774909238,81.69999031867688,31.63654296087132,230.2276805163372,28.452471964501818,88.9648030888031,25.315093643750362,-25.34288449643674,3.5963695934740656,-7.689819730177945,-48.7043894043297,-29.436334633140646
2025,33,38.72,60.22,56.96,61.79,155.89999999999995,16.65,88.14857142857143,22.654285714285713,-23.900000000000006,-20.50222222222223,-11.44222222222222,-22.583333333333336,-55.844444444444456,58.95076923076923,71.35974358974359,79.42025641025641,82.35615384615384,209.73076923076923,22.74102564102564,87.59930402930404,22.255934065934063,-17.84649572649571,-19.18544159544159,5.446039886039898,0.22222222222222854,-31.5858974358974,60.279333333333334,76.65533333333333,92.58466666666666,97.80533333333332,229.51933333333332,23.47533333333333,86.01952380952382,27.73019047619048,-23.445407407407394,-24.11259259259259,13.548666666666662,9.041851851851831,-34.00933333333332,49.65328761597418,68.42367244856797,80.10401774909238,81.69999031867688,198.1809778136345,19.40204033884631,87.17391863078431,25.106673543479516,-24.996322172919193,-25.34288449643674,3.5963695934740656,-7.689819730177945,-46.742837075881894
2025,34,61.78,38.72,60.22,56.96,160.71999999999994,20.49,90.99714285714286,21.895714285714288,-3.6566666666666663,-23.900000000000006,-20.50222222222223,-11.44222222222222,-48.0588888888889,59.53307692307692,58.95076923076923,71.35974358974359,79.42025641025641,189.84358974358975,19.033589743589744,89.05190476190477,21.757802197802196,-12.33632478632478,-17.84649572649571,-19.18544159544159,5.446039886039898,-49.36826210826208,59.208666666666666,60.279333333333334,76.65533333333333,92.58466666666666,196.14333333333332,19.64333333333333,87.15276190476192,27.24857142857143,-19.67666666666667,-23.445407407407394,-24.11259259259259,13.548666666666662,-67.23466666666666,61.58322872125857,49.65328761597418,68.42367244856797,80.10401774909238,179.6601887858007,19.135948366276725,89.2307301331182,24.450605889471564,-11.812891219577786,-24.996322172919193,-25.34288449643674,3.5963695934740656,-62.152097888933746
2025,35,28.869999999999997,61.78,38.72,60.22,129.36999999999995,14.56,87.61,22.551428571428573,-12.366666666666674,-3.6566666666666663,-23.900000000000006,-20.50222222222223,-39.923333333333346,44.73179487179487,59.53307692307692,58.95076923076923,71.35974358974359,163.21564102564102,18.439999999999998,87.26728937728937,21.976080586080585,-6.306495726495719,-12.33632478632478,-17.84649572649571,-19.18544159544159,-36.48931623931621,45.074666666666666,59.208666666666666,60.279333333333334,76.65533333333333,164.56266666666664,22.23,84.85295238095237,27.740666666666666,-10.223111111111109,-19.67666666666667,-23.445407407407394,-24.11259259259259,-53.34518518518517,38.859213392496976,61.58322872125857,49.65328761597418,68.42367244856797,150.0957297297297,19.14683582089552,86.36765366219097,25.021220077220082,-9.602591367486887,-11.812891219577786,-24.996322172919193,-25.34288449643674,-46.411804759983895
2025,36,63.3,28.869999999999997,61.78,38.72,153.94999999999993,14.6,93.38714285714286,22.027142857142856,22.806666666666665,-12.366666666666674,-3.6566666666666663,-23.900000000000006,6.783333333333324,83.94076923076923,44.73179487179487,59.53307692307692,58.95076923076923,188.20564102564103,24.80717948717949,90.80996336996337,21.841758241758242,34.50903133903136,-6.306495726495719,-12.33632478632478,-17.84649572649571,15.86621082621086,95.92466666666665,45.074666666666666,59.208666666666666,60.279333333333334,200.20799999999997,29.961333333333336,88.70704761904763,27.35504761904762,40.01207407407406,-10.223111111111109,-19.67666666666667,-23.445407407407394,10.112296296296279,74.94570068576039,38.859213392496976,61.58322872125857,49.65328761597418,175.3881427995159,20.189874142799518,91.23904927101941,24.630806546418487,28.647344269642765,-9.602591367486887,-11.812891219577786,-24.996322172919193,7.231861682578064
2025,37,63.07,63.3,28.869999999999997,61.78,155.23999999999992,22.54,91.24428571428572,21.012857142857143,32.16555555555556,22.806666666666665,-12.366666666666674,-3.6566666666666663,42.60555555555555,79.90717948717949,83.94076923076923,44.73179487179487,59.53307692307692,208.5797435897436,41.237435897435894,90.01402930402931,20.685860805860806,37.08743589743591,34.50903133903136,-6.306495726495719,-12.33632478632478,65.28997150997155,102.30333333333333,95.92466666666665,45.074666666666666,59.208666666666666,243.30266666666665,53.10333333333333,89.72104761904762,26.100761904761903,50.79066666666667,40.01207407407406,-10.223111111111109,-19.67666666666667,80.57962962962961,84.31798628479225,74.94570068576039,38.859213392496976,61.58322872125857,198.1229003630496,41.17814925373134,90.93235256151675,23.381902956261165,44.6336114920891,28.647344269642765,-9.602591367486887,-11.812891219577786,63.67836439424495
2025,38,1.97,63.07,63.3,28.869999999999997,128.33999999999995,1.16,88.46714285714286,22.33142857142857,-32.98666666666666,32.16555555555556,22.806666666666665,-12.366666666666674,21.985555555555564,8.993333333333334,79.90717948717949,83.94076923076923,44.73179487179487,172.84128205128206,5.763846153846154,85.78432234432235,21.9878021978022,-41.19769230769229,37.08743589743591,34.50903133903136,-6.306495726495719,30.398774928774984,9.285333333333334,102.30333333333333,95.92466666666665,45.074666666666666,207.5133333333333,7.201333333333334,84.64276190476191,27.607047619047616,-46.34548148148148,50.79066666666667,40.01207407407406,-10.223111111111109,44.457259259259246,3.968972972972973,84.31798628479225,74.94570068576039,38.859213392496976,163.23265994352556,2.5749834610730136,86.81115691811216,24.851643865614015,-41.034741427995165,44.6336114920891,28.647344269642765,-9.602591367486887,32.24621433373667
2025,39,145.51,1.97,63.07,63.3,210.54999999999995,69.53,87.88,20.807142857142857,119.1211111111111,-32.98666666666666,32.16555555555556,22.806666666666665,118.30000000000001,84.13846153846154,8.993333333333334,79.90717948717949,83.94076923076923,173.03897435897437,39.683846153846154,87.37626373626374,20.315897435897437,46.10165242165244,-41.19769230769229,37.08743589743591,34.50903133903136,41.991396011396056,102.348,9.285333333333334,102.30333333333333,95.92466666666665,213.93666666666667,49.556000000000004,87.34304761904762,26.085714285714285,60.306666666666665,-46.34548148148148,50.79066666666667,40.01207407407406,64.75185185185185,137.2092303348124,3.968972972972973,84.31798628479225,74.94570068576039,225.4961895925776,65.8620774505849,87.86580913963004,23.28086474961102,102.35819264040157,-41.034741427995165,44.6336114920891,28.647344269642765,105.95706270449548
2025,40,1.4,145.51,1.97,63.07,148.87999999999997,0.54,84.40285714285714,19.885714285714283,-24.764444444444447,119.1211111111111,-32.98666666666666,32.16555555555556,61.370000000000005,6.075128205128205,84.13846153846154,8.993333333333334,79.90717948717949,99.20692307692309,3.782820512820513,81.49879120879122,18.448315018315018,-39.28774928774928,46.10165242165244,-41.19769230769229,37.08743589743591,-34.38378917378913,7.031333333333333,102.348,9.285333333333334,102.30333333333333,118.66466666666668,4.062666666666667,83.91047619047619,24.333809523809524,-40.669777777777774,60.306666666666665,-46.34548148148148,50.79066666666667,-26.708592592592588,3.708277531262606,137.2092303348124,3.968972972972973,84.31798628479225,144.88648083904795,2.0028906817265026,84.24208448106955,21.926786492249175,-32.5818416924387,102.35819264040157,-41.034741427995165,44.6336114920891,28.74160951996768
2025,41,0.0,1.4,145.51,1.97,146.90999999999997,0.0,82.02857142857144,19.312857142857144,-10.584444444444445,-24.764444444444447,119.1211111111111,-32.98666666666666,83.77222222222221,0.0002564102564102564,6.075128205128205,84.13846153846154,8.993333333333334,90.21384615384616,0.0002564102564102564,81.1450183150183,18.283076923076923,-19.22846153846153,-39.28774928774928,46.10165242165244,-41.19769230769229,-12.41455840455837,0.0,7.031333333333333,102.348,9.285333333333334,109.37933333333334,0.0,79.52209523809523,23.816095238095237,-20.765851851851853,-40.669777777777774,60.306666666666665,-46.34548148148148,-1.1289629629629623,0.0,3.708277531262606,137.2092303348124,3.968972972972973,140.91750786607497,0.0,80.8982181755316,21.4144741543249,-13.825620456277173,-32.5818416924387,102.35819264040157,-41.034741427995165,55.95073049168567
2025,42,0.0,0.0,1.4,145.51,1.3999999999999715,0.0,78.53428571428572,19.71857142857143,-7.234444444444443,-10.584444444444445,-24.764444444444447,119.1211111111111,-42.583333333333336,0.1282051282051282,0.0002564102564102564,6.075128205128205,84.13846153846154,6.203589743589744,0.1123076923076923,76.1815750915751,18.324835164835164,-14.272820512820505,-19.22846153846153,-39.28774928774928,46.10165242165244,-72.78903133903131,0.10600000000000001,0.0,7.031333333333333,102.348,7.1373333333333475,0.09466666666666666,75.34238095238096,24.644190476190477,-14.876074074074078,-20.765851851851853,-40.669777777777774,60.306666666666665,-76.31170370370371,0.06245905607099638,0.0,3.708277531262606,137.2092303348124,3.770736587333574,0.04953287615974184,76.59238863597072,22.026577421771453,-9.902708798350588,-13.825620456277173,-32.5818416924387,102.35819264040157,-56.31017094706649
2025,43,71.06,0.0,0.0,1.4,71.05999999999997,31.88,83.83428571428571,17.928571428571427,70.96666666666667,-7.234444444444443,-10.584444444444445,-24.764444444444447,53.147777777777776,55.37384615384615,0.1282051282051282,0.0002564102564102564,6.075128205128205,55.50230769230769,26.835641025641024,80.3598901098901,17.063882783882782,55.15763532763533,-14.272820512820505,-19.22846153846153,-39.28774928774928,21.6563532763533,62.49733333333333,0.10600000000000001,0.0,7.031333333333333,62.603333333333346,32.43533333333333,82.47171428571428,22.88190476190476,62.31770370370369,-14.876074074074078,-20.765851851851853,-40.669777777777774,26.675777777777768,58.364630092779336,0.06245905607099638,0.0,3.708277531262606,58.42708914885031,27.439802339653085,82.4693044430358,20.283327954820496,58.24338102281385,-9.902708798350588,-13.825620456277173,-32.5818416924387,34.51505176818606
2025,44,0.79,71.06,0.0,0.0,71.84999999999998,0.65,79.36428571428571,17.740000000000002,0.6888888888888901,70.96666666666667,-7.234444444444443,-10.584444444444445,64.42111111111112,0.6694871794871795,55.37384615384615,0.1282051282051282,0.0002564102564102564,56.171538461538454,0.4315384615384615,76.08875457875459,15.945787545787544,0.4980056980057075,55.15763532763533,-14.272820512820505,-19.22846153846153,41.38282051282054,0.37266666666666665,62.49733333333333,0.10600000000000001,0.0,62.97600000000001,0.26066666666666666,79.00990476190476,21.454761904761902,0.1964444444444397,62.31770370370369,-14.876074074074078,-20.765851851851853,47.638074074074055,0.49701411859620814,58.364630092779336,0.06245905607099638,0.0,58.92410326744651,0.40150302541347316,78.61598236616146,19.36699441018844,0.38472789207117564,58.24338102281385,-9.902708798350588,-13.825620456277173,48.72540011653441
2025,45,0.0,0.79,71.06,0.0,71.84999999999998,0.0,74.05285714285715,15.234285714285717,-0.0966666666666655,0.6888888888888901,70.96666666666667,-7.234444444444443,71.55888888888889,0.0,0.6694871794871795,55.37384615384615,0.1282051282051282,56.04333333333333,0.0,66.55875457875459,13.580183150183151,-0.17988603988603039,0.4980056980057075,55.15763532763533,-14.272820512820505,55.47575498575502,0.0,0.37266666666666665,62.49733333333333,0.10600000000000001,62.87000000000001,0.0,73.0352380952381,18.875714285714288,-0.19985185185185658,0.1964444444444397,62.31770370370369,-14.876074074074078,62.314296296296284,0.0,0.49701411859620814,58.364630092779336,0.06245905607099638,58.86164421137551,0.0,72.62844649340173,16.863770875352966,-0.1104240060956479,0.38472789207117564,58.24338102281385,-9.902708798350588,58.51768490878935
2025,46,0.0,0.0,0.79,71.06,0.7899999999999716,0.0,81.52142857142857,14.588571428571427,-0.13555555555555437,-0.0966666666666655,0.6888888888888901,70.96666666666667,0.4566666666666702,0.08871794871794872,0.0,0.6694871794871795,55.37384615384615,0.7582051282051282,0.054615384615384614,74.2478021978022,13.449853479853479,-0.7129059829059734,-0.17988603988603039,0.4980056980057075,55.15763532763533,-0.39478632478628917,0.036000000000000004,0.0,0.37266666666666665,62.49733333333333,0.40866666666668083,0.025333333333333333,75.534,19.049714285714284,-0.22340740740741213,-0.19985185185185658,0.1964444444444397,62.31770370370369,-0.2268148148148219,0.003106897942718838,0.0,0.49701411859620814,58.364630092779336,0.5001210165388985,0.0019257765227914485,78.10847818820955,16.623135826658213,-0.1855595894401864,-0.1104240060956479,0.38472789207117564,58.24338102281385,0.0887442965353129
2025,47,0.0,0.0,0.0,0.79,0.0,0.0,74.86428571428571,13.87,-0.48555555555555435,-0.13555555555555437,-0.0966666666666655,0.6888888888888901,-0.7177777777777743,0.0,0.08871794871794872,0.0,0.6694871794871795,0.08871794871794872,0.0,63.485347985347985,12.654981684981685,-1.2066096866096772,-0.7129059829059734,-0.17988603988603039,0.4980056980057075,-2.0994017094016737,0.0,0.036000000000000004,0.0,0.37266666666666665,0.036000000000014215,0.0,69.25533333333333,18.085142857142856,-0.6122222222222269,-0.22340740740741213,-0.19985185185185658,0.1964444444444397,-1.0354814814814886,0.0,0.003106897942718838,0.0,0.49701411859620814,0.003106897942690416,0.0,71.35731838875122,15.797294876966516,-0.5195050871767289,-0.1855595894401864,-0.1104240060956479,0.38472789207117564,-0.8154886827125917
2025,48,0.0,0.0,0.0,0.0,0.0,0.0,66.64285714285714,12.82,-0.48666666666666547,-0.48555555555555435,-0.13555555555555437,-0.0966666666666655,-1.1077777777777742,0.0,0.0,0.08871794871794872,0.0,0.08871794871794872,0.0,59.73941391941391,11.451318681318682,-1.314529914529905,-1.2066096866096772,-0.7129059829059734,-0.17988603988603039,-3.2340455840455484,0.0,0.0,0.036000000000000004,0.0,0.036000000000014215,0.0,66.75428571428571,16.261904761904763,-0.6730370370370418,-0.6122222222222269,-0.22340740740741213,-0.19985185185185658,-1.5086666666666737,0.0,0.0,0.003106897942718838,0.0,0.003106897942690416,0.0,65.9071902264738,14.31210476574656,-0.5727359598404375,-0.5195050871767289,-0.1855595894401864,-0.1104240060956479,-1.277800636457381
2025,49,0.0,0.0,0.0,0.0,0.0,0.0,70.94428571428571,12.781428571428572,-0.4366666666666655,-0.48666666666666547,-0.48555555555555435,-0.13555555555555437,-1.4088888888888853,0.0,0.0,0.0,0.08871794871794872,0.0,0.0,59.7710989010989,11.721941391941392,-0.6398290598290504,-1.314529914529905,-1.2066096866096772,-0.7129059829059734,-3.1609686609686256,0.0,0.0,0.0,0.036000000000000004,0.0,0.0,65.30847619047618,16.834857142857143,-0.5382222222222269,-0.6730370370370418,-0.6122222222222269,-0.22340740740741213,-1.8234814814814886,0.0,0.0,0.0,0.003106897942718838,0.0,0.0,67.66557724889067,14.643299141358844,-0.4358262740352293,-0.5727359598404375,-0.5195050871767289,-0.1855595894401864,-1.528067321052424
2025,50,0.0,0.0,0.0,0.0,0.0,0.0,74.23285714285714,11.53,-3.108888888888888,-0.4366666666666655,-0.48666666666666547,-0.48555555555555435,-4.032222222222219,0.0,0.0,0.0,0.0,0.0,0.0,62.036813186813184,11.304468864468864,-2.423589743589734,-0.6398290598290504,-1.314529914529905,-1.2066096866096772,-4.377948717948682,0.0,0.0,0.0,0.0,0.0,0.0,71.05047619047619,15.32647619047619,-2.220518518518524,-0.5382222222222269,-0.6730370370370418,-0.6122222222222269,-3.4317777777777856,0.0,0.0,0.0,0.0,0.0,0.0,72.01484584798017,13.236729441595111,-2.9019448702433777,-0.4358262740352293,-0.5727359598404375,-0.5195050871767289,-3.910507104119073
2025,51,0.0,0.0,0.0,0.0,0.0,0.0,75.35857142857142,10.782857142857145,-3.1433333333333326,-3.108888888888888,-0.4366666666666655,-0.48666666666666547,-6.688888888888886,0.0,0.0,0.0,0.0,0.0,0.0,61.71,10.065604395604396,-3.093817663817654,-2.423589743589734,-0.6398290598290504,-1.314529914529905,-6.157236467236432,0.0,0.0,0.0,0.0,0.0,0.0,71.7752380952381,14.165904761904761,-2.9869629629629677,-2.220518518518524,-0.5382222222222269,-0.6730370370370418,-5.745703703703711,0.0,0.0,0.0,0.0,0.0,0.0,72.66955074050595,12.25502045755777,-3.349315046389673,-2.9019448702433777,-0.4358262740352293,-0.5727359598404375,-6.687086190668309
